-0.0000000000008819
-0.0000000000011817
-0.0000000000000026
0.0000000000000000
0.0000000000000000
-0.0000000000013733
-0.0000000000000964
-0.0000000000009415
0.0000000000000000
-0.0000000000000035
-0.0000000000000042
0.0000000000000000
-0.0000000000005644
0.0000000000000000
0.0000000000000000
-0.0000000000013368
-0.0000000000005718
-0.0000000000005747
-0.0000000000007377
-0.0000000000007563
0.0000000000000000
-0.0000000000000035
0.0000000000000000
0.0000000000000000
-0.0000000000000026
0.0000000000000000
-0.0000000000005590
-0.0000000000000042
0.0000000000000000
-0.0000000000001496
0.0000000000000000
0.0000000000000000
0.0000000000000000
0.0000000000000000
-0.0000000000004129
-0.0000000000005484
0.0000000000000000
0.0000000000000000
-0.0000000000015027
0.0000000000000000
-0.0000000000011427
-0.0000000000008473
0.0000000000000000
0.0000000000000000
0.0000000000000000
0.0000000000000000
-0.0000000000005843
-0.0000000000005773
-0.0000000000007403
-0.0000000000009678
0.0000000000000000
0.0000000000000000
0.0000000000000000
0.0000000000000000
-0.0000000000000026
0.0000000000000000
0.0000000000000000
-0.0000000000000074
-0.0000000000005753
-0.0000000000008037
-0.0000000000005856
0.0000000000000000
-0.0000000000005571
0.0000000000000000
-0.0000000000014284
-0.0000000000000038
0.0000000000000000
-0.0000000000011420
0.0000000000000000
-0.0000000000010318
0.0000000000000000
-0.0000000000010735
-0.0000000000010331
0.0000000000000000
0.0000000000000000
0.0000000000000000
-0.0000000000000022
-0.0000000000009421
0.0000000000000000
0.0000000000000000
-0.0000000000004824
-0.0000000000011093
0.0000000000000000
-0.0000000000000275
-0.0000000000007377
-0.0000000000000022
-0.0000000000007922
0.0000000000000000
-0.0000000000009735
0.0000000000000000
0.0000000000000000
-0.0000000000009799
0.0000000000000000
0.0000000000000000
0.0000000000000000
-0.0000000000007211
0.0000000000000000
0.0000000000000000
0.0000000000000000
-0.0000000000000548
-0.0000000000009985
-0.0000000000005702
-0.0000000000000029
-0.0000000000009479
0.0000000000000000
-0.0000000000003155
0.0000000000000000
0.0000000000000000
-0.0000000000005606
-0.0000000000000019
-0.0000000000007019
0.0000000000000000
-0.0000000000005494
-0.0000000000014355
0.0000000000000000
-0.0000000000013003
-0.0000000000005763
-0.0000000000004901
-0.0000000000003588
0.0000000000000000
0.0000000000000000
0.0000000000000000
0.0000000000000000
0.0000000000000000
-0.0000000000005712
0.0000000000000000
0.0000000000000000
-0.0000000000011593
0.0000000000000000
-0.0000000000014592
0.0000000000000000
-0.0000000000000029
-0.0000000000005664
0.0000000000000000
0.0000000000000000
0.0000000000000000
-0.0000000000005843
0.0000000000000000
0.0000000000000000
-0.0000000000014989
-0.0000000000010491
-0.0000000000003623
-0.0000000000000026
-0.0000000000012759
-0.0000000000006660
-0.0000000000010914
-0.0000000000014553
-0.0000000000000042
-0.0000000000000029
0.0000000000000000
-0.0000000000002531
0.0000000000000000
-0.0000000000005798
0.0000000000000000
0.0000000000000000
0.0000000000000000
-0.0000000000000042
0.0000000000000000
0.0000000000000000
-0.0000000000015194
-0.0000000000000029
0.0000000000000000
0.0000000000000000
-0.0000000000000042
-0.0000000000001339
-0.0000000000006570
0.0000000000000000
-0.0000000000000051
-0.0000000000000026
-0.0000000000000029
0.0000000000000000
0.0000000000000000
0.0000000000000000
-0.0000000000000029
0.0000000000000000
0.0000000000000000
0.0000000000000000
0.0000000000000000
0.0000000000000000
0.0000000000000000
0.0000000000000000
0.0000000000000000
-0.0000000000006103
0.0000000000000000
0.0000000000000000
-0.0000000000012054
0.0000000000000000
0.0000000000000000
0.0000000000000000
0.0000000000000000
0.0000000000000000
0.0000000000000000
-0.0000000000009268
-0.0000000000005830
-0.0000000000000042
0.0000000000000000
-0.0000000000005789
0.0000000000000000
0.0000000000000000
0.0000000000000000
-0.0000000000008934
-0.0000000000008537
-0.0000000000000019
0.0000000000000000
-0.0000000000005689
-0.0000000000000022
-0.0000000000010767
0.0000000000000000
0.0000000000000000
0.0000000000000000
-0.0000000000005757
-0.0000000000015706
-0.0000000000005609
0.0000000000000000
0.0000000000000000
0.0000000000000000
-0.0000000000006673
0.0000000000000000
-0.0000000000003424
0.0000000000000000
-0.0000000000012753
-0.0000000000000029
0.0000000000000000
0.0000000000000000
0.0000000000000000
0.0000000000000000
-0.0000000000010177
-0.0000000000000077
-0.0000000000000054
0.0000000000000000
0.0000000000000000
-0.0000000000014765
0.0000000000000000
0.0000000000000000
0.0000000000000000
-0.0000000000010164
-0.0000000000000022
-0.0000000000005776
0.0000000000000000
-0.0000000000014496
0.0000000000000000
0.0000000000000000
-0.0000000000005849
0.0000000000000000
0.0000000000000000
-0.0000000000005648
0.0000000000000000
-0.0000000000012029
0.0000000000000000
-0.0000000000000070
-0.0000000000000788
-0.0000000000006237
0.0000000000000000
-0.0000000000005705
0.0000000000000000
0.0000000000000000
0.0000000000000000
-0.0000000000001467
-0.0000000000000282
0.0000000000000000
-0.0000000000009447
0.0000000000000000
-0.0000000000008665
-0.0000000000012099
-0.0000000000000016
-0.0000000000010895
-0.0000000000014553
-0.0000000000003213
-0.0000000000000026
-0.0000000000007736
-0.0000000000011298
-0.0000000000000122
-0.0000000000000029
0.0000000000000000
0.0000000000000000
0.0000000000000000
0.0000000000000000
0.0000000000000000
-0.0000000000002781
0.0000000000000000
0.0000000000000000
0.0000000000000000
-0.0000000000000080
-0.0000000000015463
-0.0000000000011753
0.0000000000000000
0.0000000000000000
-0.0000000000010575
-0.0000000000000042
0.0000000000000000
0.0000000000000000
0.0000000000000000
0.0000000000000000
-0.0000000000005664
-0.0000000000005721
-0.0000000000000026
-0.0000000000005206
0.0000000000000000
-0.0000000000006276
0.0000000000000000
0.0000000000000000
-0.0000000000006891
0.0000000000000000
0.0000000000000000
0.0000000000000000
0.0000000000000000
-0.0000000000005347
-0.0000000000005564
-0.0000000000000026
0.0000000000000000
0.0000000000000000
-0.0000000000010946
0.0000000000000000
-0.0000000000000029
-0.0000000000000468
0.0000000000000000
-0.0000000000000029
-0.0000000000012785
-0.0000000000015418
-0.0000000000002217
0.0000000000000000
0.0000000000000000
0.0000000000000000
-0.0000000000005891
-0.0000000000000054
0.0000000000000000
0.0000000000000000
0.0000000000000000
0.0000000000000000
-0.0000000000008332
0.0000000000000000
0.0000000000000000
-0.0000000000006692
-0.0000000000004683
0.0000000000000000
-0.0000000000002271
-0.0000000000005577
-0.0000000000006903
-0.0000000000013118
-0.0000000000015296
-0.0000000000005190
0.0000000000000000
0.0000000000000000
-0.0000000000011805
-0.0000000000000032
0.0000000000000000
0.0000000000000000
0.0000000000000000
-0.0000000000013233
0.0000000000000000
0.0000000000000000
-0.0000000000001525
0.0000000000000000
-0.0000000000012887
0.0000000000000000
0.0000000000000000
0.0000000000000000
-0.0000000000005648
0.0000000000000000
0.0000000000000000
-0.0000000000000666
0.0000000000000000
0.0000000000000000
0.0000000000000000
0.0000000000000000
0.0000000000000000
0.0000000000000000
-0.0000000000012734
0.0000000000000000
0.0000000000000000
-0.0000000000005635
-0.0000000000005853
-0.0000000000003383
-0.0000000000014060
-0.0000000000000029
0.0000000000000000
0.0000000000000000
-0.0000000000001329
0.0000000000000000
0.0000000000000000
0.0000000000000000
-0.0000000000013567
-0.0000000000003014
0.0000000000000000
-0.0000000000005801
0.0000000000000000
-0.0000000000004591
0.0000000000000000
-0.0000000000006621
-0.0000000000012996
-0.0000000000005910
0.0000000000000000
0.0000000000000000
0.0000000000000000
0.0000000000000000
-0.0000000000005600
-0.0000000000004408
-0.0000000000005734
-0.0000000000001054
0.0000000000000000
0.0000000000000000
-0.0000000000004546
0.0000000000000000
-0.0000000000002829
0.0000000000000000
0.0000000000000000
-0.0000000000005606
-0.0000000000009812
0.0000000000000000
-0.0000000000005718
-0.0000000000000907
-0.0000000000010414
0.0000000000000000
0.0000000000000000
0.0000000000000000
0.0000000000000000
-0.0000000000014560
-0.0000000000000035
0.0000000000000000
0.0000000000000000
-0.0000000000009985
0.0000000000000000
0.0000000000000000
-0.0000000000007102
-0.0000000000004443
0.0000000000000000
0.0000000000000000
0.0000000000000000
-0.0000000000005651
-0.0000000000007371
0.0000000000000000
-0.0000000000011407
-0.0000000000005744
0.0000000000000000
0.0000000000000000
-0.0000000000015476
0.0000000000000000
0.0000000000000000
0.0000000000000000
-0.0000000000001640
-0.0000000000005673
0.0000000000000000
-0.0000000000013400
-0.0000000000007012
-0.0000000000005612
-0.0000000000002015
0.0000000000000000
0.0000000000000000
0.0000000000000000
-0.0000000000000038
0.0000000000000000
0.0000000000000000
-0.0000000000000038
-0.0000000000005068
-0.0000000000005833
-0.0000000000004805
0.0000000000000000
0.0000000000000000
0.0000000000000000
-0.0000000000000038
-0.0000000000004385
0.0000000000000000
0.0000000000000000
0.0000000000000000
0.0000000000000000
-0.0000000000012759
0.0000000000000000
-0.0000000000003870
-0.0000000000005356
0.0000000000000000
-0.0000000000010158
-0.0000000000010888
-0.0000000000013297
0.0000000000000000
-0.0000000000005910
-0.0000000000000058
0.0000000000000000
-0.0000000000000022
-0.0000000000013932
-0.0000000000005552
0.0000000000000000
-0.0000000000005664
0.0000000000000000
-0.0000000000000070
0.0000000000000000
-0.0000000000000026
0.0000000000000000
0.0000000000000000
-0.0000000000009812
-0.0000000000003351
-0.0000000000005808
-0.0000000000000022
0.0000000000000000
-0.0000000000001105
-0.0000000000012010
-0.0000000000000070
-0.0000000000000471
0.0000000000000000
0.0000000000000000
0.0000000000000000
-0.0000000000008159
0.0000000000000000
-0.0000000000015476
0.0000000000000000
-0.0000000000013477
-0.0000000000007807
-0.0000000000004184
-0.0000000000014624
-0.0000000000001419
-0.0000000000002415
-0.0000000000014169
0.0000000000000000
0.0000000000000000
0.0000000000000000
-0.0000000000005596
-0.0000000000013804
-0.0000000000006794
0.0000000000000000
-0.0000000000001410
0.0000000000000000
0.0000000000000000
0.0000000000000000
-0.0000000000003082
-0.0000000000000054
0.0000000000000000
0.0000000000000000
-0.0000000000001265
0.0000000000000000
-0.0000000000000621
-0.0000000000005667
-0.0000000000012804
-0.0000000000007608
0.0000000000000000
-0.0000000000005548
-0.0000000000015604
0.0000000000000000
0.0000000000000000
0.0000000000000000
0.0000000000000000
-0.0000000000013720
0.0000000000000000
0.0000000000000000
-0.0000000000006500
0.0000000000000000
-0.0000000000000096
-0.0000000000013663
-0.0000000000005113
-0.0000000000000032
0.0000000000000000
0.0000000000000000
0.0000000000000000
0.0000000000000000
0.0000000000000000
-0.0000000000014406
-0.0000000000000032
-0.0000000000014316
-0.0000000000010158
0.0000000000000000
0.0000000000000000
-0.0000000000000061
0.0000000000000000
0.0000000000000000
0.0000000000000000
-0.0000000000000019
0.0000000000000000
0.0000000000000000
0.0000000000000000
0.0000000000000000
0.0000000000000000
-0.0000000000013310
0.0000000000000000
0.0000000000000000
0.0000000000000000
0.0000000000000000
-0.0000000000005651
0.0000000000000000
0.0000000000000000
-0.0000000000005910
0.0000000000000000
-0.0000000000000042
0.0000000000000000
-0.0000000000008114
-0.0000000000005910
-0.0000000000000026
0.0000000000000000
-0.0000000000000042
-0.0000000000012394
0.0000000000000000
0.0000000000000000
0.0000000000000000
-0.0000000000011875
-0.0000000000000628
-0.0000000000015578
0.0000000000000000
0.0000000000000000
-0.0000000000000022
0.0000000000000000
-0.0000000000012279
-0.0000000000000029
0.0000000000000000
0.0000000000000000
0.0000000000000000
-0.0000000000005574
0.0000000000000000
0.0000000000000000
-0.0000000000013733
0.0000000000000000
0.0000000000000000
0.0000000000000000
-0.0000000000000074
0.0000000000000000
-0.0000000000008223
-0.0000000000000070
-0.0000000000001999
-0.0000000000005747
0.0000000000000000
-0.0000000000005516
-0.0000000000000042
-0.0000000000007659
0.0000000000000000
-0.0000000000000420
-0.0000000000000961
0.0000000000000000
-0.0000000000005789
-0.0000000000011407
-0.0000000000001400
0.0000000000000000
0.0000000000000000
-0.0000000000005571
0.0000000000000000
-0.0000000000000054
0.0000000000000000
-0.0000000000007057
0.0000000000000000
0.0000000000000000
0.0000000000000000
-0.0000000000001204
-0.0000000000007826
-0.0000000000009851
0.0000000000000000
0.0000000000000000
-0.0000000000013573
-0.0000000000010421
-0.0000000000005705
-0.0000000000014476
-0.0000000000000090
-0.0000000000000026
0.0000000000000000
0.0000000000000000
-0.0000000000005628
-0.0000000000003508
-0.0000000000005910
-0.0000000000010395
0.0000000000000000
-0.0000000000002044
0.0000000000000000
-0.0000000000012413
-0.0000000000005725
-0.0000000000012195
-0.0000000000011920
0.0000000000000000
0.0000000000000000
-0.0000000000000035
0.0000000000000000
-0.0000000000007377
0.0000000000000000
0.0000000000000000
-0.0000000000000042
-0.0000000000005715
0.0000000000000000
-0.0000000000005676
0.0000000000000000
-0.0000000000000026
0.0000000000000000
-0.0000000000000138
0.0000000000000000
0.0000000000000000
-0.0000000000005875
-0.0000000000000070
-0.0000000000013874
-0.0000000000005436
0.0000000000000000
0.0000000000000000
0.0000000000000000
0.0000000000000000
0.0000000000000000
0.0000000000000000
-0.0000000000011529
-0.0000000000000967
-0.0000000000000721
0.0000000000000000
0.0000000000000000
0.0000000000000000
0.0000000000000000
-0.0000000000014617
0.0000000000000000
-0.0000000000015546
0.0000000000000000
-0.0000000000004901
-0.0000000000000029
-0.0000000000007224
0.0000000000000000
-0.0000000000000022
0.0000000000000000
0.0000000000000000
0.0000000000000000
-0.0000000000011574
-0.0000000000009351
-0.0000000000003527
-0.0000000000005500
-0.0000000000000048
0.0000000000000000
-0.0000000000005593
0.0000000000000000
-0.0000000000000035
-0.0000000000000067
-0.0000000000007775
-0.0000000000006718
0.0000000000000000
-0.0000000000003678
-0.0000000000001611
-0.0000000000008300
0.0000000000000000
0.0000000000000000
0.0000000000000000
-0.0000000000008031
-0.0000000000000029
0.0000000000000000
0.0000000000000000
-0.0000000000000022
0.0000000000000000
-0.0000000000008665
0.0000000000000000
-0.0000000000009408
0.0000000000000000
-0.0000000000000029
-0.0000000000005779
0.0000000000000000
-0.0000000000005702
0.0000000000000000
0.0000000000000000
-0.0000000000009690
-0.0000000000000029
-0.0000000000000051
0.0000000000000000
0.0000000000000000
-0.0000000000003498
0.0000000000000000
0.0000000000000000
-0.0000000000005702
-0.0000000000013836
0.0000000000000000
0.0000000000000000
-0.0000000000005811
-0.0000000000005712
-0.0000000000005766
0.0000000000000000
0.0000000000000000
0.0000000000000000
-0.0000000000007890
0.0000000000000000
-0.0000000000003136
0.0000000000000000
0.0000000000000000
-0.0000000000000019
-0.0000000000005721
-0.0000000000002069
-0.0000000000005164
-0.0000000000004158
-0.0000000000004965
-0.0000000000009530
-0.0000000000000029
-0.0000000000000051
0.0000000000000000
0.0000000000000000
0.0000000000000000
-0.0000000000004347
0.0000000000000000
-0.0000000000005718
0.0000000000000000
0.0000000000000000
0.0000000000000000
-0.0000000000000125
0.0000000000000000
-0.0000000000005667
0.0000000000000000
-0.0000000000002419
-0.0000000000007890
0.0000000000000000
0.0000000000000000
0.0000000000000000
-0.0000000000007256
0.0000000000000000
0.0000000000000000
0.0000000000000000
0.0000000000000000
0.0000000000000000
0.0000000000000000
0.0000000000000000
0.0000000000000000
-0.0000000000010587
0.0000000000000000
-0.0000000000002982
-0.0000000000012676
-0.0000000000006647
-0.0000000000001022
-0.0000000000005686
0.0000000000000000
0.0000000000000000
-0.0000000000005824
-0.0000000000003783
0.0000000000000000
-0.0000000000000029
0.0000000000000000
-0.0000000000008524
0.0000000000000000
-0.0000000000000032
0.0000000000000000
-0.0000000000000026
0.0000000000000000
-0.0000000000000042
-0.0000000000013189
-0.0000000000005587
0.0000000000000000
0.0000000000000000
-0.0000000000003386
-0.0000000000004443
0.0000000000000000
-0.0000000000000022
0.0000000000000000
-0.0000000000000183
-0.0000000000007384
0.0000000000000000
-0.0000000000011093
-0.0000000000005561
0.0000000000000000
0.0000000000000000
0.0000000000000000
0.0000000000000000
0.0000000000000000
-0.0000000000005580
-0.0000000000000032
0.0000000000000000
0.0000000000000000
0.0000000000000000
-0.0000000000002166
0.0000000000000000
-0.0000000000007813
0.0000000000000000
0.0000000000000000
-0.0000000000003815
0.0000000000000000
0.0000000000000000
0.0000000000000000
-0.0000000000006852
0.0000000000000000
-0.0000000000015591
0.0000000000000000
-0.0000000000007192
0.0000000000000000
0.0000000000000000
0.0000000000000000
0.0000000000000000
0.0000000000000000
0.0000000000000000
-0.0000000000005552
-0.0000000000013317
-0.0000000000004168
0.0000000000000000
-0.0000000000005827
0.0000000000000000
0.0000000000000000
-0.0000000000005571
0.0000000000000000
0.0000000000000000
0.0000000000000000
0.0000000000000000
-0.0000000000004094
-0.0000000000001086
0.0000000000000000
0.0000000000000000
-0.0000000000013156
-0.0000000000005619
-0.0000000000005760
-0.0000000000013797
0.0000000000000000
0.0000000000000000
-0.0000000000009005
0.0000000000000000
-0.0000000000000029
0.0000000000000000
-0.0000000000008922
-0.0000000000004847
0.0000000000000000
-0.0000000000005471
0.0000000000000000
-0.0000000000004629
-0.0000000000013509
-0.0000000000000080
-0.0000000000005004
0.0000000000000000
-0.0000000000005750
-0.0000000000012977
-0.0000000000005542
-0.0000000000002204
-0.0000000000013265
0.0000000000000000
0.0000000000000000
0.0000000000000000
-0.0000000000005910
-0.0000000000004462
0.0000000000000000
-0.0000000000005660
-0.0000000000006654
0.0000000000000000
-0.0000000000006391
0.0000000000000000
-0.0000000000005500
-0.0000000000009819
0.0000000000000000
0.0000000000000000
-0.0000000000010946
-0.0000000000010703
-0.0000000000000026
-0.0000000000005632
-0.0000000000007986
-0.0000000000000029
0.0000000000000000
-0.0000000000006231
0.0000000000000000
0.0000000000000000
0.0000000000000000
-0.0000000000002210
0.0000000000000000
0.0000000000000000
-0.0000000000000432
0.0000000000000000
0.0000000000000000
-0.0000000000014944
0.0000000000000000
0.0000000000000000
-0.0000000000000054
0.0000000000000000
0.0000000000000000
0.0000000000000000
-0.0000000000000897
0.0000000000000000
0.0000000000000000
-0.0000000000005359
0.0000000000000000
-0.0000000000013842
-0.0000000000005590
0.0000000000000000
-0.0000000000004014
-0.0000000000001089
0.0000000000000000
0.0000000000000000
-0.0000000000005763
-0.0000000000000048
-0.0000000000000029
-0.0000000000013509
-0.0000000000000029
-0.0000000000002889
-0.0000000000000042
-0.0000000000014963
0.0000000000000000
-0.0000000000015623
0.0000000000000000
0.0000000000000000
-0.0000000000005734
-0.0000000000000016
0.0000000000000000
0.0000000000000000
-0.0000000000000026
-0.0000000000014880
0.0000000000000000
0.0000000000000000
-0.0000000000000215
-0.0000000000002707
-0.0000000000002745
0.0000000000000000
-0.0000000000005741
0.0000000000000000
0.0000000000000000
-0.0000000000005584
-0.0000000000012119
-0.0000000000015316
-0.0000000000000019
0.0000000000000000
-0.0000000000005632
0.0000000000000000
0.0000000000000000
-0.0000000000014630
0.0000000000000000
0.0000000000000000
0.0000000000000000
-0.0000000000000058
-0.0000000000014271
0.0000000000000000
0.0000000000000000
0.0000000000000000
-0.0000000000006410
-0.0000000000006737
0.0000000000000000
0.0000000000000000
0.0000000000000000
0.0000000000000000
0.0000000000000000
-0.0000000000000038
0.0000000000000000
-0.0000000000001531
0.0000000000000000
-0.0000000000000416
-0.0000000000005747
0.0000000000000000
-0.0000000000000026
0.0000000000000000
-0.0000000000000083
-0.0000000000013502
0.0000000000000000
0.0000000000000000
-0.0000000000004072
0.0000000000000000
0.0000000000000000
0.0000000000000000
-0.0000000000000029
0.0000000000000000
-0.0000000000014720
-0.0000000000008198
-0.0000000000008044
0.0000000000000000
-0.0000000000000051
0.0000000000000000
-0.0000000000000026
-0.0000000000008620
-0.0000000000000042
-0.0000000000005792
-0.0000000000007775
-0.0000000000013374
0.0000000000000000
0.0000000000000000
0.0000000000000000
0.0000000000000000
-0.0000000000005801
-0.0000000000000413
-0.0000000000002877
-0.0000000000011926
0.0000000000000000
-0.0000000000012234
0.0000000000000000
-0.0000000000011093
-0.0000000000005779
-0.0000000000005638
0.0000000000000000
0.0000000000000000
-0.0000000000006448
-0.0000000000000026
-0.0000000000005689
-0.0000000000013592
0.0000000000000000
-0.0000000000000045
-0.0000000000001986
0.0000000000000000
-0.0000000000005853
-0.0000000000011536
-0.0000000000000019
0.0000000000000000
0.0000000000000000
-0.0000000000005577
0.0000000000000000
0.0000000000000000
-0.0000000000004004
0.0000000000000000
0.0000000000000000
-0.0000000000000035
0.0000000000000000
-0.0000000000000029
-0.0000000000004100
0.0000000000000000
0.0000000000000000
0.0000000000000000
0.0000000000000000
0.0000000000000000
0.0000000000000000
-0.0000000000008018
-0.0000000000010344
-0.0000000000000042
0.0000000000000000
-0.0000000000006724
0.0000000000000000
-0.0000000000013054
-0.0000000000005731
0.0000000000000000
0.0000000000000000
0.0000000000000000
-0.0000000000000801
0.0000000000000000
0.0000000000000000
-0.0000000000000032
0.0000000000000000
-0.0000000000000070
0.0000000000000000
-0.0000000000005776
0.0000000000000000
0.0000000000000000
0.0000000000000000
-0.0000000000008652
-0.0000000000006570
-0.0000000000011452
0.0000000000000000
0.0000000000000000
0.0000000000000000
0.0000000000000000
-0.0000000000005401
-0.0000000000008050
0.0000000000000000
0.0000000000000000
0.0000000000000000
-0.0000000000004302
-0.0000000000005910
0.0000000000000000
0.0000000000000000
-0.0000000000005785
0.0000000000000000
0.0000000000000000
-0.0000000000014592
0.0000000000000000
-0.0000000000004876
0.0000000000000000
-0.0000000000002319
-0.0000000000000436
0.0000000000000000
0.0000000000000000
-0.0000000000013080
0.0000000000000000
-0.0000000000003540
-0.0000000000005619
0.0000000000000000
0.0000000000000000
-0.0000000000007595
-0.0000000000007993
-0.0000000000000048
-0.0000000000000026
-0.0000000000007980
-0.0000000000005654
-0.0000000000000048
0.0000000000000000
0.0000000000000000
0.0000000000000000
0.0000000000000000
0.0000000000000000
-0.0000000000002300
-0.0000000000013509
0.0000000000000000
0.0000000000000000
-0.0000000000014041
0.0000000000000000
0.0000000000000000
-0.0000000000001557
0.0000000000000000
0.0000000000000000
-0.0000000000004943
0.0000000000000000
-0.0000000000010542
0.0000000000000000
-0.0000000000014963
0.0000000000000000
0.0000000000000000
0.0000000000000000
-0.0000000000005750
0.0000000000000000
0.0000000000000000
-0.0000000000012932
0.0000000000000000
-0.0000000000013464
0.0000000000000000
0.0000000000000000
0.0000000000000000
-0.0000000000000045
0.0000000000000000
0.0000000000000000
0.0000000000000000
-0.0000000000013682
-0.0000000000005769
0.0000000000000000
0.0000000000000000
0.0000000000000000
-0.0000000000005596
0.0000000000000000
0.0000000000000000
0.0000000000000000
-0.0000000000007326
0.0000000000000000
0.0000000000000000
-0.0000000000009152
0.0000000000000000
0.0000000000000000
-0.0000000000014816
0.0000000000000000
-0.0000000000005846
0.0000000000000000
-0.0000000000015360
-0.0000000000009165
0.0000000000000000
-0.0000000000005705
-0.0000000000005692
0.0000000000000000
-0.0000000000010017
-0.0000000000009588
-0.0000000000010933
0.0000000000000000
-0.0000000000000026
0.0000000000000000
-0.0000000000005750
0.0000000000000000
0.0000000000000000
-0.0000000000000054
0.0000000000000000
0.0000000000000000
0.0000000000000000
-0.0000000000010164
0.0000000000000000
-0.0000000000003854
-0.0000000000015207
0.0000000000000000
0.0000000000000000
0.0000000000000000
-0.0000000000001006
0.0000000000000000
-0.0000000000008057
-0.0000000000013406
0.0000000000000000
0.0000000000000000
-0.0000000000002489
-0.0000000000000022
-0.0000000000000029
-0.0000000000000035
-0.0000000000000032
-0.0000000000008915
-0.0000000000014733
-0.0000000000009953
-0.0000000000012029
-0.0000000000005808
0.0000000000000000
-0.0000000000013586
-0.0000000000005715
-0.0000000000000042
-0.0000000000004693
-0.0000000000000042
-0.0000000000000038
0.0000000000000000
0.0000000000000000
0.0000000000000000
-0.0000000000000035
-0.0000000000000026
-0.0000000000005590
0.0000000000000000
-0.0000000000005779
0.0000000000000000
0.0000000000000000
-0.0000000000009319
-0.0000000000009748
0.0000000000000000
0.0000000000000000
-0.0000000000000035
-0.0000000000001345
0.0000000000000000
-0.0000000000012605
-0.0000000000008838
-0.0000000000014950
-0.0000000000005664
-0.0000000000007390
-0.0000000000000061
-0.0000000000010395
-0.0000000000005526
-0.0000000000005680
-0.0000000000005840
0.0000000000000000
0.0000000000000000
0.0000000000000000
-0.0000000000005910
-0.0000000000005785
-0.0000000000005686
0.0000000000000000
0.0000000000000000
0.0000000000000000
-0.0000000000007672
0.0000000000000000
0.0000000000000000
0.0000000000000000
0.0000000000000000
0.0000000000000000
-0.0000000000013643
0.0000000000000000
-0.0000000000015424
0.0000000000000000
0.0000000000000000
-0.0000000000003261
0.0000000000000000
-0.0000000000005686
-0.0000000000010049
-0.0000000000005648
0.0000000000000000
-0.0000000000000022
-0.0000000000000875
0.0000000000000000
-0.0000000000013784
-0.0000000000000061
0.0000000000000000
-0.0000000000015360
-0.0000000000005654
-0.0000000000013983
-0.0000000000005603
-0.0000000000008979
-0.0000000000005648
-0.0000000000005481
-0.0000000000005747
0.0000000000000000
-0.0000000000005910
0.0000000000000000
0.0000000000000000
-0.0000000000005840
-0.0000000000000051
0.0000000000000000
-0.0000000000010754
-0.0000000000005641
0.0000000000000000
0.0000000000000000
-0.0000000000000026
-0.0000000000003767
-0.0000000000005737
0.0000000000000000
0.0000000000000000
0.0000000000000000
-0.0000000000000029
0.0000000000000000
0.0000000000000000
-0.0000000000012099
-0.0000000000012074
0.0000000000000000
0.0000000000000000
-0.0000000000000029
-0.0000000000005340
-0.0000000000008825
0.0000000000000000
-0.0000000000005686
0.0000000000000000
-0.0000000000005846
0.0000000000000000
-0.0000000000004293
0.0000000000000000
0.0000000000000000
0.0000000000000000
-0.0000000000000484
-0.0000000000000026
0.0000000000000000
0.0000000000000000
0.0000000000000000
0.0000000000000000
0.0000000000000000
-0.0000000000005651
-0.0000000000000093
0.0000000000000000
-0.0000000000007993
0.0000000000000000
-0.0000000000000026
0.0000000000000000
0.0000000000000000
0.0000000000000000
0.0000000000000000
0.0000000000000000
-0.0000000000010805
0.0000000000000000
-0.0000000000000029
-0.0000000000014111
0.0000000000000000
0.0000000000000000
-0.0000000000003591
-0.0000000000005571
0.0000000000000000
0.0000000000000000
0.0000000000000000
0.0000000000000000
0.0000000000000000
0.0000000000000000
-0.0000000000005769
0.0000000000000000
0.0000000000000000
-0.0000000000009338
-0.0000000000014009
-0.0000000000013060
0.0000000000000000
0.0000000000000000
0.0000000000000000
-0.0000000000005734
-0.0000000000012266
0.0000000000000000
0.0000000000000000
-0.0000000000000051
0.0000000000000000
0.0000000000000000
-0.0000000000015450
-0.0000000000005471
-0.0000000000005587
0.0000000000000000
0.0000000000000000
0.0000000000000000
-0.0000000000005593
-0.0000000000012240
0.0000000000000000
-0.0000000000009351
-0.0000000000008832
-0.0000000000005782
0.0000000000000000
-0.0000000000008031
-0.0000000000007025
-0.0000000000005814
0.0000000000000000
0.0000000000000000
0.0000000000000000
-0.0000000000004773
0.0000000000000000
-0.0000000000011292
-0.0000000000010568
-0.0000000000000058
-0.0000000000005164
0.0000000000000000
-0.0000000000005465
-0.0000000000002963
0.0000000000000000
-0.0000000000012208
0.0000000000000000
-0.0000000000007627
-0.0000000000005862
-0.0000000000000038
0.0000000000000000
0.0000000000000000
-0.0000000000003943
-0.0000000000009133
-0.0000000000005587
0.0000000000000000
0.0000000000000000
0.0000000000000000
0.0000000000000000
0.0000000000000000
0.0000000000000000
0.0000000000000000
0.0000000000000000
-0.0000000000013426
0.0000000000000000
0.0000000000000000
-0.0000000000002537
-0.0000000000009287
0.0000000000000000
0.0000000000000000
-0.0000000000000035
-0.0000000000005491
0.0000000000000000
0.0000000000000000
-0.0000000000003777
0.0000000000000000
0.0000000000000000
-0.0000000000005641
-0.0000000000006692
0.0000000000000000
0.0000000000000000
-0.0000000000004347
-0.0000000000015155
-0.0000000000009178
-0.0000000000005728
-0.0000000000000154
0.0000000000000000
0.0000000000000000
-0.0000000000001477
-0.0000000000005721
-0.0000000000001557
0.0000000000000000
-0.0000000000005632
-0.0000000000005699
-0.0000000000015309
0.0000000000000000
-0.0000000000005789
-0.0000000000010331
0.0000000000000000
-0.0000000000002005
-0.0000000000003879
0.0000000000000000
0.0000000000000000
-0.0000000000010504
-0.0000000000010504
-0.0000000000015219
0.0000000000000000
0.0000000000000000
-0.0000000000005725
-0.0000000000002457
0.0000000000000000
0.0000000000000000
-0.0000000000001179
-0.0000000000005942
-0.0000000000002057
0.0000000000000000
0.0000000000000000
-0.0000000000010709
-0.0000000000005657
-0.0000000000014643
-0.0000000000000019
-0.0000000000005548
-0.0000000000012926
-0.0000000000013560
0.0000000000000000
0.0000000000000000
0.0000000000000000
0.0000000000000000
-0.0000000000005625
0.0000000000000000
-0.0000000000004456
0.0000000000000000
0.0000000000000000
0.0000000000000000
0.0000000000000000
0.0000000000000000
-0.0000000000003040
-0.0000000000008582
0.0000000000000000
0.0000000000000000
0.0000000000000000
-0.0000000000003690
0.0000000000000000
0.0000000000000000
-0.0000000000000778
0.0000000000000000
0.0000000000000000
0.0000000000000000
-0.0000000000005910
0.0000000000000000
0.0000000000000000
0.0000000000000000
-0.0000000000007179
-0.0000000000005910
-0.0000000000003389
-0.0000000000005561
-0.0000000000010491
-0.0000000000005084
-0.0000000000000026
-0.0000000000005769
0.0000000000000000
0.0000000000000000
-0.0000000000001269
0.0000000000000000
0.0000000000000000
-0.0000000000009319
-0.0000000000002624
0.0000000000000000
-0.0000000000002339
0.0000000000000000
-0.0000000000014572
0.0000000000000000
-0.0000000000005676
-0.0000000000007205
0.0000000000000000
-0.0000000000005369
0.0000000000000000
-0.0000000000003133
-0.0000000000000022
-0.0000000000000045
-0.0000000000004917
0.0000000000000000
-0.0000000000004956
-0.0000000000005616
-0.0000000000009261
-0.0000000000004920
0.0000000000000000
-0.0000000000007108
-0.0000000000006807
-0.0000000000005279
-0.0000000000005654
-0.0000000000014412
0.0000000000000000
0.0000000000000000
0.0000000000000000
-0.0000000000010229
-0.0000000000000042
-0.0000000000005910
-0.0000000000000038
-0.0000000000004949
0.0000000000000000
-0.0000000000000413
-0.0000000000002585
-0.0000000000000022
0.0000000000000000
0.0000000000000000
0.0000000000000000
0.0000000000000000
0.0000000000000000
0.0000000000000000
0.0000000000000000
0.0000000000000000
-0.0000000000015079
0.0000000000000000
-0.0000000000011292
-0.0000000000000035
-0.0000000000000163
-0.0000000000005763
0.0000000000000000
0.0000000000000000
-0.0000000000008992
-0.0000000000003867
-0.0000000000000782
0.0000000000000000
0.0000000000000000
0.0000000000000000
0.0000000000000000
-0.0000000000000343
0.0000000000000000
-0.0000000000005644
-0.0000000000005709
0.0000000000000000
-0.0000000000000090
-0.0000000000006308
-0.0000000000000407
-0.0000000000008640
-0.0000000000002284
0.0000000000000000
0.0000000000000000
0.0000000000000000
-0.0000000000000038
0.0000000000000000
0.0000000000000000
-0.0000000000005718
-0.0000000000006327
-0.0000000000004888
-0.0000000000002768
-0.0000000000005721
0.0000000000000000
0.0000000000000000
-0.0000000000012131
0.0000000000000000
-0.0000000000005686
0.0000000000000000
-0.0000000000005737
-0.0000000000009357
-0.0000000000013361
0.0000000000000000
0.0000000000000000
0.0000000000000000
-0.0000000000000019
0.0000000000000000
-0.0000000000000038
0.0000000000000000
0.0000000000000000
0.0000000000000000
0.0000000000000000
-0.0000000000010043
-0.0000000000004046
0.0000000000000000
0.0000000000000000
-0.0000000000013137
0.0000000000000000
0.0000000000000000
-0.0000000000000038
-0.0000000000005785
0.0000000000000000
0.0000000000000000
-0.0000000000000202
0.0000000000000000
0.0000000000000000
-0.0000000000010837
0.0000000000000000
0.0000000000000000
-0.0000000000005305
0.0000000000000000
0.0000000000000000
0.0000000000000000
0.0000000000000000
-0.0000000000005494
-0.0000000000000022
-0.0000000000008133
0.0000000000000000
-0.0000000000002800
0.0000000000000000
0.0000000000000000
-0.0000000000006647
0.0000000000000000
-0.0000000000005494
0.0000000000000000
-0.0000000000013522
-0.0000000000009088
-0.0000000000000724
0.0000000000000000
0.0000000000000000
-0.0000000000005692
0.0000000000000000
0.0000000000000000
-0.0000000000009908
-0.0000000000010485
-0.0000000000008691
0.0000000000000000
0.0000000000000000
0.0000000000000000
0.0000000000000000
-0.0000000000000042
-0.0000000000002217
-0.0000000000002710
0.0000000000000000
-0.0000000000001265
0.0000000000000000
0.0000000000000000
0.0000000000000000
-0.0000000000012875
0.0000000000000000
-0.0000000000005673
-0.0000000000012381
0.0000000000000000
0.0000000000000000
-0.0000000000006218
0.0000000000000000
-0.0000000000009037
-0.0000000000000064
0.0000000000000000
0.0000000000000000
-0.0000000000015367
-0.0000000000005705
0.0000000000000000
-0.0000000000005699
-0.0000000000005606
-0.0000000000014380
0.0000000000000000
0.0000000000000000
-0.0000000000000038
0.0000000000000000
-0.0000000000000032
0.0000000000000000
-0.0000000000014771
-0.0000000000000038
0.0000000000000000
-0.0000000000000029
-0.0000000000005628
-0.0000000000000042
0.0000000000000000
-0.0000000000000038
-0.0000000000005757
0.0000000000000000
-0.0000000000005689
0.0000000000000000
0.0000000000000000
0.0000000000000000
0.0000000000000000
0.0000000000000000
-0.0000000000000029
0.0000000000000000
0.0000000000000000
0.0000000000000000
-0.0000000000009806
-0.0000000000005593
-0.0000000000000042
0.0000000000000000
-0.0000000000005670
-0.0000000000005680
0.0000000000000000
-0.0000000000003287
0.0000000000000000
-0.0000000000005561
-0.0000000000000029
-0.0000000000013060
0.0000000000000000
0.0000000000000000
-0.0000000000009075
-0.0000000000005660
0.0000000000000000
-0.0000000000000026
0.0000000000000000
0.0000000000000000
0.0000000000000000
0.0000000000000000
-0.0000000000007121
-0.0000000000000058
-0.0000000000002374
-0.0000000000006634
0.0000000000000000
0.0000000000000000
0.0000000000000000
0.0000000000000000
0.0000000000000000
-0.0000000000004129
0.0000000000000000
-0.0000000000009248
0.0000000000000000
0.0000000000000000
0.0000000000000000
-0.0000000000005564
0.0000000000000000
0.0000000000000000
-0.0000000000012426
0.0000000000000000
-0.0000000000013656
0.0000000000000000
-0.0000000000000016
-0.0000000000002236
0.0000000000000000
-0.0000000000005776
0.0000000000000000
0.0000000000000000
-0.0000000000005683
0.0000000000000000
0.0000000000000000
0.0000000000000000
-0.0000000000005757
0.0000000000000000
0.0000000000000000
-0.0000000000001759
0.0000000000000000
-0.0000000000010792
0.0000000000000000
-0.0000000000005542
-0.0000000000005753
-0.0000000000012163
-0.0000000000014098
-0.0000000000005744
-0.0000000000005769
0.0000000000000000
0.0000000000000000
-0.0000000000003267
0.0000000000000000
-0.0000000000000035
0.0000000000000000
-0.0000000000000054
0.0000000000000000
0.0000000000000000
-0.0000000000000038
0.0000000000000000
-0.0000000000010920
0.0000000000000000
-0.0000000000003280
-0.0000000000001848
0.0000000000000000
-0.0000000000005712
0.0000000000000000
-0.0000000000000042
-0.0000000000000743
-0.0000000000000029
-0.0000000000010869
-0.0000000000005641
-0.0000000000001605
-0.0000000000007691
0.0000000000000000
0.0000000000000000
-0.0000000000004200
-0.0000000000014560
0.0000000000000000
0.0000000000000000
0.0000000000000000
0.0000000000000000
-0.0000000000005103
-0.0000000000000147
-0.0000000000002332
0.0000000000000000
0.0000000000000000
-0.0000000000002691
-0.0000000000012497
0.0000000000000000
0.0000000000000000
0.0000000000000000
0.0000000000000000
0.0000000000000000
-0.0000000000002146
-0.0000000000005606
0.0000000000000000
-0.0000000000005910
-0.0000000000015181
0.0000000000000000
-0.0000000000000029
-0.0000000000000026
-0.0000000000000151
-0.0000000000005805
0.0000000000000000
0.0000000000000000
-0.0000000000010491
0.0000000000000000
0.0000000000000000
0.0000000000000000
0.0000000000000000
-0.0000000000005683
0.0000000000000000
-0.0000000000011292
-0.0000000000000042
-0.0000000000002473
-0.0000000000010043
-0.0000000000013080
0.0000000000000000
-0.0000000000009088
0.0000000000000000
-0.0000000000007845
-0.0000000000000051
-0.0000000000005763
0.0000000000000000
-0.0000000000000032
-0.0000000000013041
-0.0000000000000032
0.0000000000000000
-0.0000000000005612
0.0000000000000000
-0.0000000000000093
-0.0000000000007211
-0.0000000000006827
0.0000000000000000
0.0000000000000000
-0.0000000000013643
-0.0000000000012625
-0.0000000000000058
-0.0000000000001086
-0.0000000000009517
0.0000000000000000
0.0000000000000000
0.0000000000000000
-0.0000000000012509
-0.0000000000005151
0.0000000000000000
0.0000000000000000
0.0000000000000000
-0.0000000000003152
-0.0000000000005587
0.0000000000000000
0.0000000000000000
-0.0000000000010671
-0.0000000000000038
0.0000000000000000
0.0000000000000000
-0.0000000000015034
0.0000000000000000
0.0000000000000000
-0.0000000000005625
0.0000000000000000
0.0000000000000000
0.0000000000000000
0.0000000000000000
0.0000000000000000
-0.0000000000002922
0.0000000000000000
-0.0000000000005603
-0.0000000000002342
0.0000000000000000
-0.0000000000007422
-0.0000000000000022
-0.0000000000014380
0.0000000000000000
-0.0000000000008902
-0.0000000000006372
0.0000000000000000
0.0000000000000000
-0.0000000000001909
0.0000000000000000
-0.0000000000005910
0.0000000000000000
0.0000000000000000
-0.0000000000000343
0.0000000000000000
0.0000000000000000
0.0000000000000000
0.0000000000000000
0.0000000000000000
0.0000000000000000
-0.0000000000002662
-0.0000000000000878
-0.0000000000012119
0.0000000000000000
0.0000000000000000
0.0000000000000000
0.0000000000000000
0.0000000000000000
-0.0000000000013560
0.0000000000000000
0.0000000000000000
-0.0000000000005763
-0.0000000000004770
0.0000000000000000
0.0000000000000000
0.0000000000000000
0.0000000000000000
0.0000000000000000
0.0000000000000000
0.0000000000000000
0.0000000000000000
0.0000000000000000
-0.0000000000002425
0.0000000000000000
0.0000000000000000
-0.0000000000011414
-0.0000000000005612
0.0000000000000000
-0.0000000000001156
-0.0000000000000032
-0.0000000000001435
-0.0000000000009722
0.0000000000000000
0.0000000000000000
0.0000000000000000
0.0000000000000000
0.0000000000000000
-0.0000000000005670
0.0000000000000000
-0.0000000000004683
0.0000000000000000
0.0000000000000000
0.0000000000000000
-0.0000000000000093
0.0000000000000000
-0.0000000000006487
0.0000000000000000
-0.0000000000005731
0.0000000000000000
-0.0000000000012400
0.0000000000000000
0.0000000000000000
-0.0000000000000202
-0.0000000000009018
-0.0000000000011093
0.0000000000000000
-0.0000000000013528
0.0000000000000000
-0.0000000000005593
-0.0000000000003139
0.0000000000000000
0.0000000000000000
-0.0000000000000026
-0.0000000000012497
0.0000000000000000
-0.0000000000004574
-0.0000000000000026
-0.0000000000005606
-0.0000000000005702
0.0000000000000000
-0.0000000000015239
-0.0000000000000099
0.0000000000000000
0.0000000000000000
-0.0000000000005603
0.0000000000000000
-0.0000000000000029
-0.0000000000014534
-0.0000000000005686
-0.0000000000000038
-0.0000000000008121
-0.0000000000000038
0.0000000000000000
-0.0000000000000311
0.0000000000000000
0.0000000000000000
0.0000000000000000
0.0000000000000000
-0.0000000000005769
0.0000000000000000
-0.0000000000000032
-0.0000000000001339
0.0000000000000000
0.0000000000000000
0.0000000000000000
-0.0000000000010953
0.0000000000000000
0.0000000000000000
-0.0000000000000029
0.0000000000000000
-0.0000000000002633
-0.0000000000006654
0.0000000000000000
-0.0000000000003005
0.0000000000000000
0.0000000000000000
0.0000000000000000
-0.0000000000006660
-0.0000000000000042
-0.0000000000012996
-0.0000000000005862
0.0000000000000000
0.0000000000000000
0.0000000000000000
0.0000000000000000
0.0000000000000000
0.0000000000000000
-0.0000000000010735
-0.0000000000004498
-0.0000000000013361
0.0000000000000000
0.0000000000000000
0.0000000000000000
0.0000000000000000
-0.0000000000001076
0.0000000000000000
-0.0000000000000202
0.0000000000000000
-0.0000000000003847
-0.0000000000005584
-0.0000000000000019
-0.0000000000000038
0.0000000000000000
-0.0000000000007647
-0.0000000000015489
0.0000000000000000
0.0000000000000000
-0.0000000000007493
0.0000000000000000
-0.0000000000005664
-0.0000000000013586
0.0000000000000000
0.0000000000000000
0.0000000000000000
-0.0000000000000022
0.0000000000000000
0.0000000000000000
0.0000000000000000
0.0000000000000000
-0.0000000000009133
-0.0000000000001371
-0.0000000000005830
0.0000000000000000
-0.0000000000005455
-0.0000000000013361
-0.0000000000000051
-0.0000000000011363
0.0000000000000000
0.0000000000000000
-0.0000000000013611
-0.0000000000000026
-0.0000000000006724
-0.0000000000005837
0.0000000000000000
-0.0000000000013445
-0.0000000000006878
-0.0000000000009530
-0.0000000000014444
0.0000000000000000
-0.0000000000000022
-0.0000000000007237
-0.0000000000005609
-0.0000000000000070
-0.0000000000005676
0.0000000000000000
0.0000000000000000
-0.0000000000002371
-0.0000000000009139
-0.0000000000005747
-0.0000000000000029
-0.0000000000000032
-0.0000000000005584
-0.0000000000004956
-0.0000000000003636
0.0000000000000000
-0.0000000000001172
0.0000000000000000
-0.0000000000003300
-0.0000000000001397
-0.0000000000014566
0.0000000000000000
-0.0000000000005667
0.0000000000000000
-0.0000000000006455
0.0000000000000000
-0.0000000000008050
-0.0000000000005673
-0.0000000000000410
0.0000000000000000
-0.0000000000005712
0.0000000000000000
0.0000000000000000
-0.0000000000000042
-0.0000000000000026
-0.0000000000000042
0.0000000000000000
0.0000000000000000
0.0000000000000000
0.0000000000000000
-0.0000000000005651
0.0000000000000000
-0.0000000000000032
0.0000000000000000
-0.0000000000005763
-0.0000000000004949
-0.0000000000008428
-0.0000000000005789
-0.0000000000004453
0.0000000000000000
0.0000000000000000
0.0000000000000000
-0.0000000000000038
-0.0000000000003335
-0.0000000000010049
-0.0000000000009005
0.0000000000000000
-0.0000000000001454
0.0000000000000000
-0.0000000000003822
0.0000000000000000
0.0000000000000000
-0.0000000000012791
0.0000000000000000
0.0000000000000000
-0.0000000000012772
0.0000000000000000
0.0000000000000000
0.0000000000000000
-0.0000000000005709
0.0000000000000000
0.0000000000000000
0.0000000000000000
-0.0000000000003700
0.0000000000000000
-0.0000000000011292
-0.0000000000000029
-0.0000000000000042
0.0000000000000000
-0.0000000000007775
-0.0000000000012721
-0.0000000000005609
0.0000000000000000
-0.0000000000011721
-0.0000000000005814
0.0000000000000000
-0.0000000000000029
-0.0000000000000119
0.0000000000000000
-0.0000000000015162
-0.0000000000005654
0.0000000000000000
0.0000000000000000
0.0000000000000000
-0.0000000000014854
0.0000000000000000
-0.0000000000005910
0.0000000000000000
-0.0000000000000051
-0.0000000000005667
0.0000000000000000
-0.0000000000013983
-0.0000000000000035
0.0000000000000000
-0.0000000000000086
-0.0000000000000019
0.0000000000000000
0.0000000000000000
-0.0000000000000064
-0.0000000000005568
-0.0000000000007659
-0.0000000000000035
-0.0000000000011779
-0.0000000000005741
-0.0000000000003171
0.0000000000000000
0.0000000000000000
-0.0000000000007108
-0.0000000000004084
0.0000000000000000
0.0000000000000000
0.0000000000000000
-0.0000000000000042
0.0000000000000000
-0.0000000000000022
-0.0000000000001977
0.0000000000000000
0.0000000000000000
0.0000000000000000
0.0000000000000000
0.0000000000000000
0.0000000000000000
-0.0000000000001265
-0.0000000000013945
-0.0000000000000038
0.0000000000000000
0.0000000000000000
0.0000000000000000
-0.0000000000005715
0.0000000000000000
0.0000000000000000
-0.0000000000003046
-0.0000000000012445
-0.0000000000005113
-0.0000000000005721
0.0000000000000000
0.0000000000000000
-0.0000000000000756
-0.0000000000003424
0.0000000000000000
-0.0000000000002409
-0.0000000000005683
0.0000000000000000
-0.0000000000001230
-0.0000000000012465
0.0000000000000000
-0.0000000000000103
0.0000000000000000
0.0000000000000000
0.0000000000000000
0.0000000000000000
-0.0000000000001877
-0.0000000000008710
0.0000000000000000
0.0000000000000000
-0.0000000000008479
0.0000000000000000
-0.0000000000005753
-0.0000000000013297
-0.0000000000008274
-0.0000000000005641
-0.0000000000008640
-0.0000000000005584
-0.0000000000004975
-0.0000000000005596
-0.0000000000000612
-0.0000000000001477
0.0000000000000000
-0.0000000000001208
-0.0000000000000042
0.0000000000000000
-0.0000000000014015
0.0000000000000000
0.0000000000000000
0.0000000000000000
0.0000000000000000
0.0000000000000000
-0.0000000000008774
0.0000000000000000
0.0000000000000000
0.0000000000000000
0.0000000000000000
-0.0000000000012618
0.0000000000000000
-0.0000000000000077
-0.0000000000000019
-0.0000000000012304
0.0000000000000000
-0.0000000000013445
-0.0000000000005766
-0.0000000000007973
-0.0000000000005731
-0.0000000000011997
-0.0000000000005747
-0.0000000000010030
-0.0000000000005680
-0.0000000000012900
-0.0000000000000022
-0.0000000000014739
-0.0000000000000404
0.0000000000000000
-0.0000000000002422
-0.0000000000005183
-0.0000000000005622
-0.0000000000011196
0.0000000000000000
-0.0000000000003889
0.0000000000000000
0.0000000000000000
-0.0000000000005667
0.0000000000000000
-0.0000000000004491
-0.0000000000005596
-0.0000000000015360
0.0000000000000000
-0.0000000000006410
0.0000000000000000
-0.0000000000014329
0.0000000000000000
-0.0000000000013227
0.0000000000000000
-0.0000000000005673
0.0000000000000000
0.0000000000000000
0.0000000000000000
-0.0000000000005843
-0.0000000000000035
-0.0000000000000042
-0.0000000000000029
0.0000000000000000
0.0000000000000000
-0.0000000000005375
-0.0000000000009812
-0.0000000000015034
0.0000000000000000
0.0000000000000000
0.0000000000000000
-0.0000000000000042
0.0000000000000000
0.0000000000000000
0.0000000000000000
0.0000000000000000
-0.0000000000012670
-0.0000000000005609
0.0000000000000000
-0.0000000000000042
-0.0000000000000029
0.0000000000000000
-0.0000000000000083
-0.0000000000006448
-0.0000000000000029
0.0000000000000000
0.0000000000000000
-0.0000000000004196
0.0000000000000000
-0.0000000000007243
0.0000000000000000
0.0000000000000000
0.0000000000000000
0.0000000000000000
-0.0000000000004696
-0.0000000000000042
-0.0000000000014207
0.0000000000000000
0.0000000000000000
0.0000000000000000
-0.0000000000002992
0.0000000000000000
-0.0000000000000042
-0.0000000000012029
0.0000000000000000
0.0000000000000000
0.0000000000000000
0.0000000000000000
-0.0000000000012849
0.0000000000000000
0.0000000000000000
-0.0000000000003456
0.0000000000000000
-0.0000000000013067
-0.0000000000000128
0.0000000000000000
-0.0000000000000029
0.0000000000000000
0.0000000000000000
-0.0000000000000026
0.0000000000000000
0.0000000000000000
-0.0000000000005282
0.0000000000000000
-0.0000000000000026
-0.0000000000000029
0.0000000000000000
0.0000000000000000
-0.0000000000000026
-0.0000000000014233
0.0000000000000000
-0.0000000000010895
-0.0000000000008697
-0.0000000000011074
0.0000000000000000
-0.0000000000000042
0.0000000000000000
0.0000000000000000
0.0000000000000000
0.0000000000000000
0.0000000000000000
0.0000000000000000
0.0000000000000000
0.0000000000000000
0.0000000000000000
0.0000000000000000
-0.0000000000000019
-0.0000000000012907
0.0000000000000000
0.0000000000000000
-0.0000000000005676
0.0000000000000000
-0.0000000000000026
-0.0000000000005340
-0.0000000000000042
-0.0000000000008447
0.0000000000000000
-0.0000000000005587
-0.0000000000005910
0.0000000000000000
0.0000000000000000
0.0000000000000000
0.0000000000000000
0.0000000000000000
0.0000000000000000
-0.0000000000010504
0.0000000000000000
0.0000000000000000
-0.0000000000000061
-0.0000000000008704
0.0000000000000000
-0.0000000000000029
0.0000000000000000
-0.0000000000005747
0.0000000000000000
0.0000000000000000
0.0000000000000000
-0.0000000000001217
-0.0000000000005689
-0.0000000000001752
0.0000000000000000
0.0000000000000000
-0.0000000000000103
0.0000000000000000
-0.0000000000004792
0.0000000000000000
0.0000000000000000
-0.0000000000012855
-0.0000000000012420
-0.0000000000013611
0.0000000000000000
0.0000000000000000
0.0000000000000000
0.0000000000000000
-0.0000000000007762
-0.0000000000005523
0.0000000000000000
-0.0000000000000038
0.0000000000000000
-0.0000000000005910
-0.0000000000000058
-0.0000000000013426
0.0000000000000000
-0.0000000000000061
0.0000000000000000
0.0000000000000000
0.0000000000000000
-0.0000000000010972
-0.0000000000010639
-0.0000000000013573
-0.0000000000000042
0.0000000000000000
-0.0000000000007371
0.0000000000000000
-0.0000000000000038
-0.0000000000000029
-0.0000000000007301
-0.0000000000000045
-0.0000000000000442
0.0000000000000000
-0.0000000000012541
-0.0000000000005612
-0.0000000000003991
-0.0000000000011536
-0.0000000000001880
0.0000000000000000
-0.0000000000000029
-0.0000000000001515
-0.0000000000005596
0.0000000000000000
0.0000000000000000
0.0000000000000000
-0.0000000000005587
-0.0000000000005596
0.0000000000000000
0.0000000000000000
0.0000000000000000
-0.0000000000013189
-0.0000000000002041
-0.0000000000000173
-0.0000000000005638
0.0000000000000000
0.0000000000000000
-0.0000000000011093
0.0000000000000000
-0.0000000000000045
-0.0000000000002998
-0.0000000000013156
-0.0000000000011023
0.0000000000000000
0.0000000000000000
-0.0000000000000035
-0.0000000000011536
-0.0000000000005683
-0.0000000000004904
-0.0000000000008268
0.0000000000000000
-0.0000000000005513
0.0000000000000000
-0.0000000000007006
0.0000000000000000
-0.0000000000005753
-0.0000000000000798
-0.0000000000006391
-0.0000000000000035
-0.0000000000000022
0.0000000000000000
-0.0000000000012734
0.0000000000000000
0.0000000000000000
0.0000000000000000
-0.0000000000005552
0.0000000000000000
-0.0000000000005872
-0.0000000000006352
-0.0000000000005686
0.0000000000000000
0.0000000000000000
-0.0000000000013746
0.0000000000000000
0.0000000000000000
0.0000000000000000
0.0000000000000000
0.0000000000000000
-0.0000000000005660
-0.0000000000000035
-0.0000000000001012
-0.0000000000010568
-0.0000000000000022
0.0000000000000000
0.0000000000000000
0.0000000000000000
0.0000000000000000
-0.0000000000000029
0.0000000000000000
0.0000000000000000
-0.0000000000011228
0.0000000000000000
-0.0000000000012977
-0.0000000000011106
0.0000000000000000
0.0000000000000000
-0.0000000000010837
0.0000000000000000
-0.0000000000008633
-0.0000000000012855
-0.0000000000015079
-0.0000000000009139
0.0000000000000000
-0.0000000000000032
0.0000000000000000
0.0000000000000000
0.0000000000000000
-0.0000000000005068
0.0000000000000000
0.0000000000000000
-0.0000000000013663
-0.0000000000010619
0.0000000000000000
-0.0000000000010837
0.0000000000000000
0.0000000000000000
0.0000000000000000
0.0000000000000000
-0.0000000000000090
-0.0000000000005539
0.0000000000000000
0.0000000000000000
0.0000000000000000
0.0000000000000000
0.0000000000000000
0.0000000000000000
0.0000000000000000
0.0000000000000000
-0.0000000000013413
-0.0000000000000038
-0.0000000000004821
0.0000000000000000
-0.0000000000011984
-0.0000000000005648
-0.0000000000000064
0.0000000000000000
0.0000000000000000
0.0000000000000000
-0.0000000000002691
0.0000000000000000
0.0000000000000000
0.0000000000000000
-0.0000000000011190
-0.0000000000005744
0.0000000000000000
-0.0000000000012529
-0.0000000000003690
-0.0000000000010094
0.0000000000000000
0.0000000000000000
-0.0000000000000026
0.0000000000000000
0.0000000000000000
-0.0000000000002768
-0.0000000000005625
0.0000000000000000
-0.0000000000005856
-0.0000000000009613
-0.0000000000009069
0.0000000000000000
0.0000000000000000
-0.0000000000005760
-0.0000000000000042
0.0000000000000000
-0.0000000000008121
0.0000000000000000
0.0000000000000000
-0.0000000000005593
-0.0000000000013073
0.0000000000000000
0.0000000000000000
0.0000000000000000
0.0000000000000000
0.0000000000000000
-0.0000000000014560
0.0000000000000000
0.0000000000000000
-0.0000000000001365
-0.0000000000009037
-0.0000000000011004
-0.0000000000002025
-0.0000000000005728
0.0000000000000000
-0.0000000000000026
-0.0000000000009357
0.0000000000000000
0.0000000000000000
-0.0000000000013579
-0.0000000000003348
-0.0000000000005324
-0.0000000000005728
-0.0000000000003857
-0.0000000000001832
0.0000000000000000
0.0000000000000000
-0.0000000000009562
-0.0000000000005699
0.0000000000000000
0.0000000000000000
-0.0000000000010088
-0.0000000000000019
0.0000000000000000
-0.0000000000013419
0.0000000000000000
-0.0000000000006237
-0.0000000000000106
-0.0000000000002825
0.0000000000000000
0.0000000000000000
0.0000000000000000
-0.0000000000005683
0.0000000000000000
-0.0000000000007474
-0.0000000000009697
0.0000000000000000
0.0000000000000000
-0.0000000000007903
-0.0000000000008781
-0.0000000000000045
0.0000000000000000
0.0000000000000000
-0.0000000000000022
-0.0000000000000029
-0.0000000000010856
0.0000000000000000
0.0000000000000000
-0.0000000000003847
0.0000000000000000
-0.0000000000001554
0.0000000000000000
0.0000000000000000
0.0000000000000000
-0.0000000000014668
-0.0000000000007326
0.0000000000000000
0.0000000000000000
0.0000000000000000
-0.0000000000008736
0.0000000000000000
0.0000000000000000
0.0000000000000000
-0.0000000000005635
-0.0000000000005625
-0.0000000000001458
-0.0000000000005491
0.0000000000000000
0.0000000000000000
-0.0000000000005667
0.0000000000000000
-0.0000000000000026
0.0000000000000000
0.0000000000000000
0.0000000000000000
0.0000000000000000
0.0000000000000000
-0.0000000000004719
0.0000000000000000
-0.0000000000012336
0.0000000000000000
-0.0000000000000022
0.0000000000000000
-0.0000000000008678
0.0000000000000000
0.0000000000000000
0.0000000000000000
-0.0000000000008569
-0.0000000000015540
0.0000000000000000
0.0000000000000000
-0.0000000000000042
0.0000000000000000
-0.0000000000005584
-0.0000000000000026
0.0000000000000000
-0.0000000000003870
-0.0000000000009421
-0.0000000000000090
-0.0000000000006179
-0.0000000000006782
0.0000000000000000
0.0000000000000000
-0.0000000000005712
-0.0000000000005865
0.0000000000000000
-0.0000000000005808
-0.0000000000000045
-0.0000000000007249
0.0000000000000000
-0.0000000000001474
-0.0000000000004671
0.0000000000000000
-0.0000000000007307
-0.0000000000005712
-0.0000000000012907
-0.0000000000009402
0.0000000000000000
-0.0000000000005298
0.0000000000000000
0.0000000000000000
0.0000000000000000
-0.0000000000005558
-0.0000000000005641
0.0000000000000000
-0.0000000000008524
0.0000000000000000
0.0000000000000000
-0.0000000000009088
0.0000000000000000
0.0000000000000000
-0.0000000000005686
0.0000000000000000
-0.0000000000001259
-0.0000000000015360
0.0000000000000000
-0.0000000000000077
-0.0000000000010056
0.0000000000000000
-0.0000000000010197
-0.0000000000003959
0.0000000000000000
0.0000000000000000
0.0000000000000000
-0.0000000000002861
-0.0000000000005728
0.0000000000000000
0.0000000000000000
-0.0000000000000029
0.0000000000000000
0.0000000000000000
-0.0000000000005696
-0.0000000000000141
0.0000000000000000
0.0000000000000000
-0.0000000000005536
-0.0000000000015277
-0.0000000000005779
0.0000000000000000
0.0000000000000000
0.0000000000000000
-0.0000000000006352
0.0000000000000000
0.0000000000000000
-0.0000000000007377
0.0000000000000000
0.0000000000000000
-0.0000000000000026
0.0000000000000000
-0.0000000000006596
-0.0000000000003312
0.0000000000000000
-0.0000000000008191
0.0000000000000000
-0.0000000000014367
-0.0000000000007076
0.0000000000000000
0.0000000000000000
0.0000000000000000
-0.0000000000000032
-0.0000000000002973
-0.0000000000005910
0.0000000000000000
-0.0000000000000022
-0.0000000000009716
0.0000000000000000
-0.0000000000008057
-0.0000000000000058
-0.0000000000000346
0.0000000000000000
0.0000000000000000
-0.0000000000000045
-0.0000000000005625
0.0000000000000000
-0.0000000000005529
0.0000000000000000
-0.0000000000002579
0.0000000000000000
0.0000000000000000
0.0000000000000000
-0.0000000000002556
-0.0000000000005616
-0.0000000000013688
0.0000000000000000
0.0000000000000000
0.0000000000000000
-0.0000000000005552
-0.0000000000005702
0.0000000000000000
0.0000000000000000
0.0000000000000000
0.0000000000000000
-0.0000000000014303
0.0000000000000000
0.0000000000000000
0.0000000000000000
0.0000000000000000
0.0000000000000000
0.0000000000000000
-0.0000000000007326
0.0000000000000000
-0.0000000000011427
-0.0000000000000042
-0.0000000000008281
-0.0000000000014226
-0.0000000000007147
0.0000000000000000
-0.0000000000013688
0.0000000000000000
-0.0000000000015578
-0.0000000000000029
-0.0000000000014079
0.0000000000000000
-0.0000000000011696
0.0000000000000000
0.0000000000000000
-0.0000000000014995
-0.0000000000002387
-0.0000000000009722
-0.0000000000007121
-0.0000000000000103
-0.0000000000007698
0.0000000000000000
-0.0000000000009690
-0.0000000000000022
-0.0000000000011593
-0.0000000000014085
0.0000000000000000
0.0000000000000000
0.0000000000000000
-0.0000000000008864
-0.0000000000004780
0.0000000000000000
-0.0000000000007006
0.0000000000000000
-0.0000000000010728
0.0000000000000000
0.0000000000000000
-0.0000000000000029
-0.0000000000003985
-0.0000000000014861
-0.0000000000005769
0.0000000000000000
-0.0000000000013675
-0.0000000000003005
-0.0000000000000042
0.0000000000000000
-0.0000000000011843
0.0000000000000000
0.0000000000000000
0.0000000000000000
0.0000000000000000
-0.0000000000004180
-0.0000000000015553
-0.0000000000010113
0.0000000000000000
-0.0000000000001134
-0.0000000000000529
0.0000000000000000
-0.0000000000013470
0.0000000000000000
-0.0000000000010043
0.0000000000000000
-0.0000000000000042
-0.0000000000012907
-0.0000000000001518
0.0000000000000000
0.0000000000000000
0.0000000000000000
-0.0000000000000029
0.0000000000000000
-0.0000000000000042
-0.0000000000005398
-0.0000000000000019
0.0000000000000000
0.0000000000000000
0.0000000000000000
-0.0000000000005789
-0.0000000000000022
-0.0000000000004427
-0.0000000000000032
0.0000000000000000
-0.0000000000006583
-0.0000000000005910
-0.0000000000007269
-0.0000000000007736
-0.0000000000000026
-0.0000000000005676
0.0000000000000000
-0.0000000000005763
0.0000000000000000
0.0000000000000000
-0.0000000000003332
0.0000000000000000
0.0000000000000000
-0.0000000000003171
0.0000000000000000
0.0000000000000000
0.0000000000000000
0.0000000000000000
-0.0000000000000035
-0.0000000000004546
-0.0000000000012887
-0.0000000000005728
-0.0000000000000022
-0.0000000000011600
0.0000000000000000
-0.0000000000005532
-0.0000000000000058
-0.0000000000002271
0.0000000000000000
0.0000000000000000
-0.0000000000012388
0.0000000000000000
0.0000000000000000
0.0000000000000000
-0.0000000000014720
-0.0000000000001672
0.0000000000000000
-0.0000000000000384
-0.0000000000012951
0.0000000000000000
0.0000000000000000
0.0000000000000000
0.0000000000000000
0.0000000000000000
-0.0000000000014137
-0.0000000000005750
-0.0000000000009069
0.0000000000000000
0.0000000000000000
0.0000000000000000
-0.0000000000012477
-0.0000000000010139
0.0000000000000000
-0.0000000000000106
0.0000000000000000
0.0000000000000000
-0.0000000000000022
0.0000000000000000
0.0000000000000000
0.0000000000000000
-0.0000000000009774
0.0000000000000000
-0.0000000000000077
-0.0000000000000029
-0.0000000000002668
0.0000000000000000
0.0000000000000000
0.0000000000000000
-0.0000000000000022
-0.0000000000007096
-0.0000000000009255
0.0000000000000000
-0.0000000000007230
0.0000000000000000
0.0000000000000000
0.0000000000000000
0.0000000000000000
-0.0000000000014957
0.0000000000000000
0.0000000000000000
0.0000000000000000
-0.0000000000005532
-0.0000000000009646
-0.0000000000002031
0.0000000000000000
-0.0000000000000061
0.0000000000000000
-0.0000000000005449
0.0000000000000000
0.0000000000000000
-0.0000000000005638
0.0000000000000000
-0.0000000000011356
0.0000000000000000
0.0000000000000000
-0.0000000000000958
0.0000000000000000
0.0000000000000000
-0.0000000000004952
0.0000000000000000
-0.0000000000014335
-0.0000000000000032
-0.0000000000007807
0.0000000000000000
0.0000000000000000
-0.0000000000011382
0.0000000000000000
0.0000000000000000
0.0000000000000000
0.0000000000000000
-0.0000000000005709
-0.0000000000000032
-0.0000000000005712
-0.0000000000009767
0.0000000000000000
-0.0000000000005795
-0.0000000000007570
0.0000000000000000
-0.0000000000000016
-0.0000000000011234
0.0000000000000000
0.0000000000000000
0.0000000000000000
0.0000000000000000
0.0000000000000000
0.0000000000000000
0.0000000000000000
-0.0000000000008281
0.0000000000000000
-0.0000000000005750
0.0000000000000000
-0.0000000000006384
-0.0000000000005564
0.0000000000000000
-0.0000000000010440
-0.0000000000011946
-0.0000000000014137
-0.0000000000005494
-0.0000000000012400
0.0000000000000000
-0.0000000000000061
0.0000000000000000
0.0000000000000000
-0.0000000000005644
-0.0000000000005606
-0.0000000000006122
0.0000000000000000
0.0000000000000000
0.0000000000000000
-0.0000000000010043
-0.0000000000011266
0.0000000000000000
0.0000000000000000
0.0000000000000000
-0.0000000000005571
-0.0000000000011023
-0.0000000000000061
-0.0000000000010209
-0.0000000000000035
-0.0000000000000919
-0.0000000000011882
-0.0000000000005686
-0.0000000000005712
0.0000000000000000
-0.0000000000012573
-0.0000000000000026
0.0000000000000000
-0.0000000000012509
-0.0000000000005692
-0.0000000000005523
-0.0000000000005750
-0.0000000000000042
0.0000000000000000
-0.0000000000005773
-0.0000000000011471
-0.0000000000008883
-0.0000000000002899
0.0000000000000000
0.0000000000000000
-0.0000000000005587
-0.0000000000009748
-0.0000000000005910
0.0000000000000000
0.0000000000000000
0.0000000000000000
-0.0000000000009075
0.0000000000000000
0.0000000000000000
-0.0000000000009774
0.0000000000000000
-0.0000000000005587
0.0000000000000000
-0.0000000000005548
-0.0000000000013688
0.0000000000000000
-0.0000000000005545
-0.0000000000000051
0.0000000000000000
-0.0000000000005757
-0.0000000000000868
0.0000000000000000
-0.0000000000000035
0.0000000000000000
-0.0000000000015482
0.0000000000000000
-0.0000000000013387
0.0000000000000000
0.0000000000000000
0.0000000000000000
-0.0000000000007589
0.0000000000000000
-0.0000000000014688
0.0000000000000000
0.0000000000000000
0.0000000000000000
-0.0000000000013310
0.0000000000000000
-0.0000000000013374
-0.0000000000007230
-0.0000000000004296
0.0000000000000000
0.0000000000000000
-0.0000000000005699
-0.0000000000004898
-0.0000000000000288
0.0000000000000000
-0.0000000000005689
0.0000000000000000
-0.0000000000003674
0.0000000000000000
0.0000000000000000
-0.0000000000001528
-0.0000000000005651
-0.0000000000001285
-0.0000000000005190
-0.0000000000002704
-0.0000000000011542
-0.0000000000000038
0.0000000000000000
-0.0000000000005910
-0.0000000000000029
0.0000000000000000
0.0000000000000000
0.0000000000000000
-0.0000000000006807
-0.0000000000003517
0.0000000000000000
-0.0000000000000042
-0.0000000000009248
-0.0000000000005648
-0.0000000000003242
0.0000000000000000
-0.0000000000005715
-0.0000000000000029
-0.0000000000000045
0.0000000000000000
-0.0000000000007858
-0.0000000000000163
0.0000000000000000
-0.0000000000015175
-0.0000000000003697
-0.0000000000000762
-0.0000000000006500
-0.0000000000005718
0.0000000000000000
-0.0000000000011619
0.0000000000000000
0.0000000000000000
-0.0000000000003011
0.0000000000000000
0.0000000000000000
0.0000000000000000
0.0000000000000000
0.0000000000000000
-0.0000000000000061
-0.0000000000010216
0.0000000000000000
-0.0000000000000029
-0.0000000000011004
-0.0000000000004318
-0.0000000000000016
-0.0000000000005577
0.0000000000000000
-0.0000000000009588
0.0000000000000000
-0.0000000000000026
-0.0000000000014111
-0.0000000000009991
-0.0000000000000048
-0.0000000000005071
0.0000000000000000
0.0000000000000000
-0.0000000000002108
-0.0000000000005664
-0.0000000000005731
-0.0000000000005529
0.0000000000000000
-0.0000000000003985
0.0000000000000000
0.0000000000000000
-0.0000000000011862
-0.0000000000007397
-0.0000000000007166
0.0000000000000000
-0.0000000000010152
0.0000000000000000
-0.0000000000013727
0.0000000000000000
-0.0000000000005712
-0.0000000000005821
0.0000000000000000
-0.0000000000014925
-0.0000000000000058
0.0000000000000000
-0.0000000000010626
-0.0000000000005721
0.0000000000000000
-0.0000000000005564
0.0000000000000000
0.0000000000000000
0.0000000000000000
0.0000000000000000
-0.0000000000004536
0.0000000000000000
-0.0000000000005026
-0.0000000000013823
0.0000000000000000
-0.0000000000013349
0.0000000000000000
0.0000000000000000
-0.0000000000010901
0.0000000000000000
-0.0000000000000026
0.0000000000000000
-0.0000000000001714
-0.0000000000005731
0.0000000000000000
0.0000000000000000
-0.0000000000012022
-0.0000000000005587
-0.0000000000005737
-0.0000000000001297
0.0000000000000000
-0.0000000000011132
-0.0000000000000026
-0.0000000000005782
-0.0000000000002438
0.0000000000000000
-0.0000000000004373
0.0000000000000000
-0.0000000000006237
-0.0000000000000070
0.0000000000000000
0.0000000000000000
-0.0000000000000032
-0.0000000000013387
0.0000000000000000
0.0000000000000000
-0.0000000000005725
-0.0000000000003915
-0.0000000000005321
0.0000000000000000
0.0000000000000000
0.0000000000000000
0.0000000000000000
-0.0000000000009453
-0.0000000000010414
-0.0000000000013009
0.0000000000000000
-0.0000000000002025
0.0000000000000000
0.0000000000000000
-0.0000000000007275
-0.0000000000002047
0.0000000000000000
0.0000000000000000
0.0000000000000000
-0.0000000000000042
-0.0000000000009799
-0.0000000000000045
-0.0000000000000022
0.0000000000000000
-0.0000000000012061
0.0000000000000000
-0.0000000000013983
-0.0000000000010088
0.0000000000000000
0.0000000000000000
0.0000000000000000
0.0000000000000000
0.0000000000000000
-0.0000000000002060
-0.0000000000002598
-0.0000000000005625
0.0000000000000000
0.0000000000000000
0.0000000000000000
-0.0000000000011824
-0.0000000000000103
-0.0000000000010600
0.0000000000000000
-0.0000000000014854
0.0000000000000000
0.0000000000000000
-0.0000000000005676
-0.0000000000006641
0.0000000000000000
-0.0000000000007377
-0.0000000000011600
0.0000000000000000
0.0000000000000000
-0.0000000000000029
0.0000000000000000
-0.0000000000005628
-0.0000000000003062
-0.0000000000013432
-0.0000000000007416
0.0000000000000000
-0.0000000000005821
0.0000000000000000
-0.0000000000001393
0.0000000000000000
-0.0000000000010754
-0.0000000000014214
0.0000000000000000
0.0000000000000000
-0.0000000000000452
-0.0000000000000022
0.0000000000000000
-0.0000000000005747
0.0000000000000000
0.0000000000000000
0.0000000000000000
-0.0000000000011318
0.0000000000000000
-0.0000000000000048
-0.0000000000013458
-0.0000000000002287
0.0000000000000000
0.0000000000000000
0.0000000000000000
0.0000000000000000
0.0000000000000000
-0.0000000000008518
0.0000000000000000
0.0000000000000000
0.0000000000000000
-0.0000000000000038
-0.0000000000009178
-0.0000000000005683
0.0000000000000000
0.0000000000000000
-0.0000000000008966
0.0000000000000000
0.0000000000000000
-0.0000000000000032
0.0000000000000000
0.0000000000000000
0.0000000000000000
-0.0000000000009710
-0.0000000000009722
-0.0000000000005689
0.0000000000000000
0.0000000000000000
0.0000000000000000
-0.0000000000009505
0.0000000000000000
0.0000000000000000
0.0000000000000000
-0.0000000000000026
0.0000000000000000
0.0000000000000000
0.0000000000000000
0.0000000000000000
-0.0000000000009421
0.0000000000000000
-0.0000000000003469
-0.0000000000001813
0.0000000000000000
0.0000000000000000
-0.0000000000006115
0.0000000000000000
0.0000000000000000
0.0000000000000000
0.0000000000000000
0.0000000000000000
-0.0000000000014765
0.0000000000000000
0.0000000000000000
-0.0000000000011331
0.0000000000000000
-0.0000000000010671
-0.0000000000000054
-0.0000000000009197
0.0000000000000000
-0.0000000000001227
-0.0000000000008902
-0.0000000000009216
0.0000000000000000
-0.0000000000000099
-0.0000000000000016
-0.0000000000000026
-0.0000000000003418
-0.0000000000003924
-0.0000000000000054
-0.0000000000000026
0.0000000000000000
0.0000000000000000
0.0000000000000000
-0.0000000000013022
-0.0000000000007134
0.0000000000000000
0.0000000000000000
-0.0000000000008409
0.0000000000000000
0.0000000000000000
0.0000000000000000
-0.0000000000011734
0.0000000000000000
0.0000000000000000
0.0000000000000000
0.0000000000000000
0.0000000000000000
0.0000000000000000
0.0000000000000000
-0.0000000000005817
0.0000000000000000
0.0000000000000000
-0.0000000000006513
0.0000000000000000
-0.0000000000006448
-0.0000000000000029
-0.0000000000000093
0.0000000000000000
-0.0000000000005029
0.0000000000000000
0.0000000000000000
0.0000000000000000
0.0000000000000000
-0.0000000000005574
-0.0000000000006103
0.0000000000000000
-0.0000000000002857
-0.0000000000012247
0.0000000000000000
0.0000000000000000
-0.0000000000007089
0.0000000000000000
-0.0000000000005673
-0.0000000000013618
0.0000000000000000
-0.0000000000005600
-0.0000000000010799
-0.0000000000015245
0.0000000000000000
0.0000000000000000
-0.0000000000006538
-0.0000000000000029
-0.0000000000000093
0.0000000000000000
0.0000000000000000
0.0000000000000000
-0.0000000000015232
0.0000000000000000
-0.0000000000002627
0.0000000000000000
-0.0000000000004706
0.0000000000000000
-0.0000000000015604
0.0000000000000000
0.0000000000000000
0.0000000000000000
0.0000000000000000
0.0000000000000000
0.0000000000000000
-0.0000000000011632
-0.0000000000014617
0.0000000000000000
-0.0000000000005580
-0.0000000000011100
-0.0000000000000019
-0.0000000000000042
-0.0000000000000070
-0.0000000000000032
-0.0000000000005670
-0.0000000000005561
-0.0000000000005869
-0.0000000000005017
0.0000000000000000
0.0000000000000000
-0.0000000000005737
-0.0000000000000054
0.0000000000000000
0.0000000000000000
0.0000000000000000
-0.0000000000010120
0.0000000000000000
0.0000000000000000
-0.0000000000005619
0.0000000000000000
-0.0000000000000971
-0.0000000000000048
0.0000000000000000
0.0000000000000000
0.0000000000000000
0.0000000000000000
-0.0000000000005587
-0.0000000000012202
-0.0000000000003072
-0.0000000000012298
-0.0000000000005763
-0.0000000000009050
-0.0000000000000090
0.0000000000000000
-0.0000000000006641
-0.0000000000008710
0.0000000000000000
-0.0000000000005590
0.0000000000000000
0.0000000000000000
0.0000000000000000
-0.0000000000000022
0.0000000000000000
-0.0000000000013829
0.0000000000000000
-0.0000000000005827
0.0000000000000000
-0.0000000000005606
0.0000000000000000
0.0000000000000000
0.0000000000000000
-0.0000000000000016
-0.0000000000000042
0.0000000000000000
-0.0000000000000058
-0.0000000000005286
0.0000000000000000
-0.0000000000012951
-0.0000000000005641
-0.0000000000005689
-0.0000000000015136
0.0000000000000000
-0.0000000000000022
-0.0000000000000051
0.0000000000000000
0.0000000000000000
0.0000000000000000
0.0000000000000000
-0.0000000000005680
-0.0000000000005218
-0.0000000000001105
-0.0000000000013932
-0.0000000000013112
0.0000000000000000
-0.0000000000001925
-0.0000000000000032
0.0000000000000000
-0.0000000000006679
0.0000000000000000
-0.0000000000007813
0.0000000000000000
-0.0000000000000029
-0.0000000000007954
0.0000000000000000
0.0000000000000000
0.0000000000000000
-0.0000000000015392
0.0000000000000000
-0.0000000000000368
0.0000000000000000
0.0000000000000000
-0.0000000000005709
-0.0000000000014880
-0.0000000000014925
0.0000000000000000
-0.0000000000005830
-0.0000000000013675
0.0000000000000000
0.0000000000000000
-0.0000000000000038
0.0000000000000000
-0.0000000000012727
-0.0000000000005808
-0.0000000000014053
-0.0000000000000298
-0.0000000000005725
0.0000000000000000
-0.0000000000005753
0.0000000000000000
-0.0000000000002166
0.0000000000000000
-0.0000000000005628
0.0000000000000000
0.0000000000000000
0.0000000000000000
-0.0000000000008198
0.0000000000000000
0.0000000000000000
-0.0000000000002909
-0.0000000000012394
-0.0000000000004126
-0.0000000000005702
0.0000000000000000
-0.0000000000005580
-0.0000000000006205
0.0000000000000000
0.0000000000000000
-0.0000000000001230
0.0000000000000000
-0.0000000000010293
-0.0000000000009575
-0.0000000000000026
0.0000000000000000
-0.0000000000003825
0.0000000000000000
0.0000000000000000
-0.0000000000010786
-0.0000000000010197
-0.0000000000003062
0.0000000000000000
0.0000000000000000
-0.0000000000005667
-0.0000000000000035
-0.0000000000012932
-0.0000000000001759
0.0000000000000000
0.0000000000000000
-0.0000000000000038
0.0000000000000000
-0.0000000000005619
0.0000000000000000
0.0000000000000000
0.0000000000000000
0.0000000000000000
-0.0000000000000019
-0.0000000000015098
-0.0000000000005753
-0.0000000000000881
-0.0000000000009863
-0.0000000000004427
0.0000000000000000
-0.0000000000012894
0.0000000000000000
-0.0000000000000243
0.0000000000000000
0.0000000000000000
-0.0000000000005606
0.0000000000000000
0.0000000000000000
0.0000000000000000
0.0000000000000000
-0.0000000000001333
-0.0000000000000022
-0.0000000000008941
-0.0000000000005910
-0.0000000000005628
-0.0000000000000189
0.0000000000000000
0.0000000000000000
0.0000000000000000
0.0000000000000000
-0.0000000000005721
-0.0000000000011145
0.0000000000000000
-0.0000000000005856
-0.0000000000004270
0.0000000000000000
-0.0000000000013919
-0.0000000000000061
0.0000000000000000
-0.0000000000009594
-0.0000000000011138
-0.0000000000000013
0.0000000000000000
0.0000000000000000
-0.0000000000001131
0.0000000000000000
0.0000000000000000
0.0000000000000000
0.0000000000000000
-0.0000000000000077
-0.0000000000005709
0.0000000000000000
0.0000000000000000
0.0000000000000000
0.0000000000000000
0.0000000000000000
-0.0000000000013426
0.0000000000000000
-0.0000000000005648
-0.0000000000005910
0.0000000000000000
0.0000000000000000
-0.0000000000002390
0.0000000000000000
0.0000000000000000
0.0000000000000000
0.0000000000000000
-0.0000000000000029
0.0000000000000000
0.0000000000000000
-0.0000000000005481
-0.0000000000011459
0.0000000000000000
0.0000000000000000
-0.0000000000000029
0.0000000000000000
-0.0000000000008973
-0.0000000000005846
-0.0000000000000035
0.0000000000000000
0.0000000000000000
0.0000000000000000
-0.0000000000005792
0.0000000000000000
0.0000000000000000
0.0000000000000000
-0.0000000000004402
-0.0000000000014803
0.0000000000000000
0.0000000000000000
0.0000000000000000
0.0000000000000000
0.0000000000000000
0.0000000000000000
-0.0000000000012881
-0.0000000000009793
0.0000000000000000
0.0000000000000000
-0.0000000000000029
-0.0000000000000048
-0.0000000000001147
-0.0000000000001333
-0.0000000000005487
0.0000000000000000
-0.0000000000011023
0.0000000000000000
0.0000000000000000
0.0000000000000000
-0.0000000000005654
0.0000000000000000
0.0000000000000000
0.0000000000000000
0.0000000000000000
0.0000000000000000
0.0000000000000000
0.0000000000000000
-0.0000000000009863
0.0000000000000000
-0.0000000000008499
0.0000000000000000
0.0000000000000000
0.0000000000000000
0.0000000000000000
-0.0000000000005641
0.0000000000000000
-0.0000000000005516
0.0000000000000000
0.0000000000000000
-0.0000000000008544
0.0000000000000000
-0.0000000000003963
-0.0000000000010145
-0.0000000000015194
0.0000000000000000
0.0000000000000000
-0.0000000000008960
0.0000000000000000
-0.0000000000000042
0.0000000000000000
-0.0000000000000221
0.0000000000000000
0.0000000000000000
0.0000000000000000
0.0000000000000000
-0.0000000000012311
-0.0000000000000516
0.0000000000000000
0.0000000000000000
-0.0000000000009069
-0.0000000000000022
0.0000000000000000
-0.0000000000003014
-0.0000000000012983
-0.0000000000000026
0.0000000000000000
-0.0000000000005520
0.0000000000000000
0.0000000000000000
-0.0000000000004043
0.0000000000000000
0.0000000000000000
-0.0000000000011638
-0.0000000000000080
-0.0000000000005910
0.0000000000000000
-0.0000000000000042
0.0000000000000000
-0.0000000000005664
0.0000000000000000
0.0000000000000000
0.0000000000000000
0.0000000000000000
-0.0000000000005795
-0.0000000000009511
0.0000000000000000
0.0000000000000000
-0.0000000000001538
-0.0000000000012746
0.0000000000000000
0.0000000000000000
0.0000000000000000
0.0000000000000000
-0.0000000000000035
-0.0000000000000016
-0.0000000000000038
-0.0000000000005584
-0.0000000000000042
0.0000000000000000
-0.0000000000005859
0.0000000000000000
0.0000000000000000
0.0000000000000000
0.0000000000000000
0.0000000000000000
0.0000000000000000
-0.0000000000005830
-0.0000000000009415
0.0000000000000000
0.0000000000000000
-0.0000000000001858
-0.0000000000007096
0.0000000000000000
-0.0000000000002355
-0.0000000000004994
-0.0000000000005641
-0.0000000000004763
-0.0000000000005664
-0.0000000000000026
-0.0000000000001477
0.0000000000000000
0.0000000000000000
-0.0000000000008403
-0.0000000000005571
0.0000000000000000
0.0000000000000000
0.0000000000000000
-0.0000000000000019
-0.0000000000015252
-0.0000000000012798
-0.0000000000005869
-0.0000000000005635
-0.0000000000010997
-0.0000000000000058
-0.0000000000000032
0.0000000000000000
-0.0000000000002082
0.0000000000000000
-0.0000000000005058
-0.0000000000004004
-0.0000000000010472
-0.0000000000001842
0.0000000000000000
-0.0000000000004126
-0.0000000000000042
0.0000000000000000
0.0000000000000000
-0.0000000000000026
-0.0000000000001893
-0.0000000000005625
0.0000000000000000
-0.0000000000001586
0.0000000000000000
-0.0000000000004453
-0.0000000000000026
0.0000000000000000
-0.0000000000000038
-0.0000000000002358
-0.0000000000015322
-0.0000000000005503
-0.0000000000000106
0.0000000000000000
0.0000000000000000
0.0000000000000000
0.0000000000000000
0.0000000000000000
0.0000000000000000
-0.0000000000000022
0.0000000000000000
0.0000000000000000
-0.0000000000013208
-0.0000000000008473
-0.0000000000005644
-0.0000000000000042
0.0000000000000000
-0.0000000000007025
0.0000000000000000
0.0000000000000000
0.0000000000000000
0.0000000000000000
-0.0000000000005676
-0.0000000000000980
0.0000000000000000
0.0000000000000000
0.0000000000000000
0.0000000000000000
0.0000000000000000
0.0000000000000000
0.0000000000000000
-0.0000000000015610
-0.0000000000015014
0.0000000000000000
0.0000000000000000
0.0000000000000000
-0.0000000000015424
-0.0000000000005654
-0.0000000000005821
0.0000000000000000
-0.0000000000002752
-0.0000000000003722
0.0000000000000000
-0.0000000000000019
0.0000000000000000
0.0000000000000000
-0.0000000000009056
-0.0000000000000314
0.0000000000000000
-0.0000000000002060
-0.0000000000014957
-0.0000000000012163
0.0000000000000000
0.0000000000000000
-0.0000000000002047
0.0000000000000000
-0.0000000000011068
-0.0000000000012119
0.0000000000000000
-0.0000000000007941
0.0000000000000000
-0.0000000000009274
0.0000000000000000
-0.0000000000005654
-0.0000000000000093
-0.0000000000000019
-0.0000000000004049
0.0000000000000000
-0.0000000000007461
-0.0000000000001586
-0.0000000000010619
0.0000000000000000
-0.0000000000006256
-0.0000000000005670
0.0000000000000000
-0.0000000000005487
0.0000000000000000
0.0000000000000000
0.0000000000000000
0.0000000000000000
0.0000000000000000
-0.0000000000010273
0.0000000000000000
0.0000000000000000
0.0000000000000000
0.0000000000000000
-0.0000000000004562
-0.0000000000002255
-0.0000000000005696
0.0000000000000000
0.0000000000000000
0.0000000000000000
0.0000000000000000
-0.0000000000010088
-0.0000000000000061
-0.0000000000000026
0.0000000000000000
-0.0000000000005789
0.0000000000000000
0.0000000000000000
-0.0000000000015636
0.0000000000000000
-0.0000000000000026
-0.0000000000011721
-0.0000000000005282
-0.0000000000001032
0.0000000000000000
-0.0000000000010735
0.0000000000000000
0.0000000000000000
0.0000000000000000
-0.0000000000012541
-0.0000000000000032
0.0000000000000000
-0.0000000000005734
-0.0000000000000022
-0.0000000000005712
0.0000000000000000
0.0000000000000000
0.0000000000000000
0.0000000000000000
0.0000000000000000
-0.0000000000012561
0.0000000000000000
-0.0000000000008217
-0.0000000000004248
0.0000000000000000
0.0000000000000000
-0.0000000000005667
-0.0000000000010895
0.0000000000000000
0.0000000000000000
-0.0000000000012080
-0.0000000000005779
-0.0000000000004318
0.0000000000000000
0.0000000000000000
0.0000000000000000
0.0000000000000000
0.0000000000000000
0.0000000000000000
-0.0000000000009325
-0.0000000000010504
-0.0000000000005667
-0.0000000000010901
0.0000000000000000
0.0000000000000000
-0.0000000000000029
-0.0000000000000026
-0.0000000000011894
-0.0000000000013490
0.0000000000000000
-0.0000000000000032
0.0000000000000000
0.0000000000000000
-0.0000000000000006
0.0000000000000000
0.0000000000000000
0.0000000000000000
-0.0000000000001727
-0.0000000000012067
-0.0000000000000051
-0.0000000000004712
-0.0000000000000849
-0.0000000000000022
-0.0000000000005753
0.0000000000000000
0.0000000000000000
-0.0000000000008313
0.0000000000000000
-0.0000000000000022
-0.0000000000012247
-0.0000000000006481
-0.0000000000005910
-0.0000000000004382
-0.0000000000002588
0.0000000000000000
-0.0000000000005702
-0.0000000000005683
-0.0000000000001637
-0.0000000000008121
0.0000000000000000
-0.0000000000011119
0.0000000000000000
0.0000000000000000
-0.0000000000013496
-0.0000000000006032
-0.0000000000001711
-0.0000000000003902
0.0000000000000000
0.0000000000000000
-0.0000000000009107
0.0000000000000000
-0.0000000000000022
-0.0000000000000439
-0.0000000000000045
0.0000000000000000
-0.0000000000002444
-0.0000000000015207
0.0000000000000000
-0.0000000000005654
0.0000000000000000
-0.0000000000000038
-0.0000000000008018
0.0000000000000000
0.0000000000000000
0.0000000000000000
-0.0000000000004763
0.0000000000000000
-0.0000000000005369
0.0000000000000000
-0.0000000000000324
0.0000000000000000
0.0000000000000000
-0.0000000000004940
0.0000000000000000
-0.0000000000005728
-0.0000000000005910
0.0000000000000000
0.0000000000000000
-0.0000000000010376
0.0000000000000000
-0.0000000000013656
-0.0000000000000967
-0.0000000000005680
-0.0000000000000029
-0.0000000000005644
-0.0000000000012099
-0.0000000000000026
0.0000000000000000
-0.0000000000014829
0.0000000000000000
0.0000000000000000
0.0000000000000000
0.0000000000000000
0.0000000000000000
-0.0000000000010164
0.0000000000000000
0.0000000000000000
-0.0000000000000022
-0.0000000000015290
0.0000000000000000
-0.0000000000007365
0.0000000000000000
-0.0000000000004514
-0.0000000000015501
-0.0000000000014784
-0.0000000000001544
-0.0000000000001964
0.0000000000000000
0.0000000000000000
-0.0000000000005657
-0.0000000000006647
0.0000000000000000
-0.0000000000014560
-0.0000000000006634
-0.0000000000015501
0.0000000000000000
-0.0000000000004639
0.0000000000000000
-0.0000000000000032
-0.0000000000013445
-0.0000000000014278
-0.0000000000003389
-0.0000000000006506
0.0000000000000000
0.0000000000000000
-0.0000000000001397
-0.0000000000000042
-0.0000000000013816
-0.0000000000005609
0.0000000000000000
-0.0000000000011164
0.0000000000000000
-0.0000000000000051
-0.0000000000005606
-0.0000000000011158
-0.0000000000015482
-0.0000000000001707
-0.0000000000004943
-0.0000000000000035
-0.0000000000007230
-0.0000000000003790
0.0000000000000000
-0.0000000000004312
0.0000000000000000
0.0000000000000000
-0.0000000000013861
0.0000000000000000
0.0000000000000000
-0.0000000000007877
-0.0000000000005363
-0.0000000000005750
-0.0000000000001320
0.0000000000000000
0.0000000000000000
0.0000000000000000
-0.0000000000004725
0.0000000000000000
-0.0000000000015412
0.0000000000000000
0.0000000000000000
0.0000000000000000
-0.0000000000005680
-0.0000000000000067
-0.0000000000005619
0.0000000000000000
-0.0000000000000026
0.0000000000000000
0.0000000000000000
0.0000000000000000
-0.0000000000000042
0.0000000000000000
0.0000000000000000
-0.0000000000005721
0.0000000000000000
-0.0000000000013022
-0.0000000000015514
0.0000000000000000
0.0000000000000000
-0.0000000000000035
-0.0000000000014688
-0.0000000000000048
0.0000000000000000
-0.0000000000005664
-0.0000000000000029
-0.0000000000001041
-0.0000000000009863
-0.0000000000009780
0.0000000000000000
-0.0000000000014765
0.0000000000000000
0.0000000000000000
0.0000000000000000
0.0000000000000000
-0.0000000000001377
0.0000000000000000
-0.0000000000009549
-0.0000000000005654
0.0000000000000000
-0.0000000000003066
-0.0000000000005407
-0.0000000000014521
0.0000000000000000
-0.0000000000000042
-0.0000000000013195
-0.0000000000005725
0.0000000000000000
0.0000000000000000
-0.0000000000011830
-0.0000000000012497
0.0000000000000000
-0.0000000000001739
-0.0000000000000035
0.0000000000000000
0.0000000000000000
0.0000000000000000
0.0000000000000000
-0.0000000000000775
-0.0000000000015540
0.0000000000000000
-0.0000000000000029
-0.0000000000007563
-0.0000000000015424
0.0000000000000000
0.0000000000000000
-0.0000000000010408
0.0000000000000000
0.0000000000000000
-0.0000000000009396
-0.0000000000005692
0.0000000000000000
0.0000000000000000
-0.0000000000000022
0.0000000000000000
-0.0000000000005590
-0.0000000000000362
0.0000000000000000
0.0000000000000000
-0.0000000000001954
0.0000000000000000
0.0000000000000000
0.0000000000000000
0.0000000000000000
-0.0000000000000054
0.0000000000000000
-0.0000000000005587
0.0000000000000000
0.0000000000000000
-0.0000000000005632
0.0000000000000000
0.0000000000000000
-0.0000000000005910
-0.0000000000012381
-0.0000000000000019
0.0000000000000000
-0.0000000000000705
-0.0000000000003059
0.0000000000000000
-0.0000000000014124
0.0000000000000000
-0.0000000000008281
-0.0000000000000038
-0.0000000000009210
0.0000000000000000
-0.0000000000011990
-0.0000000000007442
-0.0000000000005737
-0.0000000000000051
0.0000000000000000
0.0000000000000000
0.0000000000000000
-0.0000000000013836
0.0000000000000000
0.0000000000000000
-0.0000000000000054
0.0000000000000000
0.0000000000000000
-0.0000000000005837
0.0000000000000000
0.0000000000000000
0.0000000000000000
0.0000000000000000
-0.0000000000012811
0.0000000000000000
0.0000000000000000
-0.0000000000005792
-0.0000000000005696
0.0000000000000000
-0.0000000000015014
-0.0000000000014771
0.0000000000000000
-0.0000000000003114
-0.0000000000010478
-0.0000000000004952
-0.0000000000015277
0.0000000000000000
0.0000000000000000
-0.0000000000011126
-0.0000000000012208
0.0000000000000000
-0.0000000000005741
0.0000000000000000
0.0000000000000000
-0.0000000000000891
-0.0000000000001156
-0.0000000000000032
-0.0000000000000042
0.0000000000000000
0.0000000000000000
0.0000000000000000
-0.0000000000004100
-0.0000000000005603
0.0000000000000000
0.0000000000000000
0.0000000000000000
0.0000000000000000
0.0000000000000000
-0.0000000000000042
-0.0000000000000058
0.0000000000000000
0.0000000000000000
-0.0000000000004533
0.0000000000000000
0.0000000000000000
0.0000000000000000
-0.0000000000012349
-0.0000000000010715
0.0000000000000000
0.0000000000000000
-0.0000000000005644
0.0000000000000000
-0.0000000000011497
-0.0000000000005689
0.0000000000000000
-0.0000000000010780
0.0000000000000000
0.0000000000000000
0.0000000000000000
0.0000000000000000
-0.0000000000005600
0.0000000000000000
0.0000000000000000
0.0000000000000000
-0.0000000000011907
-0.0000000000011010
0.0000000000000000
0.0000000000000000
-0.0000000000000042
0.0000000000000000
-0.0000000000005657
0.0000000000000000
0.0000000000000000
-0.0000000000009889
-0.0000000000012054
0.0000000000000000
-0.0000000000005888
-0.0000000000012670
-0.0000000000000026
-0.0000000000000038
-0.0000000000013041
0.0000000000000000
0.0000000000000000
0.0000000000000000
0.0000000000000000
0.0000000000000000
-0.0000000000005564
-0.0000000000004632
0.0000000000000000
-0.0000000000006019
0.0000000000000000
-0.0000000000014284
-0.0000000000000042
-0.0000000000000038
0.0000000000000000
0.0000000000000000
-0.0000000000005737
-0.0000000000013105
-0.0000000000013631
-0.0000000000001211
-0.0000000000009754
0.0000000000000000
0.0000000000000000
-0.0000000000005596
-0.0000000000000054
0.0000000000000000
0.0000000000000000
-0.0000000000010985
0.0000000000000000
0.0000000000000000
-0.0000000000014906
0.0000000000000000
-0.0000000000005411
-0.0000000000010908
0.0000000000000000
-0.0000000000010395
0.0000000000000000
0.0000000000000000
0.0000000000000000
0.0000000000000000
0.0000000000000000
-0.0000000000008729
0.0000000000000000
-0.0000000000014636
-0.0000000000015239
-0.0000000000000090
0.0000000000000000
-0.0000000000000035
-0.0000000000008947
-0.0000000000001397
-0.0000000000003726
-0.0000000000000314
-0.0000000000000026
-0.0000000000008774
-0.0000000000013310
0.0000000000000000
-0.0000000000000593
-0.0000000000005725
0.0000000000000000
-0.0000000000000032
0.0000000000000000
0.0000000000000000
-0.0000000000005709
-0.0000000000005635
0.0000000000000000
-0.0000000000000026
0.0000000000000000
-0.0000000000008941
-0.0000000000005750
0.0000000000000000
-0.0000000000005683
0.0000000000000000
0.0000000000000000
0.0000000000000000
-0.0000000000012490
0.0000000000000000
-0.0000000000005753
0.0000000000000000
-0.0000000000013214
0.0000000000000000
0.0000000000000000
0.0000000000000000
-0.0000000000003396
-0.0000000000005715
-0.0000000000000035
-0.0000000000011484
-0.0000000000005644
-0.0000000000000032
0.0000000000000000
-0.0000000000000035
-0.0000000000000061
-0.0000000000005641
0.0000000000000000
-0.0000000000012151
-0.0000000000005949
0.0000000000000000
0.0000000000000000
-0.0000000000000029
0.0000000000000000
0.0000000000000000
0.0000000000000000
-0.0000000000005843
0.0000000000000000
0.0000000000000000
-0.0000000000009581
0.0000000000000000
0.0000000000000000
0.0000000000000000
-0.0000000000005667
0.0000000000000000
0.0000000000000000
-0.0000000000014515
0.0000000000000000
0.0000000000000000
0.0000000000000000
-0.0000000000009408
-0.0000000000011196
0.0000000000000000
0.0000000000000000
0.0000000000000000
0.0000000000000000
-0.0000000000000099
-0.0000000000010607
0.0000000000000000
-0.0000000000014079
0.0000000000000000
0.0000000000000000
-0.0000000000003998
-0.0000000000000051
-0.0000000000000026
0.0000000000000000
-0.0000000000011971
-0.0000000000002156
0.0000000000000000
-0.0000000000000029
0.0000000000000000
-0.0000000000013906
0.0000000000000000
-0.0000000000012663
-0.0000000000009690
-0.0000000000015098
-0.0000000000008620
-0.0000000000015424
0.0000000000000000
-0.0000000000005616
0.0000000000000000
-0.0000000000000019
0.0000000000000000
-0.0000000000014771
-0.0000000000013426
-0.0000000000005702
-0.0000000000013605
-0.0000000000005580
0.0000000000000000
-0.0000000000002864
-0.0000000000005683
0.0000000000000000
-0.0000000000005744
0.0000000000000000
-0.0000000000000032
0.0000000000000000
-0.0000000000005542
-0.0000000000000061
-0.0000000000012689
0.0000000000000000
-0.0000000000005657
0.0000000000000000
-0.0000000000000061
-0.0000000000004427
0.0000000000000000
0.0000000000000000
-0.0000000000000026
-0.0000000000000029
-0.0000000000000048
-0.0000000000007788
-0.0000000000001361
0.0000000000000000
-0.0000000000005436
0.0000000000000000
0.0000000000000000
0.0000000000000000
-0.0000000000013618
0.0000000000000000
-0.0000000000001615
-0.0000000000005692
-0.0000000000009101
0.0000000000000000
0.0000000000000000
0.0000000000000000
0.0000000000000000
0.0000000000000000
0.0000000000000000
0.0000000000000000
-0.0000000000000038
0.0000000000000000
0.0000000000000000
0.0000000000000000
-0.0000000000000070
-0.0000000000006372
-0.0000000000000042
0.0000000000000000
0.0000000000000000
-0.0000000000010677
-0.0000000000000042
-0.0000000000004305
-0.0000000000012907
-0.0000000000009652
0.0000000000000000
-0.0000000000005590
0.0000000000000000
0.0000000000000000
0.0000000000000000
-0.0000000000008217
-0.0000000000010402
-0.0000000000003069
0.0000000000000000
0.0000000000000000
-0.0000000000007711
-0.0000000000014431
-0.0000000000004639
0.0000000000000000
0.0000000000000000
-0.0000000000009376
0.0000000000000000
-0.0000000000003716
-0.0000000000004523
-0.0000000000002111
0.0000000000000000
0.0000000000000000
0.0000000000000000
0.0000000000000000
-0.0000000000010747
-0.0000000000014668
0.0000000000000000
0.0000000000000000
0.0000000000000000
-0.0000000000000045
-0.0000000000003354
-0.0000000000004949
0.0000000000000000
-0.0000000000000038
-0.0000000000006115
-0.0000000000003780
0.0000000000000000
0.0000000000000000
0.0000000000000000
0.0000000000000000
-0.0000000000005811
0.0000000000000000
0.0000000000000000
0.0000000000000000
0.0000000000000000
-0.0000000000004434
0.0000000000000000
0.0000000000000000
0.0000000000000000
0.0000000000000000
-0.0000000000013522
0.0000000000000000
0.0000000000000000
0.0000000000000000
0.0000000000000000
-0.0000000000000272
-0.0000000000000042
0.0000000000000000
0.0000000000000000
-0.0000000000003431
0.0000000000000000
0.0000000000000000
0.0000000000000000
0.0000000000000000
-0.0000000000000070
0.0000000000000000
-0.0000000000005603
-0.0000000000002848
-0.0000000000003697
0.0000000000000000
-0.0000000000005763
-0.0000000000008371
0.0000000000000000
-0.0000000000000093
-0.0000000000014335
-0.0000000000012253
-0.0000000000001557
0.0000000000000000
-0.0000000000000035
0.0000000000000000
0.0000000000000000
-0.0000000000013445
-0.0000000000000202
0.0000000000000000
0.0000000000000000
-0.0000000000000058
0.0000000000000000
-0.0000000000007743
-0.0000000000001355
0.0000000000000000
0.0000000000000000
0.0000000000000000
0.0000000000000000
0.0000000000000000
-0.0000000000001554
0.0000000000000000
0.0000000000000000
-0.0000000000007704
-0.0000000000012324
0.0000000000000000
0.0000000000000000
0.0000000000000000
-0.0000000000010229
-0.0000000000000115
-0.0000000000000022
-0.0000000000000061
-0.0000000000000026
0.0000000000000000
0.0000000000000000
0.0000000000000000
-0.0000000000005734
-0.0000000000003050
-0.0000000000007256
0.0000000000000000
-0.0000000000009883
0.0000000000000000
0.0000000000000000
-0.0000000000005766
0.0000000000000000
0.0000000000000000
0.0000000000000000
-0.0000000000005552
-0.0000000000005692
-0.0000000000000074
0.0000000000000000
0.0000000000000000
-0.0000000000003040
0.0000000000000000
0.0000000000000000
-0.0000000000005648
-0.0000000000000045
-0.0000000000006384
0.0000000000000000
0.0000000000000000
-0.0000000000011395
0.0000000000000000
-0.0000000000005654
0.0000000000000000
0.0000000000000000
0.0000000000000000
-0.0000000000008121
-0.0000000000003181
0.0000000000000000
-0.0000000000008499
-0.0000000000009120
0.0000000000000000
-0.0000000000015111
-0.0000000000000032
0.0000000000000000
-0.0000000000000074
0.0000000000000000
-0.0000000000003444
-0.0000000000000054
-0.0000000000014938
0.0000000000000000
0.0000000000000000
-0.0000000000003021
-0.0000000000005750
-0.0000000000000490
-0.0000000000002201
-0.0000000000015386
-0.0000000000013297
0.0000000000000000
-0.0000000000000038
0.0000000000000000
0.0000000000000000
0.0000000000000000
0.0000000000000000
0.0000000000000000
-0.0000000000005667
-0.0000000000003674
-0.0000000000005910
-0.0000000000005747
-0.0000000000015649
-0.0000000000011971
0.0000000000000000
0.0000000000000000
-0.0000000000000080
0.0000000000000000
0.0000000000000000
-0.0000000000000051
0.0000000000000000
0.0000000000000000
-0.0000000000005782
-0.0000000000002098
-0.0000000000003697
-0.0000000000013823
-0.0000000000003351
-0.0000000000013957
-0.0000000000005475
0.0000000000000000
-0.0000000000000035
0.0000000000000000
0.0000000000000000
0.0000000000000000
-0.0000000000001749
0.0000000000000000
-0.0000000000001643
0.0000000000000000
-0.0000000000005664
0.0000000000000000
-0.0000000000005910
-0.0000000000000042
0.0000000000000000
0.0000000000000000
0.0000000000000000
0.0000000000000000
-0.0000000000013772
0.0000000000000000
0.0000000000000000
-0.0000000000000019
0.0000000000000000
0.0000000000000000
0.0000000000000000
-0.0000000000005372
-0.0000000000011747
-0.0000000000005234
0.0000000000000000
-0.0000000000005654
-0.0000000000001365
0.0000000000000000
0.0000000000000000
-0.0000000000003620
0.0000000000000000
0.0000000000000000
-0.0000000000011741
0.0000000000000000
0.0000000000000000
0.0000000000000000
-0.0000000000006314
-0.0000000000002544
-0.0000000000010094
-0.0000000000000022
0.0000000000000000
-0.0000000000000032
-0.0000000000006846
-0.0000000000005744
-0.0000000000008050
0.0000000000000000
-0.0000000000005667
-0.0000000000000022
0.0000000000000000
0.0000000000000000
0.0000000000000000
-0.0000000000000022
-0.0000000000005654
-0.0000000000005728
-0.0000000000005750
-0.0000000000014540
0.0000000000000000
-0.0000000000000019
-0.0000000000000743
-0.0000000000005628
-0.0000000000007986
-0.0000000000000884
-0.0000000000007160
-0.0000000000011984
0.0000000000000000
-0.0000000000011644
0.0000000000000000
0.0000000000000000
-0.0000000000005622
-0.0000000000013137
0.0000000000000000
-0.0000000000008082
-0.0000000000005603
0.0000000000000000
0.0000000000000000
0.0000000000000000
-0.0000000000000038
0.0000000000000000
0.0000000000000000
-0.0000000000000756
0.0000000000000000
0.0000000000000000
-0.0000000000000029
0.0000000000000000
0.0000000000000000
0.0000000000000000
0.0000000000000000
0.0000000000000000
-0.0000000000000083
-0.0000000000012439
0.0000000000000000
-0.0000000000003767
-0.0000000000000054
-0.0000000000005676
-0.0000000000000029
0.0000000000000000
0.0000000000000000
-0.0000000000000042
0.0000000000000000
0.0000000000000000
0.0000000000000000
0.0000000000000000
0.0000000000000000
0.0000000000000000
-0.0000000000005734
-0.0000000000005580
-0.0000000000009684
-0.0000000000005676
0.0000000000000000
0.0000000000000000
-0.0000000000008005
-0.0000000000000026
-0.0000000000008896
0.0000000000000000
-0.0000000000005773
-0.0000000000005840
-0.0000000000004075
-0.0000000000004965
-0.0000000000006404
-0.0000000000005574
0.0000000000000000
-0.0000000000005654
0.0000000000000000
-0.0000000000000026
0.0000000000000000
-0.0000000000000070
0.0000000000000000
-0.0000000000013541
-0.0000000000005616
-0.0000000000009620
-0.0000000000012554
0.0000000000000000
-0.0000000000002451
-0.0000000000004328
-0.0000000000000045
-0.0000000000007999
-0.0000000000008569
0.0000000000000000
0.0000000000000000
0.0000000000000000
0.0000000000000000
0.0000000000000000
0.0000000000000000
-0.0000000000000026
-0.0000000000007422
0.0000000000000000
-0.0000000000004219
-0.0000000000002300
0.0000000000000000
-0.0000000000005750
0.0000000000000000
-0.0000000000000042
0.0000000000000000
-0.0000000000003021
-0.0000000000005680
-0.0000000000015098
-0.0000000000014771
-0.0000000000000429
0.0000000000000000
-0.0000000000012894
0.0000000000000000
0.0000000000000000
-0.0000000000005712
0.0000000000000000
-0.0000000000005423
-0.0000000000000019
-0.0000000000001201
0.0000000000000000
0.0000000000000000
-0.0000000000012042
-0.0000000000013919
0.0000000000000000
-0.0000000000015303
0.0000000000000000
0.0000000000000000
-0.0000000000004443
0.0000000000000000
0.0000000000000000
-0.0000000000005673
0.0000000000000000
0.0000000000000000
-0.0000000000013041
-0.0000000000012426
0.0000000000000000
-0.0000000000000561
0.0000000000000000
0.0000000000000000
-0.0000000000000035
-0.0000000000000026
-0.0000000000000407
-0.0000000000000042
-0.0000000000000029
0.0000000000000000
-0.0000000000009261
0.0000000000000000
-0.0000000000013285
-0.0000000000000042
-0.0000000000000042
-0.0000000000000045
0.0000000000000000
0.0000000000000000
-0.0000000000009799
-0.0000000000007717
-0.0000000000005071
0.0000000000000000
-0.0000000000009761
-0.0000000000000019
-0.0000000000011254
-0.0000000000015207
-0.0000000000009383
0.0000000000000000
-0.0000000000005526
0.0000000000000000
0.0000000000000000
-0.0000000000010760
-0.0000000000000644
-0.0000000000000103
-0.0000000000014540
0.0000000000000000
-0.0000000000005487
-0.0000000000014867
-0.0000000000000211
0.0000000000000000
0.0000000000000000
0.0000000000000000
-0.0000000000005651
-0.0000000000005728
0.0000000000000000
-0.0000000000005020
-0.0000000000005539
0.0000000000000000
0.0000000000000000
-0.0000000000012221
-0.0000000000005478
-0.0000000000006308
0.0000000000000000
-0.0000000000009075
0.0000000000000000
-0.0000000000014393
0.0000000000000000
0.0000000000000000
0.0000000000000000
0.0000000000000000
0.0000000000000000
-0.0000000000011753
-0.0000000000001064
-0.0000000000000048
0.0000000000000000
-0.0000000000001108
0.0000000000000000
0.0000000000000000
0.0000000000000000
-0.0000000000000026
0.0000000000000000
-0.0000000000007672
-0.0000000000000019
-0.0000000000000391
0.0000000000000000
0.0000000000000000
-0.0000000000012452
-0.0000000000000042
0.0000000000000000
-0.0000000000005910
0.0000000000000000
0.0000000000000000
-0.0000000000000029
-0.0000000000000035
-0.0000000000000064
-0.0000000000000077
0.0000000000000000
0.0000000000000000
0.0000000000000000
0.0000000000000000
0.0000000000000000
-0.0000000000000019
0.0000000000000000
0.0000000000000000
-0.0000000000012939
-0.0000000000000035
-0.0000000000005670
-0.0000000000006666
-0.0000000000000013
-0.0000000000005619
0.0000000000000000
0.0000000000000000
0.0000000000000000
-0.0000000000005692
-0.0000000000014220
-0.0000000000008966
-0.0000000000005715
-0.0000000000000125
-0.0000000000007743
-0.0000000000000035
0.0000000000000000
0.0000000000000000
-0.0000000000010869
-0.0000000000005840
-0.0000000000005862
-0.0000000000000029
0.0000000000000000
0.0000000000000000
0.0000000000000000
0.0000000000000000
-0.0000000000001291
-0.0000000000005632
-0.0000000000000682
0.0000000000000000
-0.0000000000000032
-0.0000000000000051
-0.0000000000007935
-0.0000000000001653
0.0000000000000000
0.0000000000000000
-0.0000000000000967
0.0000000000000000
0.0000000000000000
-0.0000000000005779
-0.0000000000000080
0.0000000000000000
-0.0000000000000029
-0.0000000000000042
0.0000000000000000
0.0000000000000000
0.0000000000000000
-0.0000000000002627
-0.0000000000003312
0.0000000000000000
-0.0000000000000032
-0.0000000000000042
0.0000000000000000
0.0000000000000000
0.0000000000000000
-0.0000000000000035
-0.0000000000000035
-0.0000000000010459
-0.0000000000005625
0.0000000000000000
-0.0000000000008966
0.0000000000000000
0.0000000000000000
-0.0000000000009037
-0.0000000000003328
-0.0000000000014271
0.0000000000000000
0.0000000000000000
-0.0000000000012227
0.0000000000000000
-0.0000000000010619
0.0000000000000000
-0.0000000000010818
0.0000000000000000
-0.0000000000014854
-0.0000000000000042
0.0000000000000000
-0.0000000000005673
-0.0000000000010651
-0.0000000000005782
0.0000000000000000
0.0000000000000000
0.0000000000000000
0.0000000000000000
0.0000000000000000
0.0000000000000000
-0.0000000000014425
-0.0000000000014592
-0.0000000000000058
-0.0000000000013336
-0.0000000000005593
0.0000000000000000
0.0000000000000000
-0.0000000000000016
-0.0000000000000227
-0.0000000000000054
-0.0000000000005513
0.0000000000000000
-0.0000000000000032
-0.0000000000008729
0.0000000000000000
-0.0000000000003037
0.0000000000000000
0.0000000000000000
0.0000000000000000
0.0000000000000000
0.0000000000000000
-0.0000000000000077
-0.0000000000007781
-0.0000000000000038
-0.0000000000010664
-0.0000000000000038
0.0000000000000000
0.0000000000000000
-0.0000000000012535
-0.0000000000009671
-0.0000000000000292
-0.0000000000014777
-0.0000000000005696
0.0000000000000000
0.0000000000000000
0.0000000000000000
-0.0000000000003649
0.0000000000000000
0.0000000000000000
0.0000000000000000
0.0000000000000000
0.0000000000000000
0.0000000000000000
-0.0000000000004837
-0.0000000000006935
-0.0000000000011298
0.0000000000000000
0.0000000000000000
0.0000000000000000
0.0000000000000000
-0.0000000000000038
-0.0000000000007358
0.0000000000000000
0.0000000000000000
0.0000000000000000
-0.0000000000000106
0.0000000000000000
-0.0000000000004180
-0.0000000000007762
0.0000000000000000
-0.0000000000000026
-0.0000000000000035
-0.0000000000007967
0.0000000000000000
-0.0000000000011145
0.0000000000000000
0.0000000000000000
0.0000000000000000
0.0000000000000000
0.0000000000000000
0.0000000000000000
0.0000000000000000
-0.0000000000007608
-0.0000000000004350
-0.0000000000013688
0.0000000000000000
-0.0000000000000448
0.0000000000000000
-0.0000000000000064
-0.0000000000003287
-0.0000000000000058
0.0000000000000000
0.0000000000000000
0.0000000000000000
0.0000000000000000
-0.0000000000000740
-0.0000000000005680
-0.0000000000000083
-0.0000000000005680
0.0000000000000000
0.0000000000000000
-0.0000000000005910
0.0000000000000000
0.0000000000000000
-0.0000000000005625
-0.0000000000011023
-0.0000000000005689
0.0000000000000000
0.0000000000000000
0.0000000000000000
-0.0000000000005821
0.0000000000000000
0.0000000000000000
-0.0000000000005539
0.0000000000000000
-0.0000000000000070
0.0000000000000000
-0.0000000000003687
0.0000000000000000
-0.0000000000012983
0.0000000000000000
0.0000000000000000
-0.0000000000007307
0.0000000000000000
0.0000000000000000
-0.0000000000010664
-0.0000000000000029
0.0000000000000000
0.0000000000000000
0.0000000000000000
-0.0000000000005590
-0.0000000000000051
-0.0000000000000022
-0.0000000000012855
0.0000000000000000
0.0000000000000000
0.0000000000000000
-0.0000000000015610
0.0000000000000000
-0.0000000000000022
0.0000000000000000
0.0000000000000000
0.0000000000000000
-0.0000000000000058
0.0000000000000000
-0.0000000000005725
-0.0000000000011785
0.0000000000000000
-0.0000000000013624
-0.0000000000000340
0.0000000000000000
-0.0000000000005910
-0.0000000000005555
0.0000000000000000
-0.0000000000000058
0.0000000000000000
0.0000000000000000
-0.0000000000012855
-0.0000000000000048
0.0000000000000000
0.0000000000000000
-0.0000000000005712
0.0000000000000000
-0.0000000000005699
0.0000000000000000
-0.0000000000000038
0.0000000000000000
0.0000000000000000
-0.0000000000000026
0.0000000000000000
-0.0000000000013189
-0.0000000000002781
-0.0000000000000064
-0.0000000000000048
0.0000000000000000
0.0000000000000000
0.0000000000000000
0.0000000000000000
0.0000000000000000
-0.0000000000005657
0.0000000000000000
0.0000000000000000
0.0000000000000000
-0.0000000000000035
-0.0000000000000058
-0.0000000000000038
0.0000000000000000
-0.0000000000002979
0.0000000000000000
-0.0000000000000070
0.0000000000000000
-0.0000000000011849
0.0000000000000000
0.0000000000000000
0.0000000000000000
-0.0000000000002015
-0.0000000000013624
0.0000000000000000
-0.0000000000000042
-0.0000000000015155
0.0000000000000000
-0.0000000000000029
-0.0000000000005001
-0.0000000000008339
-0.0000000000005612
-0.0000000000010056
-0.0000000000011638
-0.0000000000013221
-0.0000000000001691
-0.0000000000000064
-0.0000000000011715
-0.0000000000005676
-0.0000000000005699
0.0000000000000000
0.0000000000000000
0.0000000000000000
0.0000000000000000
-0.0000000000007820
-0.0000000000013727
-0.0000000000005577
0.0000000000000000
0.0000000000000000
0.0000000000000000
-0.0000000000004562
0.0000000000000000
0.0000000000000000
-0.0000000000012330
-0.0000000000000109
0.0000000000000000
0.0000000000000000
0.0000000000000000
0.0000000000000000
-0.0000000000000061
-0.0000000000007935
0.0000000000000000
0.0000000000000000
-0.0000000000013887
0.0000000000000000
-0.0000000000005574
-0.0000000000010248
-0.0000000000005894
0.0000000000000000
-0.0000000000005660
0.0000000000000000
-0.0000000000000042
0.0000000000000000
0.0000000000000000
-0.0000000000000054
-0.0000000000005737
0.0000000000000000
0.0000000000000000
-0.0000000000003806
0.0000000000000000
-0.0000000000000048
-0.0000000000010402
0.0000000000000000
-0.0000000000009742
-0.0000000000013016
0.0000000000000000
0.0000000000000000
-0.0000000000003261
0.0000000000000000
0.0000000000000000
0.0000000000000000
-0.0000000000000032
-0.0000000000001762
0.0000000000000000
0.0000000000000000
-0.0000000000000032
-0.0000000000000042
-0.0000000000013669
-0.0000000000005635
0.0000000000000000
-0.0000000000000045
-0.0000000000009671
0.0000000000000000
0.0000000000000000
-0.0000000000010953
0.0000000000000000
0.0000000000000000
0.0000000000000000
-0.0000000000013349
0.0000000000000000
-0.0000000000002550
-0.0000000000005817
0.0000000000000000
0.0000000000000000
0.0000000000000000
-0.0000000000013426
0.0000000000000000
-0.0000000000009722
0.0000000000000000
-0.0000000000005484
-0.0000000000013656
0.0000000000000000
0.0000000000000000
-0.0000000000003857
0.0000000000000000
-0.0000000000002809
-0.0000000000005558
-0.0000000000001076
-0.0000000000002396
0.0000000000000000
-0.0000000000005795
0.0000000000000000
0.0000000000000000
-0.0000000000000035
0.0000000000000000
0.0000000000000000
-0.0000000000003732
-0.0000000000003418
0.0000000000000000
-0.0000000000006641
-0.0000000000013893
0.0000000000000000
-0.0000000000007877
0.0000000000000000
-0.0000000000000045
-0.0000000000003623
-0.0000000000006839
-0.0000000000009242
0.0000000000000000
0.0000000000000000
0.0000000000000000
-0.0000000000001659
-0.0000000000005814
-0.0000000000000269
-0.0000000000004068
0.0000000000000000
-0.0000000000008383
0.0000000000000000
0.0000000000000000
-0.0000000000010498
0.0000000000000000
0.0000000000000000
-0.0000000000001768
-0.0000000000001797
-0.0000000000000227
0.0000000000000000
0.0000000000000000
-0.0000000000000029
-0.0000000000004475
-0.0000000000011907
-0.0000000000010209
-0.0000000000015066
-0.0000000000005568
-0.0000000000000032
0.0000000000000000
-0.0000000000004123
0.0000000000000000
0.0000000000000000
0.0000000000000000
0.0000000000000000
0.0000000000000000
0.0000000000000000
0.0000000000000000
-0.0000000000005651
-0.0000000000012317
-0.0000000000001403
0.0000000000000000
0.0000000000000000
-0.0000000000004216
0.0000000000000000
0.0000000000000000
-0.0000000000005692
0.0000000000000000
0.0000000000000000
-0.0000000000000032
0.0000000000000000
-0.0000000000000064
-0.0000000000000029
-0.0000000000008992
-0.0000000000002287
-0.0000000000002585
0.0000000000000000
-0.0000000000013240
-0.0000000000014182
0.0000000000000000
0.0000000000000000
-0.0000000000000019
0.0000000000000000
-0.0000000000007743
-0.0000000000008524
0.0000000000000000
-0.0000000000012477
-0.0000000000007999
-0.0000000000000961
-0.0000000000005660
-0.0000000000000016
-0.0000000000014034
0.0000000000000000
-0.0000000000008672
0.0000000000000000
-0.0000000000005773
0.0000000000000000
-0.0000000000005497
-0.0000000000011023
-0.0000000000015392
0.0000000000000000
-0.0000000000001518
0.0000000000000000
0.0000000000000000
0.0000000000000000
0.0000000000000000
0.0000000000000000
-0.0000000000014169
0.0000000000000000
0.0000000000000000
0.0000000000000000
-0.0000000000009646
-0.0000000000013259
0.0000000000000000
-0.0000000000005686
-0.0000000000009312
0.0000000000000000
0.0000000000000000
-0.0000000000005651
-0.0000000000003399
0.0000000000000000
0.0000000000000000
-0.0000000000005632
0.0000000000000000
0.0000000000000000
0.0000000000000000
0.0000000000000000
0.0000000000000000
-0.0000000000009748
0.0000000000000000
0.0000000000000000
0.0000000000000000
0.0000000000000000
-0.0000000000008819
0.0000000000000000
0.0000000000000000
0.0000000000000000
0.0000000000000000
-0.0000000000001900
0.0000000000000000
-0.0000000000005555
-0.0000000000000042
-0.0000000000012432
0.0000000000000000
-0.0000000000000029
-0.0000000000005753
-0.0000000000000029
-0.0000000000013118
-0.0000000000007320
0.0000000000000000
-0.0000000000008857
-0.0000000000000096
-0.0000000000000042
0.0000000000000000
0.0000000000000000
0.0000000000000000
0.0000000000000000
-0.0000000000002758
0.0000000000000000
0.0000000000000000
0.0000000000000000
0.0000000000000000
-0.0000000000012509
0.0000000000000000
0.0000000000000000
-0.0000000000013342
-0.0000000000000022
0.0000000000000000
0.0000000000000000
0.0000000000000000
0.0000000000000000
0.0000000000000000
0.0000000000000000
0.0000000000000000
-0.0000000000007012
0.0000000000000000
0.0000000000000000
-0.0000000000008979
-0.0000000000000099
0.0000000000000000
-0.0000000000013067
-0.0000000000005741
-0.0000000000002149
-0.0000000000002409
0.0000000000000000
0.0000000000000000
0.0000000000000000
-0.0000000000001701
-0.0000000000000022
-0.0000000000007089
-0.0000000000005680
-0.0000000000000035
-0.0000000000003210
-0.0000000000013707
-0.0000000000000019
-0.0000000000003456
-0.0000000000003681
-0.0000000000000481
0.0000000000000000
-0.0000000000007224
0.0000000000000000
0.0000000000000000
0.0000000000000000
0.0000000000000000
0.0000000000000000
0.0000000000000000
-0.0000000000014745
-0.0000000000006807
0.0000000000000000
-0.0000000000005657
-0.0000000000000042
0.0000000000000000
0.0000000000000000
0.0000000000000000
0.0000000000000000
0.0000000000000000
-0.0000000000005741
0.0000000000000000
0.0000000000000000
0.0000000000000000
-0.0000000000011183
0.0000000000000000
-0.0000000000005484
-0.0000000000000026
0.0000000000000000
0.0000000000000000
-0.0000000000000035
0.0000000000000000
-0.0000000000009633
-0.0000000000000634
0.0000000000000000
-0.0000000000008652
0.0000000000000000
0.0000000000000000
0.0000000000000000
-0.0000000000000022
0.0000000000000000
0.0000000000000000
0.0000000000000000
-0.0000000000015232
0.0000000000000000
-0.0000000000011882
-0.0000000000009697
0.0000000000000000
-0.0000000000005910
-0.0000000000006006
0.0000000000000000
-0.0000000000005664
0.0000000000000000
-0.0000000000014963
0.0000000000000000
0.0000000000000000
0.0000000000000000
-0.0000000000013374
-0.0000000000000042
-0.0000000000002431
0.0000000000000000
-0.0000000000003408
-0.0000000000000019
0.0000000000000000
0.0000000000000000
-0.0000000000003088
-0.0000000000000038
-0.0000000000000035
-0.0000000000001028
0.0000000000000000
-0.0000000000000035
0.0000000000000000
-0.0000000000000022
-0.0000000000005673
0.0000000000000000
0.0000000000000000
-0.0000000000005760
0.0000000000000000
-0.0000000000001486
-0.0000000000015348
-0.0000000000005660
-0.0000000000008934
-0.0000000000013759
-0.0000000000005600
0.0000000000000000
0.0000000000000000
0.0000000000000000
-0.0000000000005753
-0.0000000000004270
0.0000000000000000
-0.0000000000009934
-0.0000000000010414
-0.0000000000007480
-0.0000000000000054
0.0000000000000000
-0.0000000000008979
-0.0000000000000029
0.0000000000000000
-0.0000000000006711
-0.0000000000000045
0.0000000000000000
0.0000000000000000
-0.0000000000005734
0.0000000000000000
0.0000000000000000
-0.0000000000005600
-0.0000000000000352
0.0000000000000000
-0.0000000000000045
0.0000000000000000
-0.0000000000005593
0.0000000000000000
-0.0000000000000032
-0.0000000000000038
-0.0000000000002547
0.0000000000000000
0.0000000000000000
0.0000000000000000
0.0000000000000000
-0.0000000000011920
0.0000000000000000
0.0000000000000000
-0.0000000000014387
-0.0000000000004040
0.0000000000000000
-0.0000000000012003
-0.0000000000001278
0.0000000000000000
-0.0000000000010562
-0.0000000000014310
-0.0000000000000388
-0.0000000000005721
-0.0000000000007583
0.0000000000000000
0.0000000000000000
-0.0000000000005587
0.0000000000000000
-0.0000000000011555
0.0000000000000000
-0.0000000000013304
-0.0000000000005029
0.0000000000000000
-0.0000000000000878
0.0000000000000000
0.0000000000000000
0.0000000000000000
0.0000000000000000
-0.0000000000003431
0.0000000000000000
-0.0000000000015476
0.0000000000000000
-0.0000000000009011
0.0000000000000000
-0.0000000000000029
-0.0000000000005865
-0.0000000000000051
-0.0000000000002841
0.0000000000000000
0.0000000000000000
0.0000000000000000
-0.0000000000005811
0.0000000000000000
0.0000000000000000
-0.0000000000015226
0.0000000000000000
-0.0000000000005523
-0.0000000000009152
-0.0000000000000026
0.0000000000000000
0.0000000000000000
0.0000000000000000
-0.0000000000000474
0.0000000000000000
0.0000000000000000
-0.0000000000008415
0.0000000000000000
0.0000000000000000
0.0000000000000000
0.0000000000000000
-0.0000000000005638
0.0000000000000000
-0.0000000000009498
-0.0000000000005734
0.0000000000000000
-0.0000000000012400
-0.0000000000005411
-0.0000000000000026
-0.0000000000000022
0.0000000000000000
-0.0000000000005683
-0.0000000000007608
-0.0000000000005590
0.0000000000000000
0.0000000000000000
-0.0000000000015232
0.0000000000000000
-0.0000000000006500
-0.0000000000005106
-0.0000000000010575
0.0000000000000000
-0.0000000000009883
-0.0000000000000032
-0.0000000000000022
-0.0000000000000086
-0.0000000000003002
0.0000000000000000
-0.0000000000003072
0.0000000000000000
0.0000000000000000
-0.0000000000008556
0.0000000000000000
-0.0000000000013361
0.0000000000000000
-0.0000000000005689
0.0000000000000000
0.0000000000000000
-0.0000000000012644
-0.0000000000002089
0.0000000000000000
0.0000000000000000
-0.0000000000005052
0.0000000000000000
-0.0000000000005580
0.0000000000000000
-0.0000000000013028
-0.0000000000007800
-0.0000000000005769
0.0000000000000000
0.0000000000000000
-0.0000000000005795
-0.0000000000005753
0.0000000000000000
-0.0000000000006654
0.0000000000000000
-0.0000000000000016
0.0000000000000000
-0.0000000000000019
-0.0000000000012439
0.0000000000000000
-0.0000000000000032
0.0000000000000000
-0.0000000000011497
0.0000000000000000
0.0000000000000000
-0.0000000000015444
-0.0000000000008793
-0.0000000000000038
-0.0000000000000029
-0.0000000000009229
-0.0000000000000032
0.0000000000000000
-0.0000000000005622
-0.0000000000000042
0.0000000000000000
0.0000000000000000
-0.0000000000008934
-0.0000000000011990
-0.0000000000011196
0.0000000000000000
0.0000000000000000
0.0000000000000000
0.0000000000000000
0.0000000000000000
-0.0000000000007807
-0.0000000000012939
-0.0000000000014829
0.0000000000000000
0.0000000000000000
-0.0000000000008178
-0.0000000000000061
-0.0000000000005443
-0.0000000000001896
-0.0000000000005555
0.0000000000000000
0.0000000000000000
-0.0000000000010017
-0.0000000000005910
-0.0000000000000878
-0.0000000000005270
0.0000000000000000
-0.0000000000014970
-0.0000000000003713
-0.0000000000000042
-0.0000000000005667
0.0000000000000000
0.0000000000000000
0.0000000000000000
0.0000000000000000
-0.0000000000006974
0.0000000000000000
-0.0000000000005923
-0.0000000000010671
0.0000000000000000
0.0000000000000000
0.0000000000000000
0.0000000000000000
0.0000000000000000
0.0000000000000000
0.0000000000000000
0.0000000000000000
0.0000000000000000
-0.0000000000000042
-0.0000000000008723
0.0000000000000000
0.0000000000000000
-0.0000000000012721
0.0000000000000000
0.0000000000000000
0.0000000000000000
0.0000000000000000
0.0000000000000000
-0.0000000000006859
0.0000000000000000
0.0000000000000000
0.0000000000000000
-0.0000000000011331
0.0000000000000000
-0.0000000000001679
-0.0000000000004104
-0.0000000000015636
0.0000000000000000
0.0000000000000000
-0.0000000000005692
-0.0000000000000029
0.0000000000000000
-0.0000000000013329
-0.0000000000005683
0.0000000000000000
-0.0000000000000035
-0.0000000000013438
0.0000000000000000
-0.0000000000006846
-0.0000000000000067
-0.0000000000000035
-0.0000000000003473
0.0000000000000000
0.0000000000000000
0.0000000000000000
-0.0000000000005676
0.0000000000000000
0.0000000000000000
-0.0000000000013823
-0.0000000000005590
0.0000000000000000
0.0000000000000000
-0.0000000000000026
-0.0000000000012163
-0.0000000000013605
-0.0000000000015162
0.0000000000000000
0.0000000000000000
0.0000000000000000
-0.0000000000013586
0.0000000000000000
0.0000000000000000
-0.0000000000004818
-0.0000000000014893
0.0000000000000000
-0.0000000000005875
0.0000000000000000
-0.0000000000000103
-0.0000000000002739
0.0000000000000000
0.0000000000000000
-0.0000000000009626
0.0000000000000000
-0.0000000000000029
-0.0000000000000035
0.0000000000000000
0.0000000000000000
0.0000000000000000
-0.0000000000000054
0.0000000000000000
0.0000000000000000
0.0000000000000000
-0.0000000000005644
-0.0000000000007877
-0.0000000000005609
-0.0000000000005789
-0.0000000000000064
-0.0000000000008749
-0.0000000000012798
-0.0000000000013342
0.0000000000000000
0.0000000000000000
0.0000000000000000
0.0000000000000000
0.0000000000000000
-0.0000000000014604
-0.0000000000007679
-0.0000000000008800
-0.0000000000002476
0.0000000000000000
0.0000000000000000
0.0000000000000000
0.0000000000000000
0.0000000000000000
0.0000000000000000
-0.0000000000007032
0.0000000000000000
-0.0000000000005603
-0.0000000000000042
-0.0000000000000032
-0.0000000000001768
0.0000000000000000
0.0000000000000000
-0.0000000000005327
-0.0000000000009972
-0.0000000000002169
0.0000000000000000
0.0000000000000000
0.0000000000000000
-0.0000000000015424
-0.0000000000000048
-0.0000000000005503
0.0000000000000000
-0.0000000000000029
0.0000000000000000
0.0000000000000000
0.0000000000000000
0.0000000000000000
0.0000000000000000
-0.0000000000000035
0.0000000000000000
-0.0000000000006301
-0.0000000000000029
-0.0000000000005673
0.0000000000000000
-0.0000000000000042
-0.0000000000013086
-0.0000000000000032
-0.0000000000000038
-0.0000000000004526
0.0000000000000000
-0.0000000000000042
-0.0000000000000029
-0.0000000000005702
0.0000000000000000
-0.0000000000005942
0.0000000000000000
0.0000000000000000
0.0000000000000000
-0.0000000000010933
-0.0000000000011536
-0.0000000000005670
0.0000000000000000
0.0000000000000000
-0.0000000000005478
0.0000000000000000
-0.0000000000005709
-0.0000000000005651
-0.0000000000014284
-0.0000000000000029
0.0000000000000000
0.0000000000000000
0.0000000000000000
0.0000000000000000
-0.0000000000005721
0.0000000000000000
-0.0000000000014572
0.0000000000000000
0.0000000000000000
-0.0000000000005689
-0.0000000000009101
-0.0000000000015457
0.0000000000000000
-0.0000000000005379
-0.0000000000009300
-0.0000000000000106
0.0000000000000000
0.0000000000000000
0.0000000000000000
0.0000000000000000
-0.0000000000005757
0.0000000000000000
-0.0000000000009364
-0.0000000000000029
0.0000000000000000
-0.0000000000005712
-0.0000000000000074
-0.0000000000013836
0.0000000000000000
-0.0000000000005773
-0.0000000000013855
-0.0000000000007089
0.0000000000000000
0.0000000000000000
-0.0000000000013855
-0.0000000000005753
-0.0000000000013932
-0.0000000000000067
-0.0000000000005808
-0.0000000000005712
-0.0000000000005587
0.0000000000000000
-0.0000000000014425
0.0000000000000000
0.0000000000000000
-0.0000000000006942
0.0000000000000000
-0.0000000000005734
0.0000000000000000
0.0000000000000000
-0.0000000000012375
-0.0000000000000471
0.0000000000000000
-0.0000000000000022
-0.0000000000005660
0.0000000000000000
0.0000000000000000
0.0000000000000000
0.0000000000000000
-0.0000000000000032
0.0000000000000000
-0.0000000000001980
0.0000000000000000
0.0000000000000000
0.0000000000000000
0.0000000000000000
-0.0000000000006301
0.0000000000000000
0.0000000000000000
-0.0000000000001563
-0.0000000000000042
0.0000000000000000
-0.0000000000005769
-0.0000000000010728
-0.0000000000006397
-0.0000000000005657
0.0000000000000000
-0.0000000000000541
-0.0000000000000676
-0.0000000000014303
0.0000000000000000
0.0000000000000000
0.0000000000000000
0.0000000000000000
0.0000000000000000
-0.0000000000013823
-0.0000000000003239
0.0000000000000000
0.0000000000000000
-0.0000000000000753
0.0000000000000000
-0.0000000000005782
-0.0000000000012714
0.0000000000000000
-0.0000000000002339
0.0000000000000000
0.0000000000000000
0.0000000000000000
0.0000000000000000
-0.0000000000000032
-0.0000000000009742
-0.0000000000011215
-0.0000000000008569
-0.0000000000005734
0.0000000000000000
0.0000000000000000
-0.0000000000005849
-0.0000000000000022
0.0000000000000000
-0.0000000000010254
-0.0000000000005744
0.0000000000000000
0.0000000000000000
-0.0000000000005712
-0.0000000000005516
-0.0000000000004642
0.0000000000000000
0.0000000000000000
-0.0000000000000032
0.0000000000000000
-0.0000000000000029
-0.0000000000005584
0.0000000000000000
-0.0000000000006628
0.0000000000000000
0.0000000000000000
-0.0000000000003915
0.0000000000000000
-0.0000000000005680
0.0000000000000000
-0.0000000000002348
0.0000000000000000
-0.0000000000015098
-0.0000000000000054
0.0000000000000000
-0.0000000000000026
-0.0000000000000048
-0.0000000000005709
0.0000000000000000
0.0000000000000000
0.0000000000000000
0.0000000000000000
0.0000000000000000
-0.0000000000012561
-0.0000000000004837
-0.0000000000000029
-0.0000000000012919
-0.0000000000011638
-0.0000000000005686
-0.0000000000014387
-0.0000000000000051
-0.0000000000015040
0.0000000000000000
0.0000000000000000
-0.0000000000007051
0.0000000000000000
-0.0000000000009985
0.0000000000000000
0.0000000000000000
0.0000000000000000
0.0000000000000000
-0.0000000000003405
0.0000000000000000
0.0000000000000000
-0.0000000000005529
-0.0000000000010523
-0.0000000000008800
0.0000000000000000
-0.0000000000009255
-0.0000000000000029
-0.0000000000005699
-0.0000000000014310
-0.0000000000000051
0.0000000000000000
-0.0000000000014675
-0.0000000000005728
-0.0000000000000026
-0.0000000000011901
0.0000000000000000
-0.0000000000000029
0.0000000000000000
-0.0000000000000029
-0.0000000000005715
-0.0000000000015008
-0.0000000000000058
-0.0000000000000022
0.0000000000000000
-0.0000000000005673
-0.0000000000012509
-0.0000000000000054
-0.0000000000012394
0.0000000000000000
-0.0000000000005766
0.0000000000000000
-0.0000000000000032
-0.0000000000005782
0.0000000000000000
-0.0000000000000029
-0.0000000000005731
0.0000000000000000
0.0000000000000000
-0.0000000000012798
0.0000000000000000
0.0000000000000000
-0.0000000000000038
-0.0000000000005449
0.0000000000000000
-0.0000000000005596
-0.0000000000000032
-0.0000000000000032
-0.0000000000001096
-0.0000000000015533
0.0000000000000000
0.0000000000000000
0.0000000000000000
0.0000000000000000
0.0000000000000000
0.0000000000000000
0.0000000000000000
0.0000000000000000
0.0000000000000000
-0.0000000000000042
0.0000000000000000
0.0000000000000000
0.0000000000000000
0.0000000000000000
0.0000000000000000
-0.0000000000000503
-0.0000000000008556
0.0000000000000000
0.0000000000000000
-0.0000000000013977
-0.0000000000000029
0.0000000000000000
0.0000000000000000
-0.0000000000005600
-0.0000000000000035
-0.0000000000005660
0.0000000000000000
0.0000000000000000
-0.0000000000000022
-0.0000000000003815
-0.0000000000012087
-0.0000000000005821
0.0000000000000000
-0.0000000000005052
-0.0000000000000077
-0.0000000000001701
0.0000000000000000
-0.0000000000005817
0.0000000000000000
0.0000000000000000
0.0000000000000000
0.0000000000000000
-0.0000000000006147
-0.0000000000011728
0.0000000000000000
0.0000000000000000
-0.0000000000000135
-0.0000000000005231
0.0000000000000000
0.0000000000000000
0.0000000000000000
0.0000000000000000
-0.0000000000005837
0.0000000000000000
0.0000000000000000
-0.0000000000014624
0.0000000000000000
0.0000000000000000
-0.0000000000010325
-0.0000000000005910
-0.0000000000008947
-0.0000000000005600
0.0000000000000000
-0.0000000000013483
0.0000000000000000
-0.0000000000000035
-0.0000000000005869
-0.0000000000011830
-0.0000000000009030
0.0000000000000000
-0.0000000000005785
0.0000000000000000
-0.0000000000008563
-0.0000000000005106
-0.0000000000000026
0.0000000000000000
-0.0000000000000026
0.0000000000000000
0.0000000000000000
-0.0000000000000215
-0.0000000000000266
-0.0000000000000237
-0.0000000000012676
-0.0000000000000035
-0.0000000000008371
-0.0000000000000026
-0.0000000000000038
-0.0000000000001195
-0.0000000000014457
-0.0000000000014867
0.0000000000000000
0.0000000000000000
-0.0000000000000032
0.0000000000000000
0.0000000000000000
0.0000000000000000
0.0000000000000000
-0.0000000000010280
0.0000000000000000
-0.0000000000005635
0.0000000000000000
-0.0000000000001707
-0.0000000000007281
0.0000000000000000
0.0000000000000000
0.0000000000000000
-0.0000000000005600
-0.0000000000004110
-0.0000000000001852
0.0000000000000000
0.0000000000000000
-0.0000000000011651
0.0000000000000000
-0.0000000000007922
0.0000000000000000
-0.0000000000000061
-0.0000000000004706
-0.0000000000006301
0.0000000000000000
-0.0000000000005545
0.0000000000000000
0.0000000000000000
-0.0000000000001474
-0.0000000000012836
-0.0000000000013112
0.0000000000000000
0.0000000000000000
-0.0000000000005744
-0.0000000000002841
-0.0000000000005596
-0.0000000000008377
-0.0000000000015322
0.0000000000000000
0.0000000000000000
0.0000000000000000
-0.0000000000010575
0.0000000000000000
0.0000000000000000
0.0000000000000000
0.0000000000000000
0.0000000000000000
0.0000000000000000
-0.0000000000002806
0.0000000000000000
-0.0000000000003149
-0.0000000000008242
-0.0000000000001442
0.0000000000000000
0.0000000000000000
-0.0000000000005673
-0.0000000000011747
0.0000000000000000
-0.0000000000000035
0.0000000000000000
0.0000000000000000
0.0000000000000000
-0.0000000000003940
-0.0000000000010427
-0.0000000000000022
-0.0000000000000038
0.0000000000000000
-0.0000000000005593
-0.0000000000005683
0.0000000000000000
0.0000000000000000
0.0000000000000000
-0.0000000000000426
0.0000000000000000
0.0000000000000000
0.0000000000000000
-0.0000000000000054
-0.0000000000014982
-0.0000000000000029
-0.0000000000000035
-0.0000000000013945
-0.0000000000011151
-0.0000000000011266
0.0000000000000000
-0.0000000000000042
0.0000000000000000
-0.0000000000014041
0.0000000000000000
0.0000000000000000
-0.0000000000005055
0.0000000000000000
-0.0000000000005311
-0.0000000000005382
-0.0000000000002954
0.0000000000000000
0.0000000000000000
-0.0000000000005753
0.0000000000000000
-0.0000000000014329
0.0000000000000000
0.0000000000000000
-0.0000000000005494
-0.0000000000000022
-0.0000000000014406
0.0000000000000000
-0.0000000000006615
-0.0000000000004043
-0.0000000000003011
0.0000000000000000
0.0000000000000000
-0.0000000000003325
0.0000000000000000
0.0000000000000000
-0.0000000000000019
-0.0000000000002848
-0.0000000000005910
0.0000000000000000
0.0000000000000000
0.0000000000000000
-0.0000000000012855
-0.0000000000000035
0.0000000000000000
0.0000000000000000
-0.0000000000000839
-0.0000000000015642
0.0000000000000000
0.0000000000000000
-0.0000000000013182
0.0000000000000000
0.0000000000000000
0.0000000000000000
-0.0000000000004485
0.0000000000000000
-0.0000000000000038
0.0000000000000000
-0.0000000000010421
-0.0000000000001977
0.0000000000000000
0.0000000000000000
0.0000000000000000
0.0000000000000000
0.0000000000000000
0.0000000000000000
0.0000000000000000
-0.0000000000004171
0.0000000000000000
0.0000000000000000
0.0000000000000000
-0.0000000000015207
-0.0000000000009005
-0.0000000000008204
0.0000000000000000
-0.0000000000002681
-0.0000000000005676
-0.0000000000009742
-0.0000000000005773
0.0000000000000000
0.0000000000000000
-0.0000000000010414
0.0000000000000000
0.0000000000000000
-0.0000000000000042
-0.0000000000009293
0.0000000000000000
0.0000000000000000
0.0000000000000000
-0.0000000000005910
-0.0000000000002656
-0.0000000000000035
-0.0000000000004084
0.0000000000000000
0.0000000000000000
0.0000000000000000
0.0000000000000000
-0.0000000000014771
-0.0000000000005680
-0.0000000000013368
0.0000000000000000
0.0000000000000000
-0.0000000000013156
-0.0000000000005568
-0.0000000000000029
0.0000000000000000
-0.0000000000007384
-0.0000000000007307
-0.0000000000000817
0.0000000000000000
-0.0000000000009658
-0.0000000000012951
-0.0000000000004206
0.0000000000000000
-0.0000000000004639
-0.0000000000012029
0.0000000000000000
-0.0000000000006352
0.0000000000000000
0.0000000000000000
-0.0000000000000022
0.0000000000000000
-0.0000000000000054
0.0000000000000000
0.0000000000000000
0.0000000000000000
-0.0000000000006026
-0.0000000000003748
0.0000000000000000
0.0000000000000000
0.0000000000000000
-0.0000000000005683
0.0000000000000000
-0.0000000000005872
-0.0000000000005686
0.0000000000000000
-0.0000000000008242
-0.0000000000005830
0.0000000000000000
-0.0000000000000029
0.0000000000000000
0.0000000000000000
-0.0000000000001499
0.0000000000000000
-0.0000000000005648
-0.0000000000003351
0.0000000000000000
0.0000000000000000
0.0000000000000000
-0.0000000000003610
-0.0000000000009748
-0.0000000000009376
-0.0000000000010088
-0.0000000000014848
0.0000000000000000
0.0000000000000000
0.0000000000000000
-0.0000000000007781
0.0000000000000000
-0.0000000000015200
0.0000000000000000
-0.0000000000007890
-0.0000000000000125
0.0000000000000000
0.0000000000000000
-0.0000000000000218
0.0000000000000000
0.0000000000000000
-0.0000000000000077
-0.0000000000014777
0.0000000000000000
-0.0000000000014720
-0.0000000000005734
0.0000000000000000
0.0000000000000000
0.0000000000000000
-0.0000000000000650
0.0000000000000000
0.0000000000000000
0.0000000000000000
-0.0000000000008339
0.0000000000000000
-0.0000000000004757
-0.0000000000002649
-0.0000000000007454
0.0000000000000000
0.0000000000000000
-0.0000000000000019
0.0000000000000000
0.0000000000000000
0.0000000000000000
-0.0000000000005849
0.0000000000000000
0.0000000000000000
0.0000000000000000
0.0000000000000000
-0.0000000000001499
-0.0000000000000019
-0.0000000000000029
0.0000000000000000
0.0000000000000000
0.0000000000000000
0.0000000000000000
-0.0000000000000971
0.0000000000000000
0.0000000000000000
0.0000000000000000
-0.0000000000009716
0.0000000000000000
-0.0000000000008364
-0.0000000000000035
-0.0000000000005660
0.0000000000000000
-0.0000000000002553
-0.0000000000010004
0.0000000000000000
-0.0000000000011446
0.0000000000000000
-0.0000000000005657
0.0000000000000000
0.0000000000000000
0.0000000000000000
0.0000000000000000
0.0000000000000000
-0.0000000000013586
-0.0000000000004584
-0.0000000000000026
0.0000000000000000
-0.0000000000001932
-0.0000000000006416
0.0000000000000000
-0.0000000000002342
0.0000000000000000
0.0000000000000000
-0.0000000000005910
-0.0000000000005484
-0.0000000000009549
-0.0000000000013868
-0.0000000000014207
0.0000000000000000
-0.0000000000000042
-0.0000000000005750
-0.0000000000013342
0.0000000000000000
-0.0000000000007422
-0.0000000000002175
-0.0000000000015181
-0.0000000000000032
0.0000000000000000
0.0000000000000000
0.0000000000000000
0.0000000000000000
-0.0000000000002598
-0.0000000000000019
0.0000000000000000
0.0000000000000000
0.0000000000000000
0.0000000000000000
-0.0000000000000032
-0.0000000000000022
-0.0000000000005670
0.0000000000000000
0.0000000000000000
0.0000000000000000
-0.0000000000003495
0.0000000000000000
-0.0000000000010927
0.0000000000000000
-0.0000000000000026
-0.0000000000007755
0.0000000000000000
0.0000000000000000
0.0000000000000000
-0.0000000000009287
0.0000000000000000
-0.0000000000005382
-0.0000000000000032
0.0000000000000000
-0.0000000000006276
0.0000000000000000
-0.0000000000007839
-0.0000000000001086
-0.0000000000000054
-0.0000000000010453
-0.0000000000013336
-0.0000000000011356
0.0000000000000000
-0.0000000000000026
-0.0000000000005686
0.0000000000000000
0.0000000000000000
-0.0000000000013932
0.0000000000000000
0.0000000000000000
0.0000000000000000
0.0000000000000000
0.0000000000000000
-0.0000000000000026
-0.0000000000005590
0.0000000000000000
-0.0000000000007179
-0.0000000000014483
0.0000000000000000
0.0000000000000000
-0.0000000000005616
-0.0000000000007941
-0.0000000000000029
-0.0000000000011920
-0.0000000000001083
-0.0000000000009825
-0.0000000000013144
0.0000000000000000
0.0000000000000000
-0.0000000000005699
-0.0000000000005792
-0.0000000000012074
-0.0000000000014015
-0.0000000000000042
0.0000000000000000
-0.0000000000015271
0.0000000000000000
-0.0000000000008524
0.0000000000000000
-0.0000000000000083
0.0000000000000000
0.0000000000000000
0.0000000000000000
0.0000000000000000
0.0000000000000000
-0.0000000000012208
-0.0000000000000026
-0.0000000000012689
0.0000000000000000
0.0000000000000000
0.0000000000000000
0.0000000000000000
0.0000000000000000
0.0000000000000000
0.0000000000000000
0.0000000000000000
-0.0000000000000045
0.0000000000000000
-0.0000000000001550
0.0000000000000000
0.0000000000000000
-0.0000000000015072
-0.0000000000009357
0.0000000000000000
-0.0000000000002819
-0.0000000000005795
-0.0000000000005683
0.0000000000000000
0.0000000000000000
-0.0000000000001192
-0.0000000000005561
-0.0000000000000026
-0.0000000000000035
0.0000000000000000
0.0000000000000000
-0.0000000000004408
-0.0000000000012919
0.0000000000000000
-0.0000000000005379
0.0000000000000000
0.0000000000000000
-0.0000000000004581
-0.0000000000001797
-0.0000000000000022
0.0000000000000000
-0.0000000000011036
-0.0000000000009889
0.0000000000000000
-0.0000000000013861
0.0000000000000000
-0.0000000000000022
0.0000000000000000
0.0000000000000000
-0.0000000000005760
0.0000000000000000
-0.0000000000000054
0.0000000000000000
-0.0000000000000413
-0.0000000000010844
-0.0000000000015457
-0.0000000000002608
-0.0000000000000032
-0.0000000000000538
0.0000000000000000
-0.0000000000006141
0.0000000000000000
0.0000000000000000
0.0000000000000000
-0.0000000000013189
-0.0000000000009473
-0.0000000000013477
0.0000000000000000
-0.0000000000004876
-0.0000000000000032
-0.0000000000005814
-0.0000000000000038
-0.0000000000005433
0.0000000000000000
0.0000000000000000
0.0000000000000000
0.0000000000000000
0.0000000000000000
0.0000000000000000
0.0000000000000000
-0.0000000000010395
-0.0000000000005641
0.0000000000000000
0.0000000000000000
-0.0000000000013989
0.0000000000000000
0.0000000000000000
-0.0000000000000051
-0.0000000000000029
-0.0000000000001506
0.0000000000000000
-0.0000000000000029
0.0000000000000000
0.0000000000000000
-0.0000000000006295
0.0000000000000000
-0.0000000000007301
0.0000000000000000
-0.0000000000005715
0.0000000000000000
0.0000000000000000
0.0000000000000000
0.0000000000000000
-0.0000000000013073
-0.0000000000005584
0.0000000000000000
0.0000000000000000
-0.0000000000000045
-0.0000000000001791
0.0000000000000000
0.0000000000000000
-0.0000000000000038
0.0000000000000000
-0.0000000000009831
0.0000000000000000
-0.0000000000000029
0.0000000000000000
0.0000000000000000
0.0000000000000000
0.0000000000000000
0.0000000000000000
0.0000000000000000
0.0000000000000000
0.0000000000000000
0.0000000000000000
-0.0000000000001208
-0.0000000000008563
0.0000000000000000
-0.0000000000000022
-0.0000000000005651
0.0000000000000000
0.0000000000000000
0.0000000000000000
0.0000000000000000
-0.0000000000014995
-0.0000000000006711
-0.0000000000001490
-0.0000000000005539
0.0000000000000000
-0.0000000000006205
-0.0000000000005612
0.0000000000000000
-0.0000000000000026
0.0000000000000000
0.0000000000000000
0.0000000000000000
-0.0000000000005821
0.0000000000000000
-0.0000000000000019
0.0000000000000000
0.0000000000000000
-0.0000000000000077
0.0000000000000000
0.0000000000000000
0.0000000000000000
0.0000000000000000
-0.0000000000011132
0.0000000000000000
-0.0000000000005590
-0.0000000000000058
-0.0000000000000029
-0.0000000000010382
0.0000000000000000
0.0000000000000000
0.0000000000000000
0.0000000000000000
0.0000000000000000
-0.0000000000003095
0.0000000000000000
0.0000000000000000
0.0000000000000000
-0.0000000000005811
0.0000000000000000
-0.0000000000000388
0.0000000000000000
-0.0000000000005680
-0.0000000000005760
-0.0000000000011632
0.0000000000000000
0.0000000000000000
-0.0000000000000035
-0.0000000000011055
-0.0000000000000029
-0.0000000000013637
0.0000000000000000
-0.0000000000008153
-0.0000000000002479
0.0000000000000000
0.0000000000000000
-0.0000000000000045
0.0000000000000000
0.0000000000000000
-0.0000000000000621
-0.0000000000000788
0.0000000000000000
-0.0000000000014034
-0.0000000000005955
-0.0000000000000051
0.0000000000000000
-0.0000000000004395
0.0000000000000000
-0.0000000000004917
-0.0000000000010735
-0.0000000000000042
0.0000000000000000
0.0000000000000000
-0.0000000000003200
-0.0000000000006378
-0.0000000000005696
0.0000000000000000
-0.0000000000007384
-0.0000000000001134
-0.0000000000005843
-0.0000000000005641
-0.0000000000000045
-0.0000000000005702
-0.0000000000000372
-0.0000000000006295
-0.0000000000014592
-0.0000000000008518
-0.0000000000005705
0.0000000000000000
-0.0000000000003729
0.0000000000000000
0.0000000000000000
0.0000000000000000
0.0000000000000000
-0.0000000000013426
0.0000000000000000
-0.0000000000005580
-0.0000000000004443
-0.0000000000012939
-0.0000000000000067
0.0000000000000000
-0.0000000000000093
-0.0000000000005734
-0.0000000000005600
-0.0000000000003453
0.0000000000000000
-0.0000000000007448
0.0000000000000000
0.0000000000000000
-0.0000000000012900
-0.0000000000000032
-0.0000000000006538
0.0000000000000000
0.0000000000000000
-0.0000000000001211
-0.0000000000009915
-0.0000000000012541
0.0000000000000000
0.0000000000000000
0.0000000000000000
-0.0000000000005792
-0.0000000000015079
-0.0000000000005721
-0.0000000000012253
0.0000000000000000
-0.0000000000004853
-0.0000000000005580
0.0000000000000000
0.0000000000000000
0.0000000000000000
0.0000000000000000
0.0000000000000000
0.0000000000000000
0.0000000000000000
0.0000000000000000
-0.0000000000005266
-0.0000000000000032
-0.0000000000014098
0.0000000000000000
-0.0000000000000026
-0.0000000000000064
0.0000000000000000
-0.0000000000015527
-0.0000000000005670
-0.0000000000006820
0.0000000000000000
0.0000000000000000
0.0000000000000000
0.0000000000000000
0.0000000000000000
0.0000000000000000
0.0000000000000000
0.0000000000000000
0.0000000000000000
-0.0000000000005628
0.0000000000000000
0.0000000000000000
0.0000000000000000
0.0000000000000000
-0.0000000000000051
-0.0000000000009248
0.0000000000000000
-0.0000000000001823
0.0000000000000000
0.0000000000000000
0.0000000000000000
-0.0000000000004908
-0.0000000000000042
0.0000000000000000
0.0000000000000000
0.0000000000000000
-0.0000000000000022
0.0000000000000000
0.0000000000000000
-0.0000000000005827
0.0000000000000000
-0.0000000000005590
-0.0000000000004187
0.0000000000000000
-0.0000000000010177
-0.0000000000000042
-0.0000000000005308
0.0000000000000000
0.0000000000000000
-0.0000000000014809
-0.0000000000000285
-0.0000000000013131
-0.0000000000000125
-0.0000000000005193
0.0000000000000000
0.0000000000000000
0.0000000000000000
0.0000000000000000
0.0000000000000000
0.0000000000000000
0.0000000000000000
-0.0000000000005590
0.0000000000000000
0.0000000000000000
-0.0000000000005910
-0.0000000000000038
-0.0000000000002149
0.0000000000000000
-0.0000000000005548
-0.0000000000011914
-0.0000000000012362
0.0000000000000000
-0.0000000000013695
-0.0000000000005632
-0.0000000000006794
0.0000000000000000
-0.0000000000005574
-0.0000000000011497
-0.0000000000002726
-0.0000000000005600
-0.0000000000005907
-0.0000000000006532
-0.0000000000004488
-0.0000000000000016
0.0000000000000000
-0.0000000000012862
-0.0000000000013304
0.0000000000000000
0.0000000000000000
-0.0000000000000022
-0.0000000000007653
-0.0000000000015578
0.0000000000000000
0.0000000000000000
-0.0000000000005728
-0.0000000000008768
-0.0000000000001714
0.0000000000000000
0.0000000000000000
0.0000000000000000
0.0000000000000000
-0.0000000000000032
0.0000000000000000
0.0000000000000000
0.0000000000000000
-0.0000000000005443
-0.0000000000000051
0.0000000000000000
0.0000000000000000
-0.0000000000005641
-0.0000000000013304
0.0000000000000000
-0.0000000000005263
0.0000000000000000
0.0000000000000000
-0.0000000000000058
-0.0000000000005725
-0.0000000000007928
-0.0000000000000032
-0.0000000000015271
0.0000000000000000
0.0000000000000000
0.0000000000000000
-0.0000000000010235
-0.0000000000013816
0.0000000000000000
0.0000000000000000
-0.0000000000003264
-0.0000000000009710
-0.0000000000015649
0.0000000000000000
0.0000000000000000
0.0000000000000000
-0.0000000000000064
-0.0000000000000022
-0.0000000000005606
0.0000000000000000
-0.0000000000008031
-0.0000000000006474
0.0000000000000000
-0.0000000000000083
0.0000000000000000
-0.0000000000008646
-0.0000000000010427
-0.0000000000007377
-0.0000000000005741
-0.0000000000001813
-0.0000000000007345
-0.0000000000010735
0.0000000000000000
-0.0000000000005612
-0.0000000000013099
-0.0000000000013144
-0.0000000000005898
-0.0000000000000029
-0.0000000000000464
-0.0000000000000042
0.0000000000000000
-0.0000000000005869
-0.0000000000004277
0.0000000000000000
0.0000000000000000
-0.0000000000005750
-0.0000000000007442
-0.0000000000000064
-0.0000000000008640
0.0000000000000000
-0.0000000000000022
-0.0000000000005709
-0.0000000000005776
0.0000000000000000
-0.0000000000005689
0.0000000000000000
-0.0000000000005760
0.0000000000000000
-0.0000000000000032
0.0000000000000000
-0.0000000000005744
-0.0000000000001243
0.0000000000000000
0.0000000000000000
0.0000000000000000
0.0000000000000000
-0.0000000000000026
0.0000000000000000
0.0000000000000000
-0.0000000000005910
-0.0000000000005753
0.0000000000000000
0.0000000000000000
-0.0000000000000336
0.0000000000000000
-0.0000000000000029
0.0000000000000000
0.0000000000000000
-0.0000000000011734
0.0000000000000000
-0.0000000000013246
-0.0000000000006186
0.0000000000000000
0.0000000000000000
0.0000000000000000
0.0000000000000000
0.0000000000000000
0.0000000000000000
0.0000000000000000
-0.0000000000007730
-0.0000000000005696
0.0000000000000000
-0.0000000000002066
0.0000000000000000
-0.0000000000005709
0.0000000000000000
0.0000000000000000
0.0000000000000000
0.0000000000000000
0.0000000000000000
-0.0000000000000067
-0.0000000000005539
0.0000000000000000
-0.0000000000004523
-0.0000000000005808
0.0000000000000000
-0.0000000000005974
-0.0000000000003995
-0.0000000000013246
0.0000000000000000
0.0000000000000000
-0.0000000000000048
0.0000000000000000
-0.0000000000007999
-0.0000000000000042
0.0000000000000000
0.0000000000000000
0.0000000000000000
0.0000000000000000
0.0000000000000000
0.0000000000000000
-0.0000000000005833
-0.0000000000005548
0.0000000000000000
0.0000000000000000
-0.0000000000013381
0.0000000000000000
-0.0000000000012407
-0.0000000000011093
0.0000000000000000
-0.0000000000003796
0.0000000000000000
-0.0000000000005725
-0.0000000000000042
-0.0000000000005619
-0.0000000000005090
0.0000000000000000
0.0000000000000000
-0.0000000000005910
0.0000000000000000
-0.0000000000000022
-0.0000000000005750
-0.0000000000012977
-0.0000000000004616
0.0000000000000000
0.0000000000000000
-0.0000000000014886
0.0000000000000000
0.0000000000000000
-0.0000000000014675
-0.0000000000005930
0.0000000000000000
0.0000000000000000
0.0000000000000000
0.0000000000000000
0.0000000000000000
-0.0000000000001044
-0.0000000000005689
0.0000000000000000
0.0000000000000000
0.0000000000000000
-0.0000000000002198
0.0000000000000000
0.0000000000000000
0.0000000000000000
-0.0000000000000061
0.0000000000000000
0.0000000000000000
-0.0000000000004129
-0.0000000000010523
-0.0000000000014111
0.0000000000000000
-0.0000000000005728
0.0000000000000000
0.0000000000000000
0.0000000000000000
0.0000000000000000
-0.0000000000000083
-0.0000000000002441
-0.0000000000005910
0.0000000000000000
0.0000000000000000
-0.0000000000000830
-0.0000000000004225
0.0000000000000000
0.0000000000000000
-0.0000000000003111
-0.0000000000000042
-0.0000000000007826
0.0000000000000000
-0.0000000000005676
0.0000000000000000
-0.0000000000000038
0.0000000000000000
0.0000000000000000
-0.0000000000015367
0.0000000000000000
-0.0000000000001650
-0.0000000000001618
-0.0000000000005689
-0.0000000000000054
-0.0000000000014585
-0.0000000000000439
-0.0000000000012163
-0.0000000000005596
0.0000000000000000
0.0000000000000000
0.0000000000000000
0.0000000000000000
-0.0000000000007916
-0.0000000000004872
0.0000000000000000
0.0000000000000000
-0.0000000000014982
-0.0000000000005667
-0.0000000000000016
-0.0000000000011247
0.0000000000000000
-0.0000000000014809
-0.0000000000000032
0.0000000000000000
-0.0000000000008121
0.0000000000000000
-0.0000000000005363
0.0000000000000000
0.0000000000000000
-0.0000000000005590
0.0000000000000000
0.0000000000000000
-0.0000000000007999
-0.0000000000005574
-0.0000000000013304
-0.0000000000000083
0.0000000000000000
0.0000000000000000
0.0000000000000000
0.0000000000000000
-0.0000000000003908
0.0000000000000000
0.0000000000000000
0.0000000000000000
-0.0000000000015130
-0.0000000000001121
0.0000000000000000
0.0000000000000000
-0.0000000000010997
0.0000000000000000
0.0000000000000000
0.0000000000000000
0.0000000000000000
-0.0000000000005638
0.0000000000000000
-0.0000000000013906
0.0000000000000000
0.0000000000000000
0.0000000000000000
-0.0000000000015252
-0.0000000000001150
0.0000000000000000
0.0000000000000000
0.0000000000000000
-0.0000000000015790
0.0000000000000000
0.0000000000000000
-0.0000000000000029
-0.0000000000010792
-0.0000000000005622
-0.0000000000005699
-0.0000000000005564
-0.0000000000005590
-0.0000000000005606
-0.0000000000005705
-0.0000000000004735
0.0000000000000000
-0.0000000000013176
0.0000000000000000
0.0000000000000000
-0.0000000000011907
0.0000000000000000
0.0000000000000000
-0.0000000000011337
-0.0000000000005138
0.0000000000000000
-0.0000000000006686
0.0000000000000000
0.0000000000000000
0.0000000000000000
-0.0000000000000032
0.0000000000000000
0.0000000000000000
0.0000000000000000
0.0000000000000000
0.0000000000000000
0.0000000000000000
-0.0000000000005808
-0.0000000000007653
0.0000000000000000
-0.0000000000000070
0.0000000000000000
-0.0000000000002483
-0.0000000000013919
-0.0000000000000042
-0.0000000000000083
0.0000000000000000
0.0000000000000000
-0.0000000000000026
0.0000000000000000
0.0000000000000000
-0.0000000000011273
0.0000000000000000
-0.0000000000007224
-0.0000000000005452
-0.0000000000000029
-0.0000000000005827
-0.0000000000003133
0.0000000000000000
0.0000000000000000
-0.0000000000012330
-0.0000000000000016
-0.0000000000010011
0.0000000000000000
0.0000000000000000
-0.0000000000005680
0.0000000000000000
0.0000000000000000
0.0000000000000000
0.0000000000000000
0.0000000000000000
-0.0000000000006327
-0.0000000000003050
-0.0000000000015495
0.0000000000000000
0.0000000000000000
0.0000000000000000
0.0000000000000000
-0.0000000000014073
0.0000000000000000
-0.0000000000014566
-0.0000000000013842
0.0000000000000000
0.0000000000000000
0.0000000000000000
0.0000000000000000
0.0000000000000000
-0.0000000000001032
0.0000000000000000
0.0000000000000000
-0.0000000000012285
-0.0000000000000058
0.0000000000000000
0.0000000000000000
0.0000000000000000
0.0000000000000000
0.0000000000000000
-0.0000000000001064
0.0000000000000000
0.0000000000000000
0.0000000000000000
0.0000000000000000
0.0000000000000000
0.0000000000000000
-0.0000000000003745
0.0000000000000000
-0.0000000000000509
-0.0000000000000471
-0.0000000000001538
0.0000000000000000
0.0000000000000000
-0.0000000000006788
-0.0000000000015091
-0.0000000000005606
0.0000000000000000
-0.0000000000001906
-0.0000000000000096
0.0000000000000000
0.0000000000000000
0.0000000000000000
0.0000000000000000
-0.0000000000000913
0.0000000000000000
0.0000000000000000
0.0000000000000000
-0.0000000000013355
0.0000000000000000
0.0000000000000000
-0.0000000000009338
0.0000000000000000
-0.0000000000000026
0.0000000000000000
0.0000000000000000
0.0000000000000000
0.0000000000000000
-0.0000000000000464
-0.0000000000005612
-0.0000000000001541
-0.0000000000000038
0.0000000000000000
-0.0000000000006769
-0.0000000000000029
-0.0000000000000186
-0.0000000000005773
0.0000000000000000
-0.0000000000002992
-0.0000000000005747
-0.0000000000011491
-0.0000000000000077
0.0000000000000000
0.0000000000000000
0.0000000000000000
-0.0000000000001768
0.0000000000000000
-0.0000000000007736
-0.0000000000005766
0.0000000000000000
0.0000000000000000
0.0000000000000000
0.0000000000000000
0.0000000000000000
0.0000000000000000
-0.0000000000003719
0.0000000000000000
0.0000000000000000
-0.0000000000010280
-0.0000000000000029
0.0000000000000000
-0.0000000000013720
-0.0000000000003754
0.0000000000000000
0.0000000000000000
-0.0000000000002707
-0.0000000000007685
0.0000000000000000
0.0000000000000000
-0.0000000000001906
0.0000000000000000
0.0000000000000000
0.0000000000000000
0.0000000000000000
-0.0000000000003726
0.0000000000000000
-0.0000000000000029
0.0000000000000000
-0.0000000000014829
-0.0000000000005151
0.0000000000000000
-0.0000000000007685
-0.0000000000005619
0.0000000000000000
0.0000000000000000
-0.0000000000015079
-0.0000000000005779
0.0000000000000000
-0.0000000000005106
0.0000000000000000
-0.0000000000000439
-0.0000000000001909
-0.0000000000000026
0.0000000000000000
0.0000000000000000
0.0000000000000000
0.0000000000000000
0.0000000000000000
0.0000000000000000
-0.0000000000007032
0.0000000000000000
0.0000000000000000
0.0000000000000000
-0.0000000000005641
-0.0000000000000029
0.0000000000000000
-0.0000000000008915
0.0000000000000000
0.0000000000000000
-0.0000000000007448
-0.0000000000011811
-0.0000000000005689
0.0000000000000000
0.0000000000000000
-0.0000000000003011
0.0000000000000000
0.0000000000000000
0.0000000000000000
0.0000000000000000
0.0000000000000000
0.0000000000000000
0.0000000000000000
-0.0000000000000051
-0.0000000000000042
-0.0000000000005789
-0.0000000000000077
-0.0000000000005577
0.0000000000000000
0.0000000000000000
-0.0000000000000038
0.0000000000000000
0.0000000000000000
0.0000000000000000
0.0000000000000000
-0.0000000000014380
-0.0000000000010440
-0.0000000000005654
0.0000000000000000
0.0000000000000000
-0.0000000000000077
0.0000000000000000
-0.0000000000005481
0.0000000000000000
0.0000000000000000
-0.0000000000000029
-0.0000000000015457
-0.0000000000001691
0.0000000000000000
-0.0000000000005753
0.0000000000000000
-0.0000000000000032
-0.0000000000005753
-0.0000000000001695
0.0000000000000000
-0.0000000000005587
0.0000000000000000
0.0000000000000000
0.0000000000000000
0.0000000000000000
-0.0000000000015200
-0.0000000000012778
-0.0000000000009684
0.0000000000000000
-0.0000000000001112
0.0000000000000000
-0.0000000000007262
0.0000000000000000
-0.0000000000005593
0.0000000000000000
0.0000000000000000
0.0000000000000000
0.0000000000000000
0.0000000000000000
0.0000000000000000
-0.0000000000005568
0.0000000000000000
0.0000000000000000
-0.0000000000006859
0.0000000000000000
0.0000000000000000
-0.0000000000005600
0.0000000000000000
-0.0000000000005558
-0.0000000000001733
-0.0000000000006993
-0.0000000000005747
-0.0000000000000026
0.0000000000000000
-0.0000000000005680
-0.0000000000005109
0.0000000000000000
-0.0000000000005811
0.0000000000000000
-0.0000000000000051
0.0000000000000000
0.0000000000000000
-0.0000000000014989
0.0000000000000000
-0.0000000000000740
-0.0000000000005526
-0.0000000000014771
-0.0000000000001586
-0.0000000000000042
-0.0000000000000042
0.0000000000000000
0.0000000000000000
-0.0000000000005737
0.0000000000000000
-0.0000000000005555
0.0000000000000000
-0.0000000000010376
-0.0000000000005721
-0.0000000000011369
-0.0000000000003975
-0.0000000000006147
0.0000000000000000
0.0000000000000000
-0.0000000000000042
0.0000000000000000
0.0000000000000000
-0.0000000000007615
0.0000000000000000
-0.0000000000005651
-0.0000000000000022
-0.0000000000001951
-0.0000000000000029
0.0000000000000000
-0.0000000000004446
-0.0000000000003620
0.0000000000000000
0.0000000000000000
-0.0000000000005555
-0.0000000000005728
0.0000000000000000
-0.0000000000012798
-0.0000000000009440
-0.0000000000003857
-0.0000000000002214
-0.0000000000000573
-0.0000000000012996
0.0000000000000000
0.0000000000000000
0.0000000000000000
0.0000000000000000
0.0000000000000000
-0.0000000000011741
-0.0000000000002835
0.0000000000000000
0.0000000000000000
-0.0000000000000038
0.0000000000000000
0.0000000000000000
-0.0000000000013124
-0.0000000000005744
-0.0000000000012400
0.0000000000000000
0.0000000000000000
0.0000000000000000
-0.0000000000000042
0.0000000000000000
-0.0000000000000871
-0.0000000000000026
-0.0000000000010312
0.0000000000000000
-0.0000000000000045
-0.0000000000000026
-0.0000000000003911
0.0000000000000000
0.0000000000000000
-0.0000000000005644
-0.0000000000005587
-0.0000000000008473
-0.0000000000000064
-0.0000000000012298
-0.0000000000013105
0.0000000000000000
-0.0000000000006538
0.0000000000000000
0.0000000000000000
-0.0000000000000080
0.0000000000000000
-0.0000000000006589
0.0000000000000000
0.0000000000000000
-0.0000000000008825
-0.0000000000000320
0.0000000000000000
0.0000000000000000
0.0000000000000000
-0.0000000000013067
-0.0000000000000106
0.0000000000000000
0.0000000000000000
-0.0000000000000090
-0.0000000000014976
0.0000000000000000
-0.0000000000000026
-0.0000000000005709
0.0000000000000000
-0.0000000000001621
-0.0000000000010062
0.0000000000000000
0.0000000000000000
0.0000000000000000
0.0000000000000000
-0.0000000000006231
0.0000000000000000
0.0000000000000000
-0.0000000000001381
-0.0000000000009229
-0.0000000000009511
0.0000000000000000
0.0000000000000000
0.0000000000000000
0.0000000000000000
0.0000000000000000
-0.0000000000000029
0.0000000000000000
0.0000000000000000
0.0000000000000000
0.0000000000000000
0.0000000000000000
-0.0000000000000035
0.0000000000000000
-0.0000000000014130
0.0000000000000000
-0.0000000000000045
0.0000000000000000
-0.0000000000006404
0.0000000000000000
0.0000000000000000
0.0000000000000000
0.0000000000000000
0.0000000000000000
0.0000000000000000
0.0000000000000000
-0.0000000000005584
0.0000000000000000
-0.0000000000005628
-0.0000000000005718
0.0000000000000000
-0.0000000000000042
0.0000000000000000
-0.0000000000006730
0.0000000000000000
0.0000000000000000
-0.0000000000000048
-0.0000000000000022
-0.0000000000007044
-0.0000000000005657
-0.0000000000012080
0.0000000000000000
0.0000000000000000
-0.0000000000005632
-0.0000000000000026
0.0000000000000000
-0.0000000000005731
0.0000000000000000
0.0000000000000000
0.0000000000000000
-0.0000000000015123
-0.0000000000004799
-0.0000000000005801
-0.0000000000001688
-0.0000000000000035
-0.0000000000000026
0.0000000000000000
-0.0000000000002214
0.0000000000000000
0.0000000000000000
0.0000000000000000
0.0000000000000000
0.0000000000000000
-0.0000000000000029
0.0000000000000000
-0.0000000000005763
0.0000000000000000
0.0000000000000000
-0.0000000000002278
-0.0000000000003975
-0.0000000000010030
0.0000000000000000
-0.0000000000007653
0.0000000000000000
-0.0000000000003248
-0.0000000000000019
0.0000000000000000
-0.0000000000000022
0.0000000000000000
0.0000000000000000
0.0000000000000000
0.0000000000000000
-0.0000000000000173
0.0000000000000000
-0.0000000000001874
0.0000000000000000
-0.0000000000000026
0.0000000000000000
-0.0000000000005670
0.0000000000000000
-0.0000000000005465
0.0000000000000000
-0.0000000000005721
0.0000000000000000
-0.0000000000005366
0.0000000000000000
0.0000000000000000
-0.0000000000006141
-0.0000000000010799
0.0000000000000000
0.0000000000000000
-0.0000000000007179
-0.0000000000000042
-0.0000000000005910
0.0000000000000000
0.0000000000000000
-0.0000000000012176
0.0000000000000000
-0.0000000000006961
0.0000000000000000
-0.0000000000012311
0.0000000000000000
0.0000000000000000
-0.0000000000005683
-0.0000000000007820
-0.0000000000012163
-0.0000000000015591
0.0000000000000000
-0.0000000000005616
0.0000000000000000
-0.0000000000007147
-0.0000000000007262
-0.0000000000013714
-0.0000000000005709
0.0000000000000000
0.0000000000000000
0.0000000000000000
0.0000000000000000
0.0000000000000000
-0.0000000000013637
-0.0000000000004565
-0.0000000000011407
0.0000000000000000
-0.0000000000005632
-0.0000000000000054
-0.0000000000013663
0.0000000000000000
-0.0000000000005593
0.0000000000000000
-0.0000000000010357
-0.0000000000008044
-0.0000000000005670
0.0000000000000000
-0.0000000000006948
-0.0000000000012266
0.0000000000000000
-0.0000000000004799
0.0000000000000000
0.0000000000000000
-0.0000000000005910
-0.0000000000004357
0.0000000000000000
-0.0000000000001855
-0.0000000000005664
-0.0000000000000042
-0.0000000000000051
-0.0000000000006654
-0.0000000000010222
-0.0000000000007269
-0.0000000000000051
0.0000000000000000
0.0000000000000000
-0.0000000000003357
0.0000000000000000
-0.0000000000012099
-0.0000000000001144
-0.0000000000001259
-0.0000000000015572
0.0000000000000000
-0.0000000000007006
0.0000000000000000
0.0000000000000000
0.0000000000000000
0.0000000000000000
-0.0000000000005568
-0.0000000000005625
-0.0000000000000026
-0.0000000000013912
0.0000000000000000
0.0000000000000000
-0.0000000000000080
0.0000000000000000
-0.0000000000001752
-0.0000000000008242
0.0000000000000000
-0.0000000000000022
0.0000000000000000
-0.0000000000005725
-0.0000000000000042
-0.0000000000000352
-0.0000000000005760
-0.0000000000011234
0.0000000000000000
-0.0000000000005750
0.0000000000000000
-0.0000000000004139
0.0000000000000000
0.0000000000000000
-0.0000000000014624
-0.0000000000010171
0.0000000000000000
-0.0000000000000019
0.0000000000000000
-0.0000000000000026
-0.0000000000011888
0.0000000000000000
0.0000000000000000
-0.0000000000007333
0.0000000000000000
0.0000000000000000
0.0000000000000000
0.0000000000000000
-0.0000000000000042
-0.0000000000005202
-0.0000000000000042
0.0000000000000000
-0.0000000000003344
-0.0000000000005974
0.0000000000000000
0.0000000000000000
0.0000000000000000
0.0000000000000000
-0.0000000000007256
0.0000000000000000
-0.0000000000003908
-0.0000000000000032
0.0000000000000000
0.0000000000000000
0.0000000000000000
0.0000000000000000
0.0000000000000000
0.0000000000000000
-0.0000000000008025
-0.0000000000012522
0.0000000000000000
-0.0000000000012048
0.0000000000000000
-0.0000000000014803
-0.0000000000006545
0.0000000000000000
0.0000000000000000
0.0000000000000000
0.0000000000000000
0.0000000000000000
0.0000000000000000
0.0000000000000000
0.0000000000000000
0.0000000000000000
0.0000000000000000
0.0000000000000000
-0.0000000000000243
-0.0000000000001323
-0.0000000000009024
-0.0000000000005584
0.0000000000000000
0.0000000000000000
-0.0000000000012612
-0.0000000000000032
-0.0000000000013195
-0.0000000000011849
0.0000000000000000
-0.0000000000000022
0.0000000000000000
-0.0000000000000202
-0.0000000000000266
-0.0000000000013567
0.0000000000000000
-0.0000000000002790
-0.0000000000005865
0.0000000000000000
-0.0000000000013912
-0.0000000000010530
0.0000000000000000
0.0000000000000000
0.0000000000000000
0.0000000000000000
0.0000000000000000
0.0000000000000000
0.0000000000000000
-0.0000000000000026
-0.0000000000002547
-0.0000000000000026
0.0000000000000000
-0.0000000000000038
0.0000000000000000
-0.0000000000005757
0.0000000000000000
-0.0000000000006718
0.0000000000000000
-0.0000000000000032
0.0000000000000000
0.0000000000000000
-0.0000000000014226
0.0000000000000000
-0.0000000000002098
0.0000000000000000
-0.0000000000002611
0.0000000000000000
0.0000000000000000
-0.0000000000005520
0.0000000000000000
-0.0000000000014579
0.0000000000000000
-0.0000000000000029
-0.0000000000001560
0.0000000000000000
0.0000000000000000
0.0000000000000000
-0.0000000000000026
-0.0000000000005696
-0.0000000000006743
0.0000000000000000
0.0000000000000000
-0.0000000000004184
0.0000000000000000
-0.0000000000000029
0.0000000000000000
0.0000000000000000
0.0000000000000000
0.0000000000000000
-0.0000000000010280
0.0000000000000000
-0.0000000000005641
-0.0000000000005699
-0.0000000000005664
0.0000000000000000
-0.0000000000000493
0.0000000000000000
0.0000000000000000
0.0000000000000000
0.0000000000000000
-0.0000000000002377
-0.0000000000006686
0.0000000000000000
-0.0000000000008159
-0.0000000000012836
0.0000000000000000
-0.0000000000002092
0.0000000000000000
-0.0000000000000022
-0.0000000000000058
-0.0000000000000051
-0.0000000000005785
-0.0000000000006833
0.0000000000000000
0.0000000000000000
0.0000000000000000
0.0000000000000000
-0.0000000000005712
-0.0000000000012266
-0.0000000000012471
-0.0000000000005651
0.0000000000000000
-0.0000000000005683
0.0000000000000000
-0.0000000000008037
-0.0000000000014438
0.0000000000000000
0.0000000000000000
-0.0000000000000612
0.0000000000000000
-0.0000000000000019
-0.0000000000001611
-0.0000000000013547
-0.0000000000007518
0.0000000000000000
0.0000000000000000
-0.0000000000015187
-0.0000000000000042
0.0000000000000000
0.0000000000000000
0.0000000000000000
-0.0000000000014874
-0.0000000000009408
-0.0000000000001925
-0.0000000000000029
-0.0000000000005353
-0.0000000000011683
-0.0000000000000442
-0.0000000000000032
-0.0000000000009601
0.0000000000000000
-0.0000000000011805
-0.0000000000002447
-0.0000000000000022
-0.0000000000004936
0.0000000000000000
0.0000000000000000
0.0000000000000000
-0.0000000000000042
-0.0000000000012330
-0.0000000000015040
0.0000000000000000
-0.0000000000012509
0.0000000000000000
-0.0000000000005824
0.0000000000000000
0.0000000000000000
-0.0000000000007634
0.0000000000000000
-0.0000000000004286
0.0000000000000000
-0.0000000000003777
0.0000000000000000
-0.0000000000000016
-0.0000000000013573
0.0000000000000000
0.0000000000000000
-0.0000000000005536
0.0000000000000000
0.0000000000000000
0.0000000000000000
-0.0000000000000038
0.0000000000000000
0.0000000000000000
-0.0000000000000022
-0.0000000000012996
0.0000000000000000
-0.0000000000002387
-0.0000000000005731
0.0000000000000000
-0.0000000000009338
0.0000000000000000
0.0000000000000000
-0.0000000000005881
-0.0000000000000026
0.0000000000000000
0.0000000000000000
-0.0000000000007147
-0.0000000000013547
0.0000000000000000
-0.0000000000005667
-0.0000000000006109
0.0000000000000000
-0.0000000000011395
0.0000000000000000
-0.0000000000012292
-0.0000000000000029
-0.0000000000001192
0.0000000000000000
-0.0000000000001788
-0.0000000000008537
-0.0000000000006442
-0.0000000000012811
-0.0000000000005641
-0.0000000000004123
0.0000000000000000
-0.0000000000002502
0.0000000000000000
0.0000000000000000
-0.0000000000012836
-0.0000000000000029
-0.0000000000005680
-0.0000000000005680
0.0000000000000000
-0.0000000000001675
-0.0000000000000042
0.0000000000000000
-0.0000000000012817
-0.0000000000005789
-0.0000000000005859
-0.0000000000000029
-0.0000000000003937
-0.0000000000012804
0.0000000000000000
-0.0000000000005689
-0.0000000000005667
0.0000000000000000
0.0000000000000000
0.0000000000000000
0.0000000000000000
0.0000000000000000
0.0000000000000000
0.0000000000000000
-0.0000000000010011
-0.0000000000000026
0.0000000000000000
-0.0000000000014688
0.0000000000000000
0.0000000000000000
0.0000000000000000
0.0000000000000000
0.0000000000000000
0.0000000000000000
-0.0000000000005769
0.0000000000000000
-0.0000000000010267
-0.0000000000012311
-0.0000000000011888
0.0000000000000000
0.0000000000000000
0.0000000000000000
0.0000000000000000
0.0000000000000000
-0.0000000000011824
-0.0000000000013022
-0.0000000000013477
0.0000000000000000
0.0000000000000000
0.0000000000000000
0.0000000000000000
-0.0000000000009127
0.0000000000000000
0.0000000000000000
0.0000000000000000
-0.0000000000000032
0.0000000000000000
-0.0000000000002649
-0.0000000000000051
-0.0000000000000945
0.0000000000000000
0.0000000000000000
0.0000000000000000
-0.0000000000010703
-0.0000000000005744
-0.0000000000008627
0.0000000000000000
-0.0000000000000022
-0.0000000000005910
0.0000000000000000
-0.0000000000000035
0.0000000000000000
-0.0000000000009402
0.0000000000000000
-0.0000000000015175
0.0000000000000000
0.0000000000000000
0.0000000000000000
0.0000000000000000
-0.0000000000011363
-0.0000000000007608
0.0000000000000000
-0.0000000000002825
0.0000000000000000
0.0000000000000000
0.0000000000000000
-0.0000000000000032
-0.0000000000000109
0.0000000000000000
-0.0000000000000026
-0.0000000000005814
-0.0000000000011209
-0.0000000000007647
-0.0000000000012426
0.0000000000000000
0.0000000000000000
0.0000000000000000
0.0000000000000000
-0.0000000000004261
0.0000000000000000
0.0000000000000000
-0.0000000000011798
0.0000000000000000
-0.0000000000002902
0.0000000000000000
-0.0000000000001083
0.0000000000000000
-0.0000000000006506
-0.0000000000009184
-0.0000000000002371
-0.0000000000000035
-0.0000000000001682
-0.0000000000000042
-0.0000000000005747
-0.0000000000004158
0.0000000000000000
0.0000000000000000
0.0000000000000000
-0.0000000000011254
-0.0000000000014989
-0.0000000000011728
-0.0000000000000910
0.0000000000000000
0.0000000000000000
0.0000000000000000
-0.0000000000005910
-0.0000000000000035
0.0000000000000000
0.0000000000000000
0.0000000000000000
0.0000000000000000
0.0000000000000000
0.0000000000000000
0.0000000000000000
0.0000000000000000
-0.0000000000009876
-0.0000000000002012
-0.0000000000000035
0.0000000000000000
-0.0000000000011004
-0.0000000000000026
-0.0000000000004965
0.0000000000000000
-0.0000000000000026
-0.0000000000004898
0.0000000000000000
0.0000000000000000
-0.0000000000005644
0.0000000000000000
0.0000000000000000
-0.0000000000007948
0.0000000000000000
-0.0000000000000022
-0.0000000000000026
-0.0000000000000026
-0.0000000000005910
-0.0000000000000029
0.0000000000000000
-0.0000000000000029
-0.0000000000000183
-0.0000000000000026
0.0000000000000000
-0.0000000000000064
-0.0000000000010414
0.0000000000000000
-0.0000000000000022
0.0000000000000000
0.0000000000000000
0.0000000000000000
0.0000000000000000
0.0000000000000000
-0.0000000000005917
0.0000000000000000
-0.0000000000008825
0.0000000000000000
-0.0000000000005699
-0.0000000000010722
-0.0000000000005731
-0.0000000000000042
-0.0000000000002355
-0.0000000000002886
-0.0000000000005619
-0.0000000000005830
0.0000000000000000
-0.0000000000000019
0.0000000000000000
-0.0000000000005808
-0.0000000000000035
0.0000000000000000
-0.0000000000011504
-0.0000000000005507
0.0000000000000000
0.0000000000000000
-0.0000000000010062
-0.0000000000009915
0.0000000000000000
-0.0000000000005119
0.0000000000000000
-0.0000000000005769
0.0000000000000000
0.0000000000000000
0.0000000000000000
0.0000000000000000
0.0000000000000000
0.0000000000000000
0.0000000000000000
0.0000000000000000
-0.0000000000007864
-0.0000000000005552
-0.0000000000002742
-0.0000000000014271
-0.0000000000011574
0.0000000000000000
0.0000000000000000
0.0000000000000000
0.0000000000000000
0.0000000000000000
0.0000000000000000
-0.0000000000005737
0.0000000000000000
0.0000000000000000
0.0000000000000000
0.0000000000000000
-0.0000000000010549
0.0000000000000000
0.0000000000000000
-0.0000000000005648
-0.0000000000000026
0.0000000000000000
-0.0000000000005795
0.0000000000000000
-0.0000000000005753
0.0000000000000000
-0.0000000000006679
0.0000000000000000
-0.0000000000000038
-0.0000000000005558
0.0000000000000000
-0.0000000000003966
-0.0000000000005654
0.0000000000000000
0.0000000000000000
0.0000000000000000
-0.0000000000012445
0.0000000000000000
0.0000000000000000
0.0000000000000000
0.0000000000000000
0.0000000000000000
0.0000000000000000
0.0000000000000000
0.0000000000000000
0.0000000000000000
-0.0000000000007217
0.0000000000000000
0.0000000000000000
0.0000000000000000
0.0000000000000000
0.0000000000000000
0.0000000000000000
0.0000000000000000
-0.0000000000005471
-0.0000000000006743
-0.0000000000000727
0.0000000000000000
-0.0000000000007064
-0.0000000000005718
0.0000000000000000
0.0000000000000000
-0.0000000000000340
-0.0000000000000026
-0.0000000000005744
0.0000000000000000
0.0000000000000000
-0.0000000000005648
-0.0000000000000026
-0.0000000000005260
0.0000000000000000
-0.0000000000011170
0.0000000000000000
-0.0000000000000022
-0.0000000000007653
-0.0000000000001144
0.0000000000000000
0.0000000000000000
-0.0000000000011946
0.0000000000000000
-0.0000000000008864
0.0000000000000000
0.0000000000000000
0.0000000000000000
0.0000000000000000
-0.0000000000005164
0.0000000000000000
0.0000000000000000
-0.0000000000005744
-0.0000000000013650
-0.0000000000005523
-0.0000000000002012
0.0000000000000000
-0.0000000000000048
-0.0000000000000016
-0.0000000000013906
-0.0000000000000045
-0.0000000000000029
0.0000000000000000
-0.0000000000005696
-0.0000000000003883
-0.0000000000005612
0.0000000000000000
0.0000000000000000
-0.0000000000000397
0.0000000000000000
-0.0000000000000064
0.0000000000000000
0.0000000000000000
0.0000000000000000
-0.0000000000005552
-0.0000000000012561
-0.0000000000008210
0.0000000000000000
-0.0000000000000035
0.0000000000000000
-0.0000000000008633
0.0000000000000000
-0.0000000000005734
0.0000000000000000
-0.0000000000010946
0.0000000000000000
0.0000000000000000
0.0000000000000000
-0.0000000000005106
0.0000000000000000
0.0000000000000000
-0.0000000000002105
0.0000000000000000
-0.0000000000010850
-0.0000000000000074
-0.0000000000000029
0.0000000000000000
-0.0000000000005641
0.0000000000000000
0.0000000000000000
0.0000000000000000
-0.0000000000005568
0.0000000000000000
-0.0000000000000029
0.0000000000000000
0.0000000000000000
-0.0000000000005699
-0.0000000000004011
-0.0000000000005875
0.0000000000000000
0.0000000000000000
0.0000000000000000
0.0000000000000000
-0.0000000000009300
-0.0000000000008140
-0.0000000000005625
-0.0000000000013759
-0.0000000000008678
-0.0000000000013528
-0.0000000000000356
-0.0000000000002521
0.0000000000000000
-0.0000000000005776
0.0000000000000000
0.0000000000000000
-0.0000000000000327
0.0000000000000000
0.0000000000000000
0.0000000000000000
-0.0000000000008813
-0.0000000000005728
0.0000000000000000
0.0000000000000000
0.0000000000000000
0.0000000000000000
0.0000000000000000
-0.0000000000010831
-0.0000000000000407
-0.0000000000015495
-0.0000000000005609
-0.0000000000014156
-0.0000000000014790
0.0000000000000000
-0.0000000000011350
0.0000000000000000
0.0000000000000000
-0.0000000000009735
-0.0000000000000029
0.0000000000000000
0.0000000000000000
-0.0000000000013733
0.0000000000000000
-0.0000000000005577
0.0000000000000000
0.0000000000000000
-0.0000000000014982
0.0000000000000000
-0.0000000000005869
-0.0000000000015501
0.0000000000000000
0.0000000000000000
0.0000000000000000
-0.0000000000011420
0.0000000000000000
0.0000000000000000
-0.0000000000009889
0.0000000000000000
-0.0000000000014053
0.0000000000000000
0.0000000000000000
-0.0000000000005593
0.0000000000000000
0.0000000000000000
-0.0000000000006013
0.0000000000000000
0.0000000000000000
-0.0000000000005616
0.0000000000000000
0.0000000000000000
-0.0000000000007115
-0.0000000000013137
0.0000000000000000
0.0000000000000000
-0.0000000000000189
-0.0000000000013432
0.0000000000000000
0.0000000000000000
0.0000000000000000
0.0000000000000000
-0.0000000000012343
-0.0000000000009376
0.0000000000000000
0.0000000000000000
0.0000000000000000
0.0000000000000000
-0.0000000000000029
0.0000000000000000
-0.0000000000008236
0.0000000000000000
0.0000000000000000
0.0000000000000000
-0.0000000000005728
0.0000000000000000
0.0000000000000000
0.0000000000000000
0.0000000000000000
0.0000000000000000
-0.0000000000009024
-0.0000000000002540
-0.0000000000008717
-0.0000000000002358
0.0000000000000000
0.0000000000000000
0.0000000000000000
0.0000000000000000
-0.0000000000000032
0.0000000000000000
0.0000000000000000
-0.0000000000004043
-0.0000000000012586
0.0000000000000000
0.0000000000000000
-0.0000000000001928
0.0000000000000000
-0.0000000000005689
-0.0000000000010446
-0.0000000000000042
-0.0000000000005561
-0.0000000000010715
-0.0000000000005664
0.0000000000000000
-0.0000000000001922
0.0000000000000000
0.0000000000000000
0.0000000000000000
-0.0000000000007019
-0.0000000000015290
-0.0000000000002790
-0.0000000000004283
-0.0000000000000304
-0.0000000000000570
-0.0000000000001582
-0.0000000000001986
-0.0000000000006846
0.0000000000000000
0.0000000000000000
-0.0000000000005628
-0.0000000000005686
-0.0000000000005423
-0.0000000000014207
0.0000000000000000
0.0000000000000000
-0.0000000000005843
-0.0000000000015328
0.0000000000000000
0.0000000000000000
0.0000000000000000
0.0000000000000000
0.0000000000000000
0.0000000000000000
-0.0000000000005683
-0.0000000000000054
0.0000000000000000
0.0000000000000000
-0.0000000000010953
0.0000000000000000
0.0000000000000000
-0.0000000000009742
0.0000000000000000
-0.0000000000000042
-0.0000000000001595
0.0000000000000000
0.0000000000000000
0.0000000000000000
-0.0000000000005561
0.0000000000000000
0.0000000000000000
-0.0000000000005725
0.0000000000000000
-0.0000000000005869
-0.0000000000000029
0.0000000000000000
-0.0000000000012452
-0.0000000000006320
0.0000000000000000
-0.0000000000014130
-0.0000000000013041
-0.0000000000004546
-0.0000000000000022
0.0000000000000000
-0.0000000000005612
-0.0000000000004523
0.0000000000000000
0.0000000000000000
-0.0000000000009524
0.0000000000000000
-0.0000000000005561
0.0000000000000000
-0.0000000000014278
-0.0000000000004526
0.0000000000000000
-0.0000000000000022
-0.0000000000013650
0.0000000000000000
0.0000000000000000
-0.0000000000005865
0.0000000000000000
0.0000000000000000
0.0000000000000000
0.0000000000000000
-0.0000000000013131
0.0000000000000000
-0.0000000000007826
-0.0000000000000029
-0.0000000000014009
0.0000000000000000
0.0000000000000000
-0.0000000000000026
-0.0000000000001477
0.0000000000000000
0.0000000000000000
0.0000000000000000
0.0000000000000000
-0.0000000000000026
0.0000000000000000
0.0000000000000000
-0.0000000000000746
0.0000000000000000
-0.0000000000007172
-0.0000000000003251
0.0000000000000000
0.0000000000000000
-0.0000000000010267
0.0000000000000000
0.0000000000000000
-0.0000000000005632
0.0000000000000000
-0.0000000000005709
-0.0000000000000103
-0.0000000000006756
0.0000000000000000
-0.0000000000005660
0.0000000000000000
-0.0000000000000035
0.0000000000000000
0.0000000000000000
0.0000000000000000
-0.0000000000000042
-0.0000000000000016
0.0000000000000000
0.0000000000000000
0.0000000000000000
0.0000000000000000
-0.0000000000005676
-0.0000000000003463
0.0000000000000000
-0.0000000000000029
0.0000000000000000
0.0000000000000000
-0.0000000000014950
0.0000000000000000
0.0000000000000000
-0.0000000000011350
0.0000000000000000
0.0000000000000000
-0.0000000000005670
-0.0000000000014771
-0.0000000000005125
-0.0000000000005536
0.0000000000000000
0.0000000000000000
-0.0000000000006308
-0.0000000000005568
-0.0000000000012734
-0.0000000000013426
0.0000000000000000
0.0000000000000000
-0.0000000000011625
0.0000000000000000
-0.0000000000004155
-0.0000000000013599
-0.0000000000000032
0.0000000000000000
-0.0000000000004828
-0.0000000000005712
0.0000000000000000
0.0000000000000000
0.0000000000000000
0.0000000000000000
-0.0000000000005725
-0.0000000000000263
0.0000000000000000
0.0000000000000000
-0.0000000000005683
-0.0000000000003617
0.0000000000000000
-0.0000000000000038
0.0000000000000000
-0.0000000000000042
-0.0000000000008076
-0.0000000000007781
0.0000000000000000
-0.0000000000015303
0.0000000000000000
0.0000000000000000
0.0000000000000000
-0.0000000000000045
-0.0000000000000042
-0.0000000000005664
-0.0000000000013092
0.0000000000000000
0.0000000000000000
-0.0000000000006288
-0.0000000000005709
-0.0000000000011375
-0.0000000000003197
-0.0000000000000026
0.0000000000000000
0.0000000000000000
0.0000000000000000
-0.0000000000000019
-0.0000000000007390
-0.0000000000000048
0.0000000000000000
0.0000000000000000
0.0000000000000000
-0.0000000000005654
-0.0000000000007358
-0.0000000000000042
0.0000000000000000
0.0000000000000000
0.0000000000000000
-0.0000000000010369
-0.0000000000005625
0.0000000000000000
-0.0000000000013554
-0.0000000000014765
-0.0000000000011747
0.0000000000000000
0.0000000000000000
-0.0000000000005910
0.0000000000000000
-0.0000000000000048
0.0000000000000000
0.0000000000000000
-0.0000000000014861
0.0000000000000000
-0.0000000000012695
-0.0000000000002736
0.0000000000000000
-0.0000000000012618
0.0000000000000000
0.0000000000000000
-0.0000000000004645
-0.0000000000000221
-0.0000000000006718
-0.0000000000007205
0.0000000000000000
0.0000000000000000
-0.0000000000000022
0.0000000000000000
-0.0000000000001153
0.0000000000000000
-0.0000000000009915
0.0000000000000000
0.0000000000000000
0.0000000000000000
0.0000000000000000
0.0000000000000000
0.0000000000000000
-0.0000000000005625
0.0000000000000000
-0.0000000000006250
0.0000000000000000
-0.0000000000003511
-0.0000000000001089
0.0000000000000000
-0.0000000000005603
0.0000000000000000
-0.0000000000000029
-0.0000000000004418
-0.0000000000000349
-0.0000000000000573
0.0000000000000000
-0.0000000000014745
0.0000000000000000
-0.0000000000001285
-0.0000000000005702
0.0000000000000000
0.0000000000000000
-0.0000000000001541
-0.0000000000000016
-0.0000000000000038
-0.0000000000000038
0.0000000000000000
-0.0000000000000029
-0.0000000000005632
-0.0000000000012702
0.0000000000000000
0.0000000000000000
0.0000000000000000
0.0000000000000000
0.0000000000000000
0.0000000000000000
-0.0000000000011036
0.0000000000000000
0.0000000000000000
-0.0000000000000026
-0.0000000000011126
0.0000000000000000
0.0000000000000000
-0.0000000000000022
-0.0000000000001682
0.0000000000000000
0.0000000000000000
0.0000000000000000
-0.0000000000000019
0.0000000000000000
-0.0000000000006448
-0.0000000000006448
-0.0000000000010222
-0.0000000000008986
0.0000000000000000
-0.0000000000000359
0.0000000000000000
0.0000000000000000
0.0000000000000000
0.0000000000000000
-0.0000000000000022
0.0000000000000000
-0.0000000000009569
-0.0000000000002787
0.0000000000000000
-0.0000000000015636
-0.0000000000013714
0.0000000000000000
0.0000000000000000
0.0000000000000000
-0.0000000000008838
-0.0000000000012964
-0.0000000000005741
0.0000000000000000
-0.0000000000007550
0.0000000000000000
-0.0000000000005676
0.0000000000000000
0.0000000000000000
0.0000000000000000
-0.0000000000005641
0.0000000000000000
0.0000000000000000
-0.0000000000009466
0.0000000000000000
-0.0000000000014752
0.0000000000000000
-0.0000000000011004
0.0000000000000000
-0.0000000000004767
-0.0000000000012394
-0.0000000000005564
-0.0000000000009812
0.0000000000000000
0.0000000000000000
0.0000000000000000
-0.0000000000002845
0.0000000000000000
-0.0000000000004594
-0.0000000000000042
0.0000000000000000
0.0000000000000000
-0.0000000000000029
-0.0000000000005673
0.0000000000000000
0.0000000000000000
-0.0000000000011882
-0.0000000000002428
0.0000000000000000
0.0000000000000000
-0.0000000000013201
0.0000000000000000
-0.0000000000000035
-0.0000000000000035
-0.0000000000005741
-0.0000000000005603
0.0000000000000000
-0.0000000000008415
0.0000000000000000
-0.0000000000000029
0.0000000000000000
-0.0000000000005632
-0.0000000000012061
-0.0000000000000029
-0.0000000000008614
-0.0000000000002419
-0.0000000000008582
-0.0000000000000086
-0.0000000000008684
0.0000000000000000
-0.0000000000005683
-0.0000000000005673
0.0000000000000000
0.0000000000000000
0.0000000000000000
0.0000000000000000
-0.0000000000005712
-0.0000000000008089
-0.0000000000005648
0.0000000000000000
-0.0000000000009665
0.0000000000000000
0.0000000000000000
0.0000000000000000
-0.0000000000000042
0.0000000000000000
-0.0000000000005705
0.0000000000000000
-0.0000000000005545
-0.0000000000000029
0.0000000000000000
0.0000000000000000
0.0000000000000000
0.0000000000000000
0.0000000000000000
-0.0000000000005689
-0.0000000000005769
0.0000000000000000
0.0000000000000000
0.0000000000000000
-0.0000000000000029
-0.0000000000005651
-0.0000000000000026
-0.0000000000009095
0.0000000000000000
-0.0000000000002422
0.0000000000000000
-0.0000000000005680
0.0000000000000000
-0.0000000000010312
-0.0000000000003761
0.0000000000000000
-0.0000000000000022
-0.0000000000003386
-0.0000000000005910
-0.0000000000004040
-0.0000000000000093
0.0000000000000000
-0.0000000000008825
-0.0000000000009658
0.0000000000000000
0.0000000000000000
-0.0000000000014361
0.0000000000000000
0.0000000000000000
0.0000000000000000
0.0000000000000000
0.0000000000000000
-0.0000000000005644
0.0000000000000000
0.0000000000000000
0.0000000000000000
0.0000000000000000
-0.0000000000003255
-0.0000000000004767
-0.0000000000000042
-0.0000000000003107
0.0000000000000000
-0.0000000000015386
0.0000000000000000
0.0000000000000000
-0.0000000000002451
-0.0000000000002524
-0.0000000000003078
-0.0000000000015399
-0.0000000000011324
0.0000000000000000
0.0000000000000000
-0.0000000000005561
-0.0000000000012868
-0.0000000000000058
-0.0000000000011215
0.0000000000000000
0.0000000000000000
-0.0000000000005747
0.0000000000000000
0.0000000000000000
0.0000000000000000
-0.0000000000000077
0.0000000000000000
-0.0000000000009575
-0.0000000000013605
0.0000000000000000
-0.0000000000002403
-0.0000000000004571
-0.0000000000005763
0.0000000000000000
-0.0000000000005712
0.0000000000000000
0.0000000000000000
0.0000000000000000
0.0000000000000000
0.0000000000000000
-0.0000000000003085
-0.0000000000010421
0.0000000000000000
0.0000000000000000
0.0000000000000000
0.0000000000000000
-0.0000000000003793
-0.0000000000004434
-0.0000000000000038
-0.0000000000005689
0.0000000000000000
-0.0000000000000029
-0.0000000000002745
-0.0000000000007301
0.0000000000000000
0.0000000000000000
-0.0000000000009530
-0.0000000000000080
0.0000000000000000
-0.0000000000000029
0.0000000000000000
-0.0000000000005635
0.0000000000000000
0.0000000000000000
-0.0000000000005660
0.0000000000000000
0.0000000000000000
0.0000000000000000
0.0000000000000000
0.0000000000000000
0.0000000000000000
-0.0000000000009210
-0.0000000000005574
0.0000000000000000
0.0000000000000000
0.0000000000000000
-0.0000000000000029
0.0000000000000000
-0.0000000000000038
-0.0000000000009075
0.0000000000000000
-0.0000000000000099
0.0000000000000000
0.0000000000000000
-0.0000000000010972
0.0000000000000000
0.0000000000000000
-0.0000000000000019
0.0000000000000000
0.0000000000000000
-0.0000000000012035
0.0000000000000000
-0.0000000000015002
-0.0000000000000026
-0.0000000000015412
-0.0000000000007410
-0.0000000000009383
0.0000000000000000
0.0000000000000000
0.0000000000000000
-0.0000000000006038
-0.0000000000002906
-0.0000000000005859
0.0000000000000000
-0.0000000000008454
-0.0000000000014489
-0.0000000000001368
0.0000000000000000
-0.0000000000005814
-0.0000000000006692
0.0000000000000000
-0.0000000000000022
-0.0000000000008159
0.0000000000000000
-0.0000000000000019
-0.0000000000005910
0.0000000000000000
-0.0000000000000051
-0.0000000000011247
0.0000000000000000
-0.0000000000012471
-0.0000000000014220
-0.0000000000007518
-0.0000000000000026
-0.0000000000000413
-0.0000000000000029
0.0000000000000000
0.0000000000000000
-0.0000000000001467
0.0000000000000000
-0.0000000000000026
0.0000000000000000
0.0000000000000000
0.0000000000000000
-0.0000000000000038
-0.0000000000000263
-0.0000000000010453
0.0000000000000000
-0.0000000000000042
0.0000000000000000
-0.0000000000003255
-0.0000000000001832
-0.0000000000007256
-0.0000000000004808
0.0000000000000000
-0.0000000000000653
-0.0000000000005686
0.0000000000000000
0.0000000000000000
-0.0000000000010235
-0.0000000000006673
0.0000000000000000
0.0000000000000000
-0.0000000000007012
0.0000000000000000
0.0000000000000000
0.0000000000000000
-0.0000000000014970
0.0000000000000000
-0.0000000000000019
-0.0000000000005692
-0.0000000000003296
-0.0000000000000016
0.0000000000000000
-0.0000000000007070
-0.0000000000000884
-0.0000000000005234
-0.0000000000008377
0.0000000000000000
-0.0000000000005616
0.0000000000000000
0.0000000000000000
-0.0000000000014085
-0.0000000000000029
0.0000000000000000
0.0000000000000000
-0.0000000000005702
-0.0000000000000445
-0.0000000000000045
-0.0000000000013688
-0.0000000000008672
-0.0000000000002841
0.0000000000000000
-0.0000000000011933
0.0000000000000000
0.0000000000000000
0.0000000000000000
0.0000000000000000
0.0000000000000000
-0.0000000000009344
-0.0000000000005907
-0.0000000000004161
0.0000000000000000
-0.0000000000000026
-0.0000000000007454
0.0000000000000000
-0.0000000000013791
-0.0000000000000035
0.0000000000000000
-0.0000000000000048
-0.0000000000000042
0.0000000000000000
0.0000000000000000
-0.0000000000014374
0.0000000000000000
0.0000000000000000
-0.0000000000015546
-0.0000000000005910
0.0000000000000000
0.0000000000000000
0.0000000000000000
-0.0000000000013983
0.0000000000000000
0.0000000000000000
-0.0000000000000038
-0.0000000000005654
0.0000000000000000
0.0000000000000000
-0.0000000000005638
-0.0000000000005471
-0.0000000000007525
0.0000000000000000
-0.0000000000005433
0.0000000000000000
-0.0000000000005539
-0.0000000000005728
-0.0000000000001099
0.0000000000000000
-0.0000000000011305
-0.0000000000007403
0.0000000000000000
0.0000000000000000
-0.0000000000000051
-0.0000000000000029
-0.0000000000007083
-0.0000000000013733
0.0000000000000000
0.0000000000000000
0.0000000000000000
-0.0000000000005942
0.0000000000000000
0.0000000000000000
0.0000000000000000
0.0000000000000000
-0.0000000000000022
0.0000000000000000
0.0000000000000000
-0.0000000000000022
-0.0000000000005747
0.0000000000000000
-0.0000000000000045
-0.0000000000000026
-0.0000000000000019
-0.0000000000015533
-0.0000000000004683
-0.0000000000010965
-0.0000000000003642
-0.0000000000000032
0.0000000000000000
-0.0000000000005763
0.0000000000000000
0.0000000000000000
0.0000000000000000
-0.0000000000005641
0.0000000000000000
0.0000000000000000
-0.0000000000015072
-0.0000000000005587
0.0000000000000000
0.0000000000000000
-0.0000000000005564
0.0000000000000000
0.0000000000000000
-0.0000000000005805
-0.0000000000005699
0.0000000000000000
-0.0000000000000042
0.0000000000000000
-0.0000000000005660
-0.0000000000000106
-0.0000000000005718
0.0000000000000000
-0.0000000000005763
0.0000000000000000
0.0000000000000000
-0.0000000000004780
-0.0000000000000051
-0.0000000000000045
0.0000000000000000
0.0000000000000000
-0.0000000000000090
-0.0000000000014412
0.0000000000000000
-0.0000000000004273
-0.0000000000005692
-0.0000000000009139
-0.0000000000005821
0.0000000000000000
0.0000000000000000
-0.0000000000000051
0.0000000000000000
-0.0000000000008236
-0.0000000000005657
-0.0000000000005596
0.0000000000000000
0.0000000000000000
0.0000000000000000
0.0000000000000000
-0.0000000000003764
0.0000000000000000
0.0000000000000000
0.0000000000000000
0.0000000000000000
0.0000000000000000
-0.0000000000000035
0.0000000000000000
0.0000000000000000
-0.0000000000008749
-0.0000000000008313
0.0000000000000000
0.0000000000000000
0.0000000000000000
-0.0000000000001160
-0.0000000000002249
0.0000000000000000
0.0000000000000000
-0.0000000000007909
0.0000000000000000
0.0000000000000000
0.0000000000000000
0.0000000000000000
-0.0000000000001544
-0.0000000000005718
0.0000000000000000
-0.0000000000002848
-0.0000000000000061
0.0000000000000000
0.0000000000000000
0.0000000000000000
-0.0000000000013502
-0.0000000000009697
-0.0000000000000042
0.0000000000000000
-0.0000000000013189
0.0000000000000000
-0.0000000000013400
0.0000000000000000
-0.0000000000007211
0.0000000000000000
-0.0000000000001826
-0.0000000000000032
-0.0000000000000042
-0.0000000000005023
-0.0000000000005571
-0.0000000000013361
-0.0000000000005622
-0.0000000000004334
-0.0000000000004671
-0.0000000000012413
-0.0000000000013490
0.0000000000000000
0.0000000000000000
-0.0000000000007954
-0.0000000000009940
0.0000000000000000
-0.0000000000000029
0.0000000000000000
0.0000000000000000
0.0000000000000000
-0.0000000000012650
-0.0000000000013836
-0.0000000000003370
0.0000000000000000
0.0000000000000000
0.0000000000000000
-0.0000000000000038
-0.0000000000011439
-0.0000000000014329
-0.0000000000007160
0.0000000000000000
0.0000000000000000
0.0000000000000000
0.0000000000000000
0.0000000000000000
0.0000000000000000
0.0000000000000000
-0.0000000000000019
-0.0000000000000042
0.0000000000000000
-0.0000000000003607
-0.0000000000004193
-0.0000000000004334
0.0000000000000000
-0.0000000000005561
-0.0000000000004216
-0.0000000000000093
-0.0000000000006705
0.0000000000000000
-0.0000000000005686
-0.0000000000001541
0.0000000000000000
-0.0000000000000058
0.0000000000000000
0.0000000000000000
-0.0000000000008640
0.0000000000000000
0.0000000000000000
0.0000000000000000
-0.0000000000000019
-0.0000000000003037
0.0000000000000000
0.0000000000000000
0.0000000000000000
-0.0000000000010575
-0.0000000000005664
0.0000000000000000
0.0000000000000000
0.0000000000000000
-0.0000000000005721
-0.0000000000011625
0.0000000000000000
-0.0000000000005757
-0.0000000000002287
0.0000000000000000
-0.0000000000015662
0.0000000000000000
-0.0000000000013374
-0.0000000000000074
0.0000000000000000
-0.0000000000006647
-0.0000000000014380
-0.0000000000005568
-0.0000000000005859
0.0000000000000000
-0.0000000000000022
-0.0000000000004142
-0.0000000000001698
-0.0000000000010991
-0.0000000000005898
0.0000000000000000
0.0000000000000000
0.0000000000000000
0.0000000000000000
-0.0000000000005709
-0.0000000000001928
-0.0000000000000042
-0.0000000000000189
-0.0000000000003959
0.0000000000000000
0.0000000000000000
-0.0000000000004184
-0.0000000000010972
0.0000000000000000
0.0000000000000000
0.0000000000000000
-0.0000000000000026
0.0000000000000000
0.0000000000000000
-0.0000000000000224
0.0000000000000000
0.0000000000000000
0.0000000000000000
-0.0000000000013035
-0.0000000000000026
-0.0000000000000029
0.0000000000000000
-0.0000000000012042
0.0000000000000000
-0.0000000000002371
0.0000000000000000
0.0000000000000000
-0.0000000000005776
-0.0000000000005849
0.0000000000000000
-0.0000000000007224
-0.0000000000008409
-0.0000000000000288
-0.0000000000009966
-0.0000000000011619
0.0000000000000000
-0.0000000000000660
-0.0000000000014457
0.0000000000000000
-0.0000000000011580
0.0000000000000000
0.0000000000000000
0.0000000000000000
0.0000000000000000
-0.0000000000014053
0.0000000000000000
0.0000000000000000
-0.0000000000000048
0.0000000000000000
0.0000000000000000
-0.0000000000000022
0.0000000000000000
0.0000000000000000
0.0000000000000000
0.0000000000000000
-0.0000000000000042
-0.0000000000000042
0.0000000000000000
0.0000000000000000
-0.0000000000007224
0.0000000000000000
0.0000000000000000
0.0000000000000000
0.0000000000000000
-0.0000000000009927
-0.0000000000007377
-0.0000000000002614
-0.0000000000013092
-0.0000000000000022
0.0000000000000000
-0.0000000000005664
-0.0000000000007313
-0.0000000000007153
0.0000000000000000
0.0000000000000000
-0.0000000000005574
-0.0000000000005798
0.0000000000000000
-0.0000000000009556
-0.0000000000010581
-0.0000000000007832
-0.0000000000000032
0.0000000000000000
-0.0000000000006903
0.0000000000000000
0.0000000000000000
0.0000000000000000
0.0000000000000000
-0.0000000000000029
-0.0000000000006577
0.0000000000000000
0.0000000000000000
-0.0000000000005676
0.0000000000000000
0.0000000000000000
-0.0000000000003665
-0.0000000000015649
0.0000000000000000
0.0000000000000000
-0.0000000000007871
0.0000000000000000
-0.0000000000000026
0.0000000000000000
0.0000000000000000
-0.0000000000005725
-0.0000000000000042
0.0000000000000000
-0.0000000000013099
-0.0000000000005545
-0.0000000000000029
0.0000000000000000
0.0000000000000000
0.0000000000000000
0.0000000000000000
-0.0000000000002034
0.0000000000000000
0.0000000000000000
0.0000000000000000
0.0000000000000000
0.0000000000000000
0.0000000000000000
-0.0000000000001983
0.0000000000000000
0.0000000000000000
0.0000000000000000
0.0000000000000000
-0.0000000000009684
0.0000000000000000
0.0000000000000000
0.0000000000000000
0.0000000000000000
-0.0000000000008460
0.0000000000000000
0.0000000000000000
0.0000000000000000
-0.0000000000000026
0.0000000000000000
0.0000000000000000
-0.0000000000010068
-0.0000000000005628
-0.0000000000004514
-0.0000000000000035
-0.0000000000004885
-0.0000000000002582
-0.0000000000010261
-0.0000000000005721
-0.0000000000005660
-0.0000000000013650
-0.0000000000005170
0.0000000000000000
-0.0000000000000038
0.0000000000000000
-0.0000000000005667
-0.0000000000001349
0.0000000000000000
-0.0000000000000038
0.0000000000000000
0.0000000000000000
0.0000000000000000
0.0000000000000000
0.0000000000000000
0.0000000000000000
-0.0000000000009505
-0.0000000000012561
0.0000000000000000
0.0000000000000000
-0.0000000000000029
0.0000000000000000
-0.0000000000000038
0.0000000000000000
-0.0000000000011414
0.0000000000000000
-0.0000000000000026
-0.0000000000008851
0.0000000000000000
0.0000000000000000
0.0000000000000000
0.0000000000000000
0.0000000000000000
0.0000000000000000
0.0000000000000000
0.0000000000000000
-0.0000000000006999
-0.0000000000000061
0.0000000000000000
0.0000000000000000
0.0000000000000000
-0.0000000000005660
-0.0000000000012477
-0.0000000000005910
-0.0000000000003408
0.0000000000000000
-0.0000000000015476
-0.0000000000005555
0.0000000000000000
0.0000000000000000
0.0000000000000000
-0.0000000000008813
-0.0000000000012061
0.0000000000000000
-0.0000000000012010
0.0000000000000000
0.0000000000000000
-0.0000000000005910
-0.0000000000000022
-0.0000000000005692
0.0000000000000000
0.0000000000000000
0.0000000000000000
0.0000000000000000
0.0000000000000000
0.0000000000000000
0.0000000000000000
-0.0000000000007602
0.0000000000000000
-0.0000000000005827
-0.0000000000013451
0.0000000000000000
-0.0000000000000042
-0.0000000000005824
0.0000000000000000
-0.0000000000011907
-0.0000000000001265
0.0000000000000000
-0.0000000000011318
0.0000000000000000
0.0000000000000000
-0.0000000000008089
0.0000000000000000
0.0000000000000000
0.0000000000000000
0.0000000000000000
-0.0000000000000266
0.0000000000000000
0.0000000000000000
0.0000000000000000
0.0000000000000000
0.0000000000000000
0.0000000000000000
-0.0000000000005715
-0.0000000000005577
0.0000000000000000
0.0000000000000000
0.0000000000000000
0.0000000000000000
-0.0000000000010965
-0.0000000000005199
0.0000000000000000
-0.0000000000009152
-0.0000000000000026
-0.0000000000005814
-0.0000000000008793
0.0000000000000000
-0.0000000000006083
-0.0000000000000026
-0.0000000000005680
0.0000000000000000
0.0000000000000000
0.0000000000000000
0.0000000000000000
-0.0000000000005667
0.0000000000000000
-0.0000000000005555
0.0000000000000000
0.0000000000000000
-0.0000000000011350
0.0000000000000000
-0.0000000000013970
0.0000000000000000
0.0000000000000000
-0.0000000000014707
0.0000000000000000
-0.0000000000005439
-0.0000000000010145
0.0000000000000000
0.0000000000000000
-0.0000000000004357
-0.0000000000005680
0.0000000000000000
0.0000000000000000
0.0000000000000000
0.0000000000000000
-0.0000000000007345
0.0000000000000000
0.0000000000000000
0.0000000000000000
-0.0000000000009338
0.0000000000000000
0.0000000000000000
0.0000000000000000
-0.0000000000014668
0.0000000000000000
0.0000000000000000
-0.0000000000011702
0.0000000000000000
-0.0000000000013893
-0.0000000000006372
0.0000000000000000
-0.0000000000000026
-0.0000000000005539
-0.0000000000005651
-0.0000000000002258
0.0000000000000000
0.0000000000000000
0.0000000000000000
-0.0000000000014284
0.0000000000000000
0.0000000000000000
-0.0000000000000042
0.0000000000000000
0.0000000000000000
-0.0000000000002127
-0.0000000000000900
-0.0000000000005744
-0.0000000000005350
0.0000000000000000
0.0000000000000000
-0.0000000000005696
0.0000000000000000
-0.0000000000013855
0.0000000000000000
-0.0000000000008422
0.0000000000000000
-0.0000000000014412
0.0000000000000000
-0.0000000000006730
-0.0000000000014566
-0.0000000000005865
0.0000000000000000
-0.0000000000007307
-0.0000000000000865
0.0000000000000000
-0.0000000000000035
-0.0000000000000035
-0.0000000000011068
0.0000000000000000
-0.0000000000009268
0.0000000000000000
0.0000000000000000
0.0000000000000000
-0.0000000000012189
0.0000000000000000
0.0000000000000000
0.0000000000000000
0.0000000000000000
-0.0000000000000032
0.0000000000000000
0.0000000000000000
-0.0000000000012855
-0.0000000000006660
-0.0000000000000577
-0.0000000000015328
0.0000000000000000
-0.0000000000000026
0.0000000000000000
0.0000000000000000
-0.0000000000009139
0.0000000000000000
-0.0000000000014829
-0.0000000000003412
-0.0000000000000019
0.0000000000000000
0.0000000000000000
-0.0000000000000019
0.0000000000000000
-0.0000000000005760
-0.0000000000000637
-0.0000000000009530
0.0000000000000000
-0.0000000000005769
-0.0000000000000029
0.0000000000000000
-0.0000000000005635
-0.0000000000006122
-0.0000000000005894
-0.0000000000014009
-0.0000000000000038
0.0000000000000000
-0.0000000000002265
0.0000000000000000
-0.0000000000007377
-0.0000000000005683
-0.0000000000001467
-0.0000000000003918
0.0000000000000000
-0.0000000000005651
0.0000000000000000
0.0000000000000000
-0.0000000000005702
0.0000000000000000
-0.0000000000014060
-0.0000000000005564
0.0000000000000000
-0.0000000000000022
0.0000000000000000
0.0000000000000000
0.0000000000000000
0.0000000000000000
-0.0000000000005728
0.0000000000000000
-0.0000000000005910
-0.0000000000014079
0.0000000000000000
-0.0000000000009959
0.0000000000000000
0.0000000000000000
0.0000000000000000
0.0000000000000000
-0.0000000000000064
0.0000000000000000
0.0000000000000000
-0.0000000000000042
0.0000000000000000
0.0000000000000000
0.0000000000000000
0.0000000000000000
0.0000000000000000
0.0000000000000000
0.0000000000000000
0.0000000000000000
-0.0000000000009191
0.0000000000000000
-0.0000000000006551
-0.0000000000005689
-0.0000000000005609
-0.0000000000005808
0.0000000000000000
-0.0000000000000032
0.0000000000000000
-0.0000000000013637
0.0000000000000000
0.0000000000000000
-0.0000000000012151
0.0000000000000000
0.0000000000000000
-0.0000000000014701
0.0000000000000000
0.0000000000000000
0.0000000000000000
-0.0000000000010312
0.0000000000000000
-0.0000000000012759
0.0000000000000000
-0.0000000000005635
0.0000000000000000
-0.0000000000008588
-0.0000000000000035
-0.0000000000001179
-0.0000000000000035
-0.0000000000003280
-0.0000000000000026
0.0000000000000000
-0.0000000000010985
0.0000000000000000
0.0000000000000000
-0.0000000000013329
0.0000000000000000
-0.0000000000008960
0.0000000000000000
-0.0000000000006243
-0.0000000000000029
-0.0000000000002505
-0.0000000000004565
0.0000000000000000
0.0000000000000000
-0.0000000000005545
-0.0000000000005833
-0.0000000000005712
-0.0000000000000038
0.0000000000000000
0.0000000000000000
-0.0000000000000195
-0.0000000000014406
-0.0000000000005673
-0.0000000000011452
-0.0000000000000029
0.0000000000000000
-0.0000000000000042
-0.0000000000000038
0.0000000000000000
-0.0000000000008057
-0.0000000000013227
-0.0000000000000032
-0.0000000000009607
0.0000000000000000
-0.0000000000005641
-0.0000000000000032
-0.0000000000000019
-0.0000000000005529
-0.0000000000012067
0.0000000000000000
-0.0000000000014393
0.0000000000000000
-0.0000000000002867
-0.0000000000000413
0.0000000000000000
0.0000000000000000
-0.0000000000011471
0.0000000000000000
0.0000000000000000
0.0000000000000000
0.0000000000000000
0.0000000000000000
0.0000000000000000
0.0000000000000000
-0.0000000000006666
-0.0000000000014137
0.0000000000000000
-0.0000000000002441
-0.0000000000005721
0.0000000000000000
0.0000000000000000
0.0000000000000000
0.0000000000000000
-0.0000000000005049
-0.0000000000004376
-0.0000000000005587
0.0000000000000000
-0.0000000000002470
-0.0000000000005561
-0.0000000000005616
-0.0000000000010100
0.0000000000000000
0.0000000000000000
-0.0000000000000029
-0.0000000000000042
-0.0000000000000042
-0.0000000000005737
-0.0000000000008870
-0.0000000000012074
-0.0000000000002982
-0.0000000000012099
-0.0000000000000038
-0.0000000000015367
0.0000000000000000
0.0000000000000000
-0.0000000000008217
0.0000000000000000
-0.0000000000012676
0.0000000000000000
0.0000000000000000
-0.0000000000013970
0.0000000000000000
-0.0000000000009876
-0.0000000000005657
-0.0000000000003418
0.0000000000000000
-0.0000000000005712
0.0000000000000000
-0.0000000000002127
-0.0000000000000061
0.0000000000000000
0.0000000000000000
0.0000000000000000
-0.0000000000005814
0.0000000000000000
-0.0000000000008332
-0.0000000000005910
0.0000000000000000
-0.0000000000005676
-0.0000000000002877
0.0000000000000000
0.0000000000000000
-0.0000000000013631
-0.0000000000014393
0.0000000000000000
-0.0000000000005580
0.0000000000000000
0.0000000000000000
-0.0000000000008166
-0.0000000000001438
-0.0000000000000029
0.0000000000000000
0.0000000000000000
-0.0000000000004930
-0.0000000000005660
-0.0000000000002412
0.0000000000000000
-0.0000000000010344
0.0000000000000000
0.0000000000000000
-0.0000000000005676
0.0000000000000000
0.0000000000000000
-0.0000000000003143
0.0000000000000000
-0.0000000000003088
-0.0000000000000045
0.0000000000000000
0.0000000000000000
0.0000000000000000
-0.0000000000000038
0.0000000000000000
0.0000000000000000
-0.0000000000004802
0.0000000000000000
-0.0000000000013631
-0.0000000000005737
0.0000000000000000
-0.0000000000000019
0.0000000000000000
-0.0000000000011196
-0.0000000000007903
0.0000000000000000
-0.0000000000015123
-0.0000000000002668
-0.0000000000002912
0.0000000000000000
0.0000000000000000
0.0000000000000000
-0.0000000000005507
0.0000000000000000
-0.0000000000002934
0.0000000000000000
0.0000000000000000
-0.0000000000008025
0.0000000000000000
-0.0000000000000029
0.0000000000000000
-0.0000000000005254
-0.0000000000012932
-0.0000000000005561
0.0000000000000000
0.0000000000000000
0.0000000000000000
0.0000000000000000
-0.0000000000011798
0.0000000000000000
-0.0000000000000042
-0.0000000000000026
-0.0000000000000038
0.0000000000000000
-0.0000000000000042
-0.0000000000011548
-0.0000000000006461
-0.0000000000013938
0.0000000000000000
-0.0000000000005571
-0.0000000000000634
-0.0000000000013663
0.0000000000000000
-0.0000000000000038
-0.0000000000012080
0.0000000000000000
0.0000000000000000
-0.0000000000005885
-0.0000000000011395
-0.0000000000005731
-0.0000000000010389
-0.0000000000000103
-0.0000000000004594
-0.0000000000005741
-0.0000000000005741
0.0000000000000000
0.0000000000000000
-0.0000000000007429
-0.0000000000011990
0.0000000000000000
0.0000000000000000
-0.0000000000014643
-0.0000000000010555
0.0000000000000000
0.0000000000000000
-0.0000000000005503
-0.0000000000009902
-0.0000000000007435
-0.0000000000000029
-0.0000000000009537
-0.0000000000005785
0.0000000000000000
0.0000000000000000
-0.0000000000001413
-0.0000000000014995
0.0000000000000000
-0.0000000000000074
0.0000000000000000
0.0000000000000000
0.0000000000000000
-0.0000000000001301
0.0000000000000000
0.0000000000000000
-0.0000000000008800
-0.0000000000012074
0.0000000000000000
-0.0000000000001429
-0.0000000000005638
0.0000000000000000
-0.0000000000005564
0.0000000000000000
-0.0000000000005673
-0.0000000000004302
-0.0000000000004475
-0.0000000000009505
-0.0000000000005785
0.0000000000000000
-0.0000000000001349
-0.0000000000002483
-0.0000000000005657
-0.0000000000005769
0.0000000000000000
0.0000000000000000
0.0000000000000000
-0.0000000000005443
-0.0000000000005779
-0.0000000000011061
-0.0000000000004616
0.0000000000000000
0.0000000000000000
-0.0000000000006070
0.0000000000000000
0.0000000000000000
0.0000000000000000
0.0000000000000000
-0.0000000000005475
0.0000000000000000
-0.0000000000010658
0.0000000000000000
-0.0000000000000817
-0.0000000000002287
-0.0000000000005545
0.0000000000000000
-0.0000000000015527
-0.0000000000003162
0.0000000000000000
-0.0000000000000038
-0.0000000000003216
-0.0000000000005359
0.0000000000000000
-0.0000000000005686
0.0000000000000000
0.0000000000000000
-0.0000000000000743
0.0000000000000000
-0.0000000000005785
0.0000000000000000
0.0000000000000000
-0.0000000000005696
-0.0000000000010254
-0.0000000000007422
0.0000000000000000
0.0000000000000000
0.0000000000000000
0.0000000000000000
0.0000000000000000
0.0000000000000000
0.0000000000000000
-0.0000000000005757
-0.0000000000000074
0.0000000000000000
-0.0000000000015277
-0.0000000000014745
0.0000000000000000
0.0000000000000000
0.0000000000000000
-0.0000000000005657
0.0000000000000000
0.0000000000000000
-0.0000000000015591
0.0000000000000000
-0.0000000000000032
-0.0000000000000054
-0.0000000000013932
0.0000000000000000
0.0000000000000000
-0.0000000000012881
-0.0000000000007948
-0.0000000000006481
0.0000000000000000
-0.0000000000003284
-0.0000000000005680
-0.0000000000000026
-0.0000000000011375
-0.0000000000005603
0.0000000000000000
-0.0000000000005686
-0.0000000000005455
0.0000000000000000
0.0000000000000000
-0.0000000000005500
0.0000000000000000
0.0000000000000000
0.0000000000000000
-0.0000000000000029
-0.0000000000005750
-0.0000000000006500
0.0000000000000000
0.0000000000000000
0.0000000000000000
-0.0000000000002451
0.0000000000000000
0.0000000000000000
-0.0000000000000029
0.0000000000000000
0.0000000000000000
-0.0000000000005609
-0.0000000000013189
0.0000000000000000
-0.0000000000005622
-0.0000000000006487
-0.0000000000000029
0.0000000000000000
-0.0000000000014387
-0.0000000000004786
0.0000000000000000
-0.0000000000006250
0.0000000000000000
-0.0000000000000038
-0.0000000000010222
-0.0000000000011805
-0.0000000000000026
0.0000000000000000
0.0000000000000000
0.0000000000000000
-0.0000000000007256
0.0000000000000000
0.0000000000000000
0.0000000000000000
0.0000000000000000
-0.0000000000010254
0.0000000000000000
-0.0000000000011939
-0.0000000000012663
0.0000000000000000
-0.0000000000000019
-0.0000000000000067
0.0000000000000000
0.0000000000000000
0.0000000000000000
0.0000000000000000
0.0000000000000000
-0.0000000000005676
-0.0000000000001518
-0.0000000000015219
0.0000000000000000
-0.0000000000010062
-0.0000000000003889
-0.0000000000012003
-0.0000000000009780
0.0000000000000000
-0.0000000000000042
0.0000000000000000
-0.0000000000008531
-0.0000000000011644
-0.0000000000002489
-0.0000000000010747
0.0000000000000000
-0.0000000000000032
0.0000000000000000
0.0000000000000000
-0.0000000000005510
-0.0000000000005785
0.0000000000000000
0.0000000000000000
-0.0000000000003011
-0.0000000000013246
-0.0000000000012279
-0.0000000000005859
-0.0000000000005709
0.0000000000000000
0.0000000000000000
0.0000000000000000
-0.0000000000005840
-0.0000000000005702
-0.0000000000005789
0.0000000000000000
-0.0000000000002902
-0.0000000000000090
0.0000000000000000
-0.0000000000014886
0.0000000000000000
0.0000000000000000
0.0000000000000000
0.0000000000000000
0.0000000000000000
-0.0000000000001579
0.0000000000000000
-0.0000000000007916
0.0000000000000000
-0.0000000000003219
-0.0000000000005644
0.0000000000000000
-0.0000000000012087
-0.0000000000005779
-0.0000000000000042
0.0000000000000000
-0.0000000000000026
-0.0000000000000099
0.0000000000000000
-0.0000000000007070
-0.0000000000005628
-0.0000000000011830
-0.0000000000005705
-0.0000000000005484
-0.0000000000000022
-0.0000000000005603
-0.0000000000000042
0.0000000000000000
-0.0000000000006301
-0.0000000000000054
-0.0000000000011010
-0.0000000000006718
0.0000000000000000
0.0000000000000000
0.0000000000000000
0.0000000000000000
-0.0000000000008614
0.0000000000000000
0.0000000000000000
-0.0000000000000032
0.0000000000000000
-0.0000000000007512
-0.0000000000011593
-0.0000000000004001
0.0000000000000000
0.0000000000000000
0.0000000000000000
0.0000000000000000
0.0000000000000000
0.0000000000000000
0.0000000000000000
-0.0000000000014906
-0.0000000000003761
-0.0000000000000324
0.0000000000000000
-0.0000000000002345
-0.0000000000002483
0.0000000000000000
-0.0000000000002620
-0.0000000000000054
0.0000000000000000
0.0000000000000000
0.0000000000000000
-0.0000000000000058
-0.0000000000000035
0.0000000000000000
0.0000000000000000
-0.0000000000011138
-0.0000000000002108
0.0000000000000000
-0.0000000000005628
0.0000000000000000
-0.0000000000000919
0.0000000000000000
0.0000000000000000
0.0000000000000000
0.0000000000000000
-0.0000000000000022
0.0000000000000000
-0.0000000000006660
-0.0000000000014822
-0.0000000000000026
0.0000000000000000
-0.0000000000005910
0.0000000000000000
0.0000000000000000
-0.0000000000012183
0.0000000000000000
-0.0000000000007781
-0.0000000000005529
0.0000000000000000
-0.0000000000008332
-0.0000000000001281
0.0000000000000000
0.0000000000000000
0.0000000000000000
-0.0000000000000016
0.0000000000000000
-0.0000000000000522
-0.0000000000000698
-0.0000000000000016
0.0000000000000000
0.0000000000000000
0.0000000000000000
0.0000000000000000
-0.0000000000000038
0.0000000000000000
0.0000000000000000
0.0000000000000000
-0.0000000000002694
-0.0000000000005917
-0.0000000000005718
0.0000000000000000
0.0000000000000000
0.0000000000000000
0.0000000000000000
0.0000000000000000
0.0000000000000000
-0.0000000000006859
0.0000000000000000
-0.0000000000000022
-0.0000000000005081
0.0000000000000000
0.0000000000000000
-0.0000000000000042
0.0000000000000000
0.0000000000000000
-0.0000000000005773
0.0000000000000000
0.0000000000000000
0.0000000000000000
-0.0000000000001634
-0.0000000000011375
0.0000000000000000
-0.0000000000005600
-0.0000000000006493
-0.0000000000005625
-0.0000000000005692
0.0000000000000000
-0.0000000000003950
0.0000000000000000
-0.0000000000005193
-0.0000000000003597
-0.0000000000013534
0.0000000000000000
-0.0000000000009549
-0.0000000000000042
-0.0000000000002332
-0.0000000000005917
0.0000000000000000
-0.0000000000007903
-0.0000000000000026
-0.0000000000005667
-0.0000000000002528
-0.0000000000004558
-0.0000000000006910
0.0000000000000000
0.0000000000000000
-0.0000000000013970
-0.0000000000005542
0.0000000000000000
0.0000000000000000
-0.0000000000008262
-0.0000000000001160
0.0000000000000000
0.0000000000000000
0.0000000000000000
0.0000000000000000
0.0000000000000000
-0.0000000000005757
-0.0000000000004712
0.0000000000000000
-0.0000000000000042
0.0000000000000000
0.0000000000000000
-0.0000000000000378
0.0000000000000000
0.0000000000000000
-0.0000000000009927
-0.0000000000005632
0.0000000000000000
-0.0000000000012356
0.0000000000000000
0.0000000000000000
0.0000000000000000
0.0000000000000000
-0.0000000000008793
0.0000000000000000
0.0000000000000000
-0.0000000000011766
0.0000000000000000
0.0000000000000000
0.0000000000000000
0.0000000000000000
-0.0000000000013810
-0.0000000000002069
-0.0000000000002146
0.0000000000000000
0.0000000000000000
0.0000000000000000
-0.0000000000011266
-0.0000000000006391
-0.0000000000002672
-0.0000000000005596
0.0000000000000000
-0.0000000000000144
0.0000000000000000
0.0000000000000000
0.0000000000000000
-0.0000000000005648
-0.0000000000011286
-0.0000000000005664
-0.0000000000006340
-0.0000000000015559
0.0000000000000000
0.0000000000000000
0.0000000000000000
-0.0000000000005731
0.0000000000000000
-0.0000000000011158
0.0000000000000000
0.0000000000000000
-0.0000000000015578
-0.0000000000005872
0.0000000000000000
0.0000000000000000
0.0000000000000000
-0.0000000000005641
0.0000000000000000
0.0000000000000000
0.0000000000000000
0.0000000000000000
-0.0000000000004648
-0.0000000000000019
0.0000000000000000
-0.0000000000009280
-0.0000000000000653
-0.0000000000005718
0.0000000000000000
-0.0000000000005641
-0.0000000000014995
0.0000000000000000
-0.0000000000000038
-0.0000000000005683
-0.0000000000007832
0.0000000000000000
-0.0000000000001009
-0.0000000000008800
0.0000000000000000
-0.0000000000005628
-0.0000000000005795
-0.0000000000014931
-0.0000000000005689
0.0000000000000000
-0.0000000000013791
-0.0000000000008665
-0.0000000000010882
-0.0000000000000026
-0.0000000000005622
-0.0000000000000022
-0.0000000000000038
-0.0000000000004273
0.0000000000000000
0.0000000000000000
0.0000000000000000
-0.0000000000005600
0.0000000000000000
0.0000000000000000
-0.0000000000009306
0.0000000000000000
-0.0000000000004988
0.0000000000000000
0.0000000000000000
-0.0000000000005792
-0.0000000000001643
0.0000000000000000
-0.0000000000012010
-0.0000000000012907
-0.0000000000005609
-0.0000000000004270
0.0000000000000000
0.0000000000000000
0.0000000000000000
-0.0000000000012074
-0.0000000000000026
-0.0000000000013144
0.0000000000000000
0.0000000000000000
-0.0000000000014617
-0.0000000000000042
0.0000000000000000
-0.0000000000000292
-0.0000000000005744
0.0000000000000000
0.0000000000000000
0.0000000000000000
-0.0000000000000038
-0.0000000000009037
-0.0000000000000416
0.0000000000000000
0.0000000000000000
0.0000000000000000
0.0000000000000000
0.0000000000000000
0.0000000000000000
0.0000000000000000
-0.0000000000008684
0.0000000000000000
-0.0000000000005596
0.0000000000000000
0.0000000000000000
-0.0000000000001137
-0.0000000000011856
-0.0000000000000029
-0.0000000000004760
-0.0000000000005801
0.0000000000000000
0.0000000000000000
-0.0000000000011183
-0.0000000000005648
0.0000000000000000
0.0000000000000000
-0.0000000000011497
0.0000000000000000
-0.0000000000006448
-0.0000000000000064
-0.0000000000000074
0.0000000000000000
0.0000000000000000
0.0000000000000000
0.0000000000000000
-0.0000000000000708
0.0000000000000000
-0.0000000000003828
0.0000000000000000
0.0000000000000000
0.0000000000000000
-0.0000000000000999
-0.0000000000010036
0.0000000000000000
0.0000000000000000
0.0000000000000000
-0.0000000000011145
0.0000000000000000
-0.0000000000005561
-0.0000000000015258
0.0000000000000000
0.0000000000000000
0.0000000000000000
-0.0000000000005782
-0.0000000000007320
0.0000000000000000
0.0000000000000000
-0.0000000000006346
-0.0000000000005628
0.0000000000000000
0.0000000000000000
0.0000000000000000
0.0000000000000000
-0.0000000000000054
0.0000000000000000
-0.0000000000000029
-0.0000000000012080
0.0000000000000000
-0.0000000000007961
0.0000000000000000
-0.0000000000005574
0.0000000000000000
0.0000000000000000
-0.0000000000002371
-0.0000000000006551
0.0000000000000000
0.0000000000000000
0.0000000000000000
-0.0000000000005584
0.0000000000000000
0.0000000000000000
0.0000000000000000
0.0000000000000000
0.0000000000000000
0.0000000000000000
0.0000000000000000
0.0000000000000000
-0.0000000000005494
0.0000000000000000
-0.0000000000000038
-0.0000000000004366
-0.0000000000000022
0.0000000000000000
0.0000000000000000
0.0000000000000000
0.0000000000000000
-0.0000000000005808
0.0000000000000000
0.0000000000000000
-0.0000000000007416
-0.0000000000000042
0.0000000000000000
-0.0000000000000067
0.0000000000000000
-0.0000000000002572
0.0000000000000000
-0.0000000000000042
0.0000000000000000
0.0000000000000000
-0.0000000000005763
-0.0000000000005510
0.0000000000000000
-0.0000000000005667
-0.0000000000005555
0.0000000000000000
-0.0000000000000042
-0.0000000000000029
0.0000000000000000
0.0000000000000000
0.0000000000000000
0.0000000000000000
-0.0000000000004132
-0.0000000000003802
-0.0000000000004296
0.0000000000000000
0.0000000000000000
-0.0000000000000026
0.0000000000000000
-0.0000000000013727
0.0000000000000000
0.0000000000000000
-0.0000000000005574
0.0000000000000000
-0.0000000000010613
0.0000000000000000
0.0000000000000000
-0.0000000000000099
0.0000000000000000
-0.0000000000005644
0.0000000000000000
0.0000000000000000
-0.0000000000005814
-0.0000000000001230
0.0000000000000000
-0.0000000000007326
-0.0000000000001749
-0.0000000000005542
-0.0000000000008934
0.0000000000000000
-0.0000000000005465
-0.0000000000000080
-0.0000000000001297
-0.0000000000008255
-0.0000000000000301
0.0000000000000000
0.0000000000000000
-0.0000000000009722
0.0000000000000000
0.0000000000000000
0.0000000000000000
-0.0000000000000029
0.0000000000000000
0.0000000000000000
0.0000000000000000
-0.0000000000014592
0.0000000000000000
0.0000000000000000
-0.0000000000000026
-0.0000000000004369
-0.0000000000006589
-0.0000000000008326
0.0000000000000000
0.0000000000000000
-0.0000000000011305
-0.0000000000010991
0.0000000000000000
0.0000000000000000
0.0000000000000000
0.0000000000000000
-0.0000000000000026
-0.0000000000007961
-0.0000000000005785
-0.0000000000012215
0.0000000000000000
0.0000000000000000
0.0000000000000000
0.0000000000000000
-0.0000000000005109
-0.0000000000000032
0.0000000000000000
-0.0000000000000022
0.0000000000000000
-0.0000000000000621
-0.0000000000001060
0.0000000000000000
0.0000000000000000
-0.0000000000005616
-0.0000000000014252
0.0000000000000000
0.0000000000000000
-0.0000000000007506
0.0000000000000000
0.0000000000000000
-0.0000000000008435
0.0000000000000000
0.0000000000000000
0.0000000000000000
-0.0000000000000035
-0.0000000000006980
-0.0000000000008255
-0.0000000000000051
-0.0000000000003495
0.0000000000000000
-0.0000000000005571
0.0000000000000000
0.0000000000000000
-0.0000000000007442
0.0000000000000000
-0.0000000000013118
-0.0000000000006295
0.0000000000000000
0.0000000000000000
-0.0000000000000032
0.0000000000000000
0.0000000000000000
0.0000000000000000
-0.0000000000012362
0.0000000000000000
0.0000000000000000
0.0000000000000000
0.0000000000000000
-0.0000000000013291
0.0000000000000000
-0.0000000000000042
-0.0000000000007826
0.0000000000000000
-0.0000000000010805
-0.0000000000007377
-0.0000000000012426
-0.0000000000015328
0.0000000000000000
0.0000000000000000
-0.0000000000005641
-0.0000000000015437
-0.0000000000007948
0.0000000000000000
0.0000000000000000
0.0000000000000000
0.0000000000000000
0.0000000000000000
0.0000000000000000
0.0000000000000000
0.0000000000000000
0.0000000000000000
-0.0000000000002854
0.0000000000000000
0.0000000000000000
0.0000000000000000
-0.0000000000003062
-0.0000000000008210
0.0000000000000000
0.0000000000000000
0.0000000000000000
-0.0000000000000019
-0.0000000000000019
-0.0000000000005686
-0.0000000000004507
-0.0000000000005753
0.0000000000000000
0.0000000000000000
-0.0000000000005616
-0.0000000000012388
0.0000000000000000
0.0000000000000000
-0.0000000000013169
-0.0000000000000026
0.0000000000000000
-0.0000000000006609
-0.0000000000014015
0.0000000000000000
0.0000000000000000
-0.0000000000002028
-0.0000000000010504
-0.0000000000013829
0.0000000000000000
-0.0000000000011702
0.0000000000000000
-0.0000000000015469
0.0000000000000000
0.0000000000000000
-0.0000000000011644
0.0000000000000000
-0.0000000000014444
-0.0000000000000013
-0.0000000000008377
0.0000000000000000
0.0000000000000000
-0.0000000000000026
-0.0000000000005782
-0.0000000000008569
-0.0000000000009511
0.0000000000000000
0.0000000000000000
-0.0000000000012003
0.0000000000000000
0.0000000000000000
0.0000000000000000
0.0000000000000000
-0.0000000000003437
0.0000000000000000
0.0000000000000000
0.0000000000000000
-0.0000000000015424
0.0000000000000000
-0.0000000000000074
0.0000000000000000
0.0000000000000000
0.0000000000000000
-0.0000000000011670
-0.0000000000009120
0.0000000000000000
0.0000000000000000
-0.0000000000005404
0.0000000000000000
-0.0000000000014284
-0.0000000000000791
0.0000000000000000
0.0000000000000000
-0.0000000000000019
-0.0000000000013906
-0.0000000000005750
0.0000000000000000
0.0000000000000000
0.0000000000000000
-0.0000000000012458
-0.0000000000010613
-0.0000000000005644
-0.0000000000010850
-0.0000000000005705
0.0000000000000000
0.0000000000000000
-0.0000000000015405
-0.0000000000013253
0.0000000000000000
0.0000000000000000
0.0000000000000000
-0.0000000000003710
0.0000000000000000
-0.0000000000014649
-0.0000000000001903
0.0000000000000000
0.0000000000000000
0.0000000000000000
0.0000000000000000
-0.0000000000005718
0.0000000000000000
-0.0000000000007506
0.0000000000000000
0.0000000000000000
-0.0000000000005683
0.0000000000000000
-0.0000000000000058
0.0000000000000000
0.0000000000000000
-0.0000000000011228
-0.0000000000000653
-0.0000000000005532
0.0000000000000000
-0.0000000000010542
0.0000000000000000
0.0000000000000000
-0.0000000000000026
-0.0000000000008063
0.0000000000000000
-0.0000000000008191
-0.0000000000010645
-0.0000000000005212
0.0000000000000000
0.0000000000000000
0.0000000000000000
0.0000000000000000
-0.0000000000008242
0.0000000000000000
0.0000000000000000
-0.0000000000003604
-0.0000000000005664
-0.0000000000000019
0.0000000000000000
-0.0000000000008588
0.0000000000000000
-0.0000000000009485
-0.0000000000009863
0.0000000000000000
-0.0000000000010985
-0.0000000000000058
0.0000000000000000
-0.0000000000005673
-0.0000000000006762
0.0000000000000000
-0.0000000000009434
-0.0000000000007999
-0.0000000000005574
0.0000000000000000
0.0000000000000000
-0.0000000000005811
0.0000000000000000
-0.0000000000009665
-0.0000000000005619
0.0000000000000000
-0.0000000000013964
0.0000000000000000
0.0000000000000000
0.0000000000000000
-0.0000000000000035
-0.0000000000007345
0.0000000000000000
-0.0000000000004645
-0.0000000000011337
-0.0000000000003245
0.0000000000000000
-0.0000000000015187
0.0000000000000000
0.0000000000000000
0.0000000000000000
0.0000000000000000
0.0000000000000000
-0.0000000000003985
0.0000000000000000
-0.0000000000001019
-0.0000000000005753
-0.0000000000002284
-0.0000000000000022
-0.0000000000006243
0.0000000000000000
0.0000000000000000
-0.0000000000000042
0.0000000000000000
0.0000000000000000
0.0000000000000000
0.0000000000000000
0.0000000000000000
-0.0000000000007896
-0.0000000000000525
-0.0000000000009018
-0.0000000000015540
0.0000000000000000
-0.0000000000005548
0.0000000000000000
0.0000000000000000
0.0000000000000000
-0.0000000000005747
-0.0000000000005545
-0.0000000000005683
-0.0000000000003716
-0.0000000000001544
-0.0000000000013297
-0.0000000000000048
0.0000000000000000
0.0000000000000000
-0.0000000000006442
-0.0000000000013387
-0.0000000000010337
-0.0000000000010197
-0.0000000000005638
-0.0000000000005760
-0.0000000000000026
-0.0000000000013618
-0.0000000000002710
0.0000000000000000
-0.0000000000001544
0.0000000000000000
-0.0000000000000032
-0.0000000000005910
-0.0000000000000045
0.0000000000000000
-0.0000000000000070
-0.0000000000013137
-0.0000000000011241
-0.0000000000005616
0.0000000000000000
0.0000000000000000
0.0000000000000000
0.0000000000000000
-0.0000000000005734
0.0000000000000000
0.0000000000000000
-0.0000000000009729
-0.0000000000005750
0.0000000000000000
-0.0000000000005170
0.0000000000000000
-0.0000000000010690
0.0000000000000000
-0.0000000000014797
-0.0000000000005699
-0.0000000000010991
-0.0000000000008076
-0.0000000000011753
-0.0000000000000077
-0.0000000000000061
-0.0000000000005673
0.0000000000000000
0.0000000000000000
0.0000000000000000
-0.0000000000009370
-0.0000000000012695
-0.0000000000003847
0.0000000000000000
-0.0000000000006955
-0.0000000000010933
-0.0000000000005667
0.0000000000000000
0.0000000000000000
0.0000000000000000
-0.0000000000014361
0.0000000000000000
0.0000000000000000
-0.0000000000000042
0.0000000000000000
0.0000000000000000
-0.0000000000003796
-0.0000000000005651
-0.0000000000000086
0.0000000000000000
0.0000000000000000
0.0000000000000000
0.0000000000000000
-0.0000000000007461
0.0000000000000000
-0.0000000000005196
0.0000000000000000
-0.0000000000000042
0.0000000000000000
0.0000000000000000
-0.0000000000000029
0.0000000000000000
-0.0000000000015540
-0.0000000000000038
-0.0000000000006333
-0.0000000000000026
-0.0000000000005859
-0.0000000000005452
-0.0000000000000029
-0.0000000000014566
-0.0000000000001749
0.0000000000000000
-0.0000000000000067
-0.0000000000011446
-0.0000000000000029
-0.0000000000000048
-0.0000000000004344
-0.0000000000000035
-0.0000000000000032
-0.0000000000005741
-0.0000000000014681
-0.0000000000012272
-0.0000000000000026
-0.0000000000005779
-0.0000000000010786
-0.0000000000015597
-0.0000000000005571
-0.0000000000013534
0.0000000000000000
0.0000000000000000
-0.0000000000005747
-0.0000000000005709
-0.0000000000005904
-0.0000000000014656
0.0000000000000000
-0.0000000000012074
-0.0000000000013951
-0.0000000000005731
-0.0000000000000026
-0.0000000000007608
0.0000000000000000
-0.0000000000001960
-0.0000000000000026
0.0000000000000000
0.0000000000000000
-0.0000000000000029
-0.0000000000000038
-0.0000000000005654
-0.0000000000005670
-0.0000000000014066
-0.0000000000012881
0.0000000000000000
-0.0000000000009972
0.0000000000000000
-0.0000000000012509
0.0000000000000000
0.0000000000000000
-0.0000000000009152
-0.0000000000015117
-0.0000000000015489
-0.0000000000000026
0.0000000000000000
-0.0000000000003684
0.0000000000000000
0.0000000000000000
0.0000000000000000
0.0000000000000000
0.0000000000000000
0.0000000000000000
0.0000000000000000
-0.0000000000000035
-0.0000000000001928
-0.0000000000013778
-0.0000000000000026
0.0000000000000000
0.0000000000000000
0.0000000000000000
0.0000000000000000
0.0000000000000000
-0.0000000000007377
0.0000000000000000
0.0000000000000000
0.0000000000000000
0.0000000000000000
0.0000000000000000
0.0000000000000000
-0.0000000000003078
-0.0000000000005683
-0.0000000000009210
-0.0000000000005347
-0.0000000000008678
0.0000000000000000
-0.0000000000012349
0.0000000000000000
0.0000000000000000
-0.0000000000000064
-0.0000000000000032
0.0000000000000000
0.0000000000000000
-0.0000000000005660
0.0000000000000000
-0.0000000000000029
0.0000000000000000
-0.0000000000005789
-0.0000000000010780
-0.0000000000008902
-0.0000000000004578
-0.0000000000010510
-0.0000000000001531
-0.0000000000005721
-0.0000000000000038
-0.0000000000008236
0.0000000000000000
-0.0000000000000103
-0.0000000000000471
-0.0000000000008057
0.0000000000000000
-0.0000000000013169
-0.0000000000000032
-0.0000000000000032
-0.0000000000007807
0.0000000000000000
-0.0000000000015091
0.0000000000000000
0.0000000000000000
0.0000000000000000
0.0000000000000000
0.0000000000000000
0.0000000000000000
0.0000000000000000
0.0000000000000000
0.0000000000000000
0.0000000000000000
0.0000000000000000
-0.0000000000000038
0.0000000000000000
0.0000000000000000
-0.0000000000005628
-0.0000000000000022
0.0000000000000000
-0.0000000000014649
0.0000000000000000
0.0000000000000000
-0.0000000000005744
-0.0000000000005218
-0.0000000000000026
0.0000000000000000
-0.0000000000006564
-0.0000000000001797
-0.0000000000005606
0.0000000000000000
-0.0000000000014130
0.0000000000000000
-0.0000000000005209
-0.0000000000000022
0.0000000000000000
-0.0000000000003697
-0.0000000000011036
-0.0000000000005702
-0.0000000000007313
-0.0000000000000061
0.0000000000000000
0.0000000000000000
-0.0000000000012945
0.0000000000000000
0.0000000000000000
-0.0000000000007281
-0.0000000000005782
-0.0000000000014310
0.0000000000000000
-0.0000000000000426
0.0000000000000000
0.0000000000000000
-0.0000000000000019
-0.0000000000009646
0.0000000000000000
-0.0000000000005709
-0.0000000000002162
-0.0000000000004719
0.0000000000000000
0.0000000000000000
0.0000000000000000
-0.0000000000000022
-0.0000000000015482
-0.0000000000007179
0.0000000000000000
0.0000000000000000
-0.0000000000000112
0.0000000000000000
0.0000000000000000
0.0000000000000000
0.0000000000000000
-0.0000000000011170
-0.0000000000000032
-0.0000000000005853
0.0000000000000000
-0.0000000000000029
0.0000000000000000
0.0000000000000000
-0.0000000000005696
-0.0000000000005603
-0.0000000000005536
0.0000000000000000
-0.0000000000013772
-0.0000000000005769
-0.0000000000002399
0.0000000000000000
-0.0000000000008563
0.0000000000000000
0.0000000000000000
0.0000000000000000
-0.0000000000000336
-0.0000000000006295
0.0000000000000000
-0.0000000000000042
-0.0000000000004353
-0.0000000000011286
-0.0000000000011247
-0.0000000000004767
0.0000000000000000
0.0000000000000000
-0.0000000000006718
0.0000000000000000
-0.0000000000003873
0.0000000000000000
-0.0000000000008159
0.0000000000000000
-0.0000000000000106
-0.0000000000000199
0.0000000000000000
0.0000000000000000
-0.0000000000003530
0.0000000000000000
0.0000000000000000
0.0000000000000000
-0.0000000000005728
-0.0000000000005212
-0.0000000000004962
-0.0000000000009902
-0.0000000000013496
0.0000000000000000
-0.0000000000005331
0.0000000000000000
0.0000000000000000
0.0000000000000000
-0.0000000000014303
0.0000000000000000
0.0000000000000000
-0.0000000000009107
-0.0000000000005683
0.0000000000000000
0.0000000000000000
0.0000000000000000
0.0000000000000000
0.0000000000000000
0.0000000000000000
0.0000000000000000
-0.0000000000009966
-0.0000000000000035
0.0000000000000000
0.0000000000000000
-0.0000000000012420
-0.0000000000000029
-0.0000000000009133
-0.0000000000009613
0.0000000000000000
0.0000000000000000
0.0000000000000000
-0.0000000000004933
0.0000000000000000
0.0000000000000000
-0.0000000000007320
0.0000000000000000
0.0000000000000000
0.0000000000000000
0.0000000000000000
-0.0000000000000038
0.0000000000000000
0.0000000000000000
-0.0000000000000048
-0.0000000000002877
0.0000000000000000
0.0000000000000000
0.0000000000000000
0.0000000000000000
0.0000000000000000
-0.0000000000001426
-0.0000000000005910
-0.0000000000002934
0.0000000000000000
-0.0000000000000032
0.0000000000000000
-0.0000000000000042
0.0000000000000000
-0.0000000000005718
-0.0000000000001349
-0.0000000000005891
-0.0000000000007749
-0.0000000000012881
0.0000000000000000
-0.0000000000007224
-0.0000000000001903
-0.0000000000005539
-0.0000000000012368
0.0000000000000000
0.0000000000000000
0.0000000000000000
-0.0000000000010036
-0.0000000000005763
-0.0000000000000086
-0.0000000000000042
-0.0000000000000042
-0.0000000000005222
0.0000000000000000
-0.0000000000005619
-0.0000000000014246
-0.0000000000012099
-0.0000000000000327
-0.0000000000011093
0.0000000000000000
-0.0000000000000038
0.0000000000000000
-0.0000000000005612
-0.0000000000006461
-0.0000000000000032
-0.0000000000005596
0.0000000000000000
-0.0000000000012772
-0.0000000000008153
0.0000000000000000
0.0000000000000000
0.0000000000000000
-0.0000000000000038
0.0000000000000000
-0.0000000000000022
0.0000000000000000
-0.0000000000008050
-0.0000000000000029
0.0000000000000000
-0.0000000000004203
0.0000000000000000
-0.0000000000003966
0.0000000000000000
-0.0000000000010780
0.0000000000000000
-0.0000000000011978
-0.0000000000005644
-0.0000000000005667
-0.0000000000005840
0.0000000000000000
-0.0000000000006263
0.0000000000000000
0.0000000000000000
0.0000000000000000
-0.0000000000003863
0.0000000000000000
0.0000000000000000
-0.0000000000000032
-0.0000000000002387
-0.0000000000005773
0.0000000000000000
0.0000000000000000
-0.0000000000000022
-0.0000000000005510
0.0000000000000000
-0.0000000000004597
0.0000000000000000
0.0000000000000000
0.0000000000000000
-0.0000000000009825
-0.0000000000005010
-0.0000000000014630
-0.0000000000005741
-0.0000000000005622
0.0000000000000000
-0.0000000000010305
-0.0000000000000038
-0.0000000000005718
0.0000000000000000
-0.0000000000012593
-0.0000000000015098
-0.0000000000005849
0.0000000000000000
-0.0000000000005814
0.0000000000000000
-0.0000000000009216
-0.0000000000001999
-0.0000000000013169
-0.0000000000005292
0.0000000000000000
0.0000000000000000
0.0000000000000000
-0.0000000000004225
-0.0000000000009492
-0.0000000000010510
0.0000000000000000
-0.0000000000013259
-0.0000000000014406
-0.0000000000002201
-0.0000000000012465
0.0000000000000000
0.0000000000000000
-0.0000000000005734
-0.0000000000005657
-0.0000000000000368
-0.0000000000005734
0.0000000000000000
0.0000000000000000
0.0000000000000000
0.0000000000000000
-0.0000000000014662
-0.0000000000005670
0.0000000000000000
0.0000000000000000
0.0000000000000000
-0.0000000000000035
0.0000000000000000
0.0000000000000000
-0.0000000000015418
0.0000000000000000
0.0000000000000000
0.0000000000000000
-0.0000000000005609
0.0000000000000000
0.0000000000000000
0.0000000000000000
-0.0000000000011068
0.0000000000000000
-0.0000000000013246
-0.0000000000003223
-0.0000000000007807
0.0000000000000000
-0.0000000000001310
0.0000000000000000
0.0000000000000000
-0.0000000000009505
0.0000000000000000
0.0000000000000000
0.0000000000000000
-0.0000000000000035
0.0000000000000000
-0.0000000000000368
0.0000000000000000
0.0000000000000000
-0.0000000000000032
0.0000000000000000
-0.0000000000011779
-0.0000000000000029
-0.0000000000009921
-0.0000000000005564
0.0000000000000000
0.0000000000000000
0.0000000000000000
-0.0000000000014476
0.0000000000000000
-0.0000000000005734
-0.0000000000015431
-0.0000000000009549
-0.0000000000005811
0.0000000000000000
0.0000000000000000
-0.0000000000000026
-0.0000000000005616
-0.0000000000013317
0.0000000000000000
-0.0000000000007973
0.0000000000000000
0.0000000000000000
-0.0000000000001829
-0.0000000000005417
-0.0000000000005782
0.0000000000000000
0.0000000000000000
0.0000000000000000
0.0000000000000000
-0.0000000000012919
0.0000000000000000
-0.0000000000000676
0.0000000000000000
0.0000000000000000
-0.0000000000000077
-0.0000000000000967
-0.0000000000005680
0.0000000000000000
-0.0000000000014515
-0.0000000000011414
-0.0000000000005869
0.0000000000000000
-0.0000000000000061
-0.0000000000014162
0.0000000000000000
-0.0000000000000026
0.0000000000000000
0.0000000000000000
0.0000000000000000
0.0000000000000000
0.0000000000000000
0.0000000000000000
-0.0000000000000038
-0.0000000000005590
-0.0000000000014290
-0.0000000000000618
-0.0000000000015360
-0.0000000000012022
0.0000000000000000
0.0000000000000000
-0.0000000000000026
-0.0000000000005699
0.0000000000000000
0.0000000000000000
0.0000000000000000
0.0000000000000000
-0.0000000000005846
-0.0000000000000058
-0.0000000000000054
-0.0000000000012452
0.0000000000000000
0.0000000000000000
-0.0000000000005635
-0.0000000000000042
-0.0000000000005692
-0.0000000000005561
0.0000000000000000
-0.0000000000000019
-0.0000000000010882
0.0000000000000000
-0.0000000000004139
0.0000000000000000
0.0000000000000000
0.0000000000000000
-0.0000000000012234
-0.0000000000012253
0.0000000000000000
0.0000000000000000
-0.0000000000000967
-0.0000000000000077
0.0000000000000000
-0.0000000000009889
0.0000000000000000
0.0000000000000000
-0.0000000000009613
0.0000000000000000
-0.0000000000010747
-0.0000000000003139
0.0000000000000000
0.0000000000000000
0.0000000000000000
0.0000000000000000
-0.0000000000000038
-0.0000000000001333
0.0000000000000000
-0.0000000000000067
-0.0000000000005862
0.0000000000000000
-0.0000000000006628
0.0000000000000000
0.0000000000000000
0.0000000000000000
-0.0000000000002572
-0.0000000000004241
-0.0000000000014009
-0.0000000000008281
-0.0000000000000103
-0.0000000000005676
-0.0000000000005119
-0.0000000000004763
-0.0000000000005545
0.0000000000000000
0.0000000000000000
0.0000000000000000
-0.0000000000004504
0.0000000000000000
0.0000000000000000
-0.0000000000002313
0.0000000000000000
-0.0000000000002861
-0.0000000000005785
0.0000000000000000
-0.0000000000000045
-0.0000000000005731
-0.0000000000000042
-0.0000000000000029
-0.0000000000005686
0.0000000000000000
0.0000000000000000
-0.0000000000000026
0.0000000000000000
-0.0000000000012939
-0.0000000000000215
-0.0000000000000042
-0.0000000000006378
-0.0000000000006064
-0.0000000000000032
0.0000000000000000
0.0000000000000000
0.0000000000000000
-0.0000000000000032
-0.0000000000011657
0.0000000000000000
-0.0000000000000022
0.0000000000000000
0.0000000000000000
0.0000000000000000
0.0000000000000000
-0.0000000000008300
0.0000000000000000
0.0000000000000000
0.0000000000000000
0.0000000000000000
-0.0000000000010562
-0.0000000000006692
0.0000000000000000
0.0000000000000000
0.0000000000000000
0.0000000000000000
-0.0000000000000029
0.0000000000000000
-0.0000000000008441
-0.0000000000001711
0.0000000000000000
0.0000000000000000
-0.0000000000000096
-0.0000000000011382
-0.0000000000003328
0.0000000000000000
0.0000000000000000
0.0000000000000000
0.0000000000000000
0.0000000000000000
-0.0000000000005641
0.0000000000000000
0.0000000000000000
0.0000000000000000
0.0000000000000000
-0.0000000000004446
0.0000000000000000
0.0000000000000000
0.0000000000000000
-0.0000000000013727
-0.0000000000007826
-0.0000000000000038
0.0000000000000000
0.0000000000000000
-0.0000000000005648
0.0000000000000000
0.0000000000000000
-0.0000000000000093
0.0000000000000000
-0.0000000000000032
-0.0000000000000029
0.0000000000000000
-0.0000000000003969
0.0000000000000000
0.0000000000000000
0.0000000000000000
-0.0000000000005737
0.0000000000000000
0.0000000000000000
-0.0000000000015136
0.0000000000000000
0.0000000000000000
-0.0000000000000019
-0.0000000000006276
-0.0000000000001906
0.0000000000000000
-0.0000000000000067
0.0000000000000000
0.0000000000000000
-0.0000000000006846
0.0000000000000000
-0.0000000000005109
0.0000000000000000
-0.0000000000003415
-0.0000000000000026
-0.0000000000004148
-0.0000000000000022
0.0000000000000000
-0.0000000000000026
-0.0000000000013368
-0.0000000000000048
0.0000000000000000
0.0000000000000000
0.0000000000000000
-0.0000000000012836
-0.0000000000000045
0.0000000000000000
-0.0000000000005177
0.0000000000000000
-0.0000000000007640
-0.0000000000005843
0.0000000000000000
-0.0000000000008082
0.0000000000000000
-0.0000000000000096
0.0000000000000000
-0.0000000000010920
-0.0000000000008025
-0.0000000000007467
-0.0000000000000022
0.0000000000000000
0.0000000000000000
-0.0000000000001374
0.0000000000000000
0.0000000000000000
0.0000000000000000
-0.0000000000005574
0.0000000000000000
0.0000000000000000
-0.0000000000000086
0.0000000000000000
0.0000000000000000
-0.0000000000012798
-0.0000000000002419
-0.0000000000005910
0.0000000000000000
-0.0000000000000074
0.0000000000000000
0.0000000000000000
0.0000000000000000
-0.0000000000000250
-0.0000000000010395
0.0000000000000000
-0.0000000000015117
-0.0000000000011625
0.0000000000000000
0.0000000000000000
0.0000000000000000
-0.0000000000000029
0.0000000000000000
-0.0000000000010972
0.0000000000000000
0.0000000000000000
0.0000000000000000
-0.0000000000004917
-0.0000000000008787
0.0000000000000000
-0.0000000000004434
0.0000000000000000
-0.0000000000005558
0.0000000000000000
-0.0000000000000029
-0.0000000000014572
0.0000000000000000
0.0000000000000000
-0.0000000000015085
-0.0000000000013016
0.0000000000000000
0.0000000000000000
0.0000000000000000
0.0000000000000000
0.0000000000000000
0.0000000000000000
0.0000000000000000
0.0000000000000000
0.0000000000000000
-0.0000000000005593
0.0000000000000000
-0.0000000000012862
0.0000000000000000
0.0000000000000000
-0.0000000000015642
0.0000000000000000
-0.0000000000000106
-0.0000000000000048
-0.0000000000005696
-0.0000000000008210
0.0000000000000000
-0.0000000000005503
-0.0000000000004780
-0.0000000000005750
0.0000000000000000
0.0000000000000000
0.0000000000000000
-0.0000000000001903
0.0000000000000000
0.0000000000000000
-0.0000000000000038
0.0000000000000000
0.0000000000000000
-0.0000000000010972
-0.0000000000009415
0.0000000000000000
-0.0000000000005705
0.0000000000000000
0.0000000000000000
0.0000000000000000
0.0000000000000000
0.0000000000000000
0.0000000000000000
0.0000000000000000
0.0000000000000000
-0.0000000000000029
-0.0000000000005568
-0.0000000000000814
0.0000000000000000
0.0000000000000000
-0.0000000000012343
-0.0000000000014399
-0.0000000000005676
-0.0000000000000042
0.0000000000000000
-0.0000000000012202
0.0000000000000000
-0.0000000000007345
-0.0000000000007909
0.0000000000000000
0.0000000000000000
0.0000000000000000
0.0000000000000000
0.0000000000000000
-0.0000000000005760
0.0000000000000000
-0.0000000000015578
-0.0000000000014835
-0.0000000000012727
-0.0000000000009120
-0.0000000000005689
0.0000000000000000
0.0000000000000000
-0.0000000000005798
-0.0000000000005757
-0.0000000000000042
-0.0000000000005725
-0.0000000000005654
-0.0000000000000029
-0.0000000000004267
0.0000000000000000
-0.0000000000000029
-0.0000000000007365
0.0000000000000000
-0.0000000000000022
0.0000000000000000
-0.0000000000003447
-0.0000000000008383
-0.0000000000005516
-0.0000000000004690
0.0000000000000000
0.0000000000000000
0.0000000000000000
0.0000000000000000
0.0000000000000000
-0.0000000000005737
-0.0000000000004139
-0.0000000000002303
-0.0000000000006807
-0.0000000000000026
0.0000000000000000
0.0000000000000000
-0.0000000000008781
-0.0000000000000029
0.0000000000000000
0.0000000000000000
0.0000000000000000
0.0000000000000000
-0.0000000000013144
0.0000000000000000
0.0000000000000000
0.0000000000000000
0.0000000000000000
0.0000000000000000
0.0000000000000000
-0.0000000000005718
0.0000000000000000
0.0000000000000000
0.0000000000000000
0.0000000000000000
0.0000000000000000
-0.0000000000005632
-0.0000000000010575
-0.0000000000002806
-0.0000000000013426
-0.0000000000010972
0.0000000000000000
-0.0000000000000916
-0.0000000000012766
0.0000000000000000
-0.0000000000000038
0.0000000000000000
0.0000000000000000
0.0000000000000000
0.0000000000000000
-0.0000000000005177
-0.0000000000008544
0.0000000000000000
0.0000000000000000
0.0000000000000000
-0.0000000000000026
-0.0000000000000026
-0.0000000000008447
-0.0000000000000026
-0.0000000000000019
0.0000000000000000
0.0000000000000000
-0.0000000000000026
-0.0000000000012753
-0.0000000000001355
0.0000000000000000
-0.0000000000000038
-0.0000000000000042
0.0000000000000000
-0.0000000000000967
0.0000000000000000
0.0000000000000000
-0.0000000000000038
0.0000000000000000
-0.0000000000003786
-0.0000000000010459
0.0000000000000000
0.0000000000000000
0.0000000000000000
-0.0000000000005676
-0.0000000000000022
-0.0000000000000029
-0.0000000000000022
0.0000000000000000
-0.0000000000012823
-0.0000000000006481
-0.0000000000005805
-0.0000000000000032
-0.0000000000013112
-0.0000000000005644
0.0000000000000000
-0.0000000000000032
-0.0000000000007531
-0.0000000000015271
0.0000000000000000
-0.0000000000000224
-0.0000000000014893
-0.0000000000000064
0.0000000000000000
-0.0000000000004027
0.0000000000000000
-0.0000000000005709
-0.0000000000000035
0.0000000000000000
0.0000000000000000
0.0000000000000000
-0.0000000000015162
-0.0000000000010542
0.0000000000000000
-0.0000000000000573
0.0000000000000000
-0.0000000000008044
-0.0000000000002765
0.0000000000000000
-0.0000000000000263
0.0000000000000000
-0.0000000000000019
-0.0000000000005785
0.0000000000000000
0.0000000000000000
-0.0000000000000019
0.0000000000000000
0.0000000000000000
0.0000000000000000
0.0000000000000000
0.0000000000000000
-0.0000000000010780
-0.0000000000015219
0.0000000000000000
0.0000000000000000
0.0000000000000000
0.0000000000000000
0.0000000000000000
-0.0000000000004856
-0.0000000000009498
0.0000000000000000
-0.0000000000000026
0.0000000000000000
0.0000000000000000
0.0000000000000000
0.0000000000000000
-0.0000000000000048
0.0000000000000000
0.0000000000000000
0.0000000000000000
-0.0000000000005930
0.0000000000000000
0.0000000000000000
-0.0000000000005692
0.0000000000000000
-0.0000000000013509
0.0000000000000000
0.0000000000000000
-0.0000000000010869
-0.0000000000007832
0.0000000000000000
0.0000000000000000
0.0000000000000000
0.0000000000000000
-0.0000000000005872
0.0000000000000000
0.0000000000000000
0.0000000000000000
-0.0000000000001634
-0.0000000000006500
-0.0000000000012106
0.0000000000000000
-0.0000000000002146
0.0000000000000000
0.0000000000000000
0.0000000000000000
-0.0000000000000042
-0.0000000000005676
0.0000000000000000
-0.0000000000005609
-0.0000000000000042
-0.0000000000000035
-0.0000000000000019
-0.0000000000000051
0.0000000000000000
-0.0000000000005702
-0.0000000000005910
0.0000000000000000
0.0000000000000000
-0.0000000000008774
-0.0000000000010555
0.0000000000000000
0.0000000000000000
0.0000000000000000
-0.0000000000005898
-0.0000000000005833
-0.0000000000010715
-0.0000000000000026
0.0000000000000000
-0.0000000000000067
-0.0000000000013669
-0.0000000000006602
0.0000000000000000
-0.0000000000002479
-0.0000000000007698
0.0000000000000000
-0.0000000000000032
-0.0000000000000042
-0.0000000000006500
0.0000000000000000
-0.0000000000000019
-0.0000000000000045
-0.0000000000000067
0.0000000000000000
-0.0000000000012663
-0.0000000000000067
-0.0000000000005507
-0.0000000000007480
0.0000000000000000
-0.0000000000009402
-0.0000000000005571
-0.0000000000009440
-0.0000000000007826
0.0000000000000000
-0.0000000000000019
0.0000000000000000
-0.0000000000000058
0.0000000000000000
-0.0000000000000753
0.0000000000000000
0.0000000000000000
0.0000000000000000
-0.0000000000008383
-0.0000000000005769
-0.0000000000011119
-0.0000000000000128
0.0000000000000000
0.0000000000000000
0.0000000000000000
-0.0000000000010421
0.0000000000000000
0.0000000000000000
0.0000000000000000
0.0000000000000000
-0.0000000000008601
0.0000000000000000
0.0000000000000000
0.0000000000000000
-0.0000000000005049
-0.0000000000005596
-0.0000000000000042
-0.0000000000000029
0.0000000000000000
-0.0000000000004978
-0.0000000000004296
-0.0000000000012516
-0.0000000000012522
0.0000000000000000
0.0000000000000000
-0.0000000000015143
-0.0000000000010703
-0.0000000000000048
-0.0000000000008627
0.0000000000000000
0.0000000000000000
-0.0000000000005279
-0.0000000000010536
0.0000000000000000
-0.0000000000000022
0.0000000000000000
-0.0000000000007217
-0.0000000000011894
0.0000000000000000
0.0000000000000000
0.0000000000000000
0.0000000000000000
-0.0000000000001566
-0.0000000000011638
-0.0000000000012830
-0.0000000000009030
0.0000000000000000
0.0000000000000000
-0.0000000000013656
0.0000000000000000
0.0000000000000000
0.0000000000000000
-0.0000000000004952
-0.0000000000013945
0.0000000000000000
-0.0000000000005741
-0.0000000000003405
0.0000000000000000
-0.0000000000005805
0.0000000000000000
-0.0000000000005481
-0.0000000000011222
-0.0000000000005760
0.0000000000000000
-0.0000000000010158
0.0000000000000000
-0.0000000000003783
-0.0000000000005728
0.0000000000000000
0.0000000000000000
0.0000000000000000
-0.0000000000000266
-0.0000000000002906
0.0000000000000000
-0.0000000000000961
0.0000000000000000
-0.0000000000005446
0.0000000000000000
0.0000000000000000
-0.0000000000013502
-0.0000000000000026
0.0000000000000000
-0.0000000000013144
-0.0000000000000054
0.0000000000000000
-0.0000000000004017
0.0000000000000000
-0.0000000000000026
-0.0000000000000532
-0.0000000000011164
-0.0000000000011548
0.0000000000000000
-0.0000000000011119
-0.0000000000014323
0.0000000000000000
-0.0000000000005683
-0.0000000000009306
-0.0000000000005910
0.0000000000000000
-0.0000000000000032
0.0000000000000000
0.0000000000000000
0.0000000000000000
0.0000000000000000
0.0000000000000000
-0.0000000000000054
0.0000000000000000
0.0000000000000000
0.0000000000000000
-0.0000000000000032
-0.0000000000005696
0.0000000000000000
0.0000000000000000
-0.0000000000011286
0.0000000000000000
-0.0000000000009095
-0.0000000000004780
-0.0000000000008108
-0.0000000000005526
0.0000000000000000
-0.0000000000003175
-0.0000000000004517
0.0000000000000000
0.0000000000000000
0.0000000000000000
0.0000000000000000
-0.0000000000005087
0.0000000000000000
-0.0000000000001970
-0.0000000000005910
0.0000000000000000
-0.0000000000002925
0.0000000000000000
0.0000000000000000
0.0000000000000000
-0.0000000000005910
0.0000000000000000
0.0000000000000000
0.0000000000000000
0.0000000000000000
-0.0000000000005744
-0.0000000000005798
0.0000000000000000
-0.0000000000012426
0.0000000000000000
0.0000000000000000
-0.0000000000007403
-0.0000000000005766
0.0000000000000000
-0.0000000000000080
-0.0000000000009312
0.0000000000000000
-0.0000000000000019
-0.0000000000010222
0.0000000000000000
-0.0000000000000163
-0.0000000000008351
-0.0000000000001291
-0.0000000000007512
-0.0000000000012535
0.0000000000000000
0.0000000000000000
-0.0000000000000019
0.0000000000000000
0.0000000000000000
-0.0000000000002816
0.0000000000000000
-0.0000000000000035
0.0000000000000000
0.0000000000000000
-0.0000000000005664
-0.0000000000000045
-0.0000000000004363
0.0000000000000000
0.0000000000000000
0.0000000000000000
-0.0000000000004853
0.0000000000000000
-0.0000000000003322
0.0000000000000000
-0.0000000000000022
-0.0000000000005680
-0.0000000000014931
-0.0000000000000029
0.0000000000000000
-0.0000000000012881
0.0000000000000000
0.0000000000000000
0.0000000000000000
-0.0000000000014367
0.0000000000000000
0.0000000000000000
-0.0000000000000029
0.0000000000000000
0.0000000000000000
0.0000000000000000
0.0000000000000000
-0.0000000000012657
-0.0000000000000202
0.0000000000000000
0.0000000000000000
0.0000000000000000
-0.0000000000000026
0.0000000000000000
0.0000000000000000
0.0000000000000000
0.0000000000000000
0.0000000000000000
0.0000000000000000
-0.0000000000002582
0.0000000000000000
-0.0000000000000032
-0.0000000000002489
-0.0000000000005113
-0.0000000000002137
-0.0000000000007313
-0.0000000000014752
-0.0000000000000042
0.0000000000000000
0.0000000000000000
0.0000000000000000
0.0000000000000000
0.0000000000000000
-0.0000000000000019
0.0000000000000000
-0.0000000000001509
0.0000000000000000
-0.0000000000000324
-0.0000000000003056
-0.0000000000005766
-0.0000000000001691
-0.0000000000014175
-0.0000000000003159
0.0000000000000000
-0.0000000000004773
0.0000000000000000
0.0000000000000000
-0.0000000000005539
0.0000000000000000
0.0000000000000000
-0.0000000000005638
-0.0000000000000061
-0.0000000000004690
0.0000000000000000
-0.0000000000005676
-0.0000000000000138
0.0000000000000000
-0.0000000000000080
-0.0000000000000285
0.0000000000000000
-0.0000000000001967
0.0000000000000000
0.0000000000000000
-0.0000000000014060
0.0000000000000000
0.0000000000000000
0.0000000000000000
-0.0000000000005667
-0.0000000000000038
-0.0000000000005644
0.0000000000000000
-0.0000000000011568
-0.0000000000000022
-0.0000000000000343
-0.0000000000011907
-0.0000000000005635
-0.0000000000005779
0.0000000000000000
-0.0000000000013938
-0.0000000000004142
0.0000000000000000
-0.0000000000007102
0.0000000000000000
0.0000000000000000
0.0000000000000000
0.0000000000000000
-0.0000000000011471
0.0000000000000000
0.0000000000000000
-0.0000000000005135
-0.0000000000003870
-0.0000000000007422
0.0000000000000000
-0.0000000000000029
0.0000000000000000
-0.0000000000001032
0.0000000000000000
0.0000000000000000
-0.0000000000002009
-0.0000000000005651
-0.0000000000010043
0.0000000000000000
-0.0000000000000029
-0.0000000000007550
-0.0000000000010985
0.0000000000000000
-0.0000000000006442
-0.0000000000007390
-0.0000000000014476
0.0000000000000000
-0.0000000000010510
0.0000000000000000
-0.0000000000000625
-0.0000000000013080
0.0000000000000000
-0.0000000000003671
0.0000000000000000
0.0000000000000000
-0.0000000000000714
0.0000000000000000
0.0000000000000000
0.0000000000000000
0.0000000000000000
0.0000000000000000
-0.0000000000005910
-0.0000000000000029
0.0000000000000000
0.0000000000000000
0.0000000000000000
0.0000000000000000
-0.0000000000015392
-0.0000000000005744
0.0000000000000000
0.0000000000000000
0.0000000000000000
0.0000000000000000
-0.0000000000011401
0.0000000000000000
-0.0000000000005910
0.0000000000000000
-0.0000000000005676
0.0000000000000000
-0.0000000000012368
0.0000000000000000
-0.0000000000011158
-0.0000000000001733
0.0000000000000000
0.0000000000000000
0.0000000000000000
-0.0000000000000038
0.0000000000000000
0.0000000000000000
-0.0000000000005725
0.0000000000000000
-0.0000000000003963
-0.0000000000008928
0.0000000000000000
-0.0000000000000080
0.0000000000000000
-0.0000000000005910
0.0000000000000000
-0.0000000000011715
-0.0000000000008441
-0.0000000000012894
-0.0000000000006827
0.0000000000000000
0.0000000000000000
0.0000000000000000
-0.0000000000005763
0.0000000000000000
-0.0000000000008140
-0.0000000000007954
0.0000000000000000
0.0000000000000000
-0.0000000000002832
0.0000000000000000
0.0000000000000000
0.0000000000000000
-0.0000000000005561
-0.0000000000005936
0.0000000000000000
-0.0000000000000038
-0.0000000000000061
-0.0000000000014713
-0.0000000000013938
0.0000000000000000
0.0000000000000000
0.0000000000000000
-0.0000000000005728
-0.0000000000000042
-0.0000000000005840
-0.0000000000000032
-0.0000000000005622
-0.0000000000013048
0.0000000000000000
-0.0000000000008922
-0.0000000000014425
-0.0000000000005673
0.0000000000000000
0.0000000000000000
-0.0000000000012727
0.0000000000000000
0.0000000000000000
0.0000000000000000
0.0000000000000000
-0.0000000000005766
-0.0000000000015079
0.0000000000000000
-0.0000000000000022
0.0000000000000000
0.0000000000000000
-0.0000000000013003
0.0000000000000000
0.0000000000000000
0.0000000000000000
-0.0000000000005683
-0.0000000000005279
-0.0000000000008204
0.0000000000000000
0.0000000000000000
0.0000000000000000
0.0000000000000000
0.0000000000000000
-0.0000000000014957
0.0000000000000000
-0.0000000000012490
-0.0000000000014175
-0.0000000000004510
0.0000000000000000
0.0000000000000000
0.0000000000000000
-0.0000000000000026
0.0000000000000000
0.0000000000000000
0.0000000000000000
0.0000000000000000
0.0000000000000000
-0.0000000000005628
0.0000000000000000
-0.0000000000000029
0.0000000000000000
-0.0000000000007102
0.0000000000000000
0.0000000000000000
0.0000000000000000
-0.0000000000001333
-0.0000000000005536
0.0000000000000000
0.0000000000000000
-0.0000000000002489
-0.0000000000000086
0.0000000000000000
0.0000000000000000
0.0000000000000000
0.0000000000000000
0.0000000000000000
-0.0000000000005725
-0.0000000000000045
0.0000000000000000
-0.0000000000000038
-0.0000000000000426
-0.0000000000004040
-0.0000000000000746
0.0000000000000000
0.0000000000000000
0.0000000000000000
0.0000000000000000
-0.0000000000005081
-0.0000000000005654
0.0000000000000000
0.0000000000000000
0.0000000000000000
0.0000000000000000
-0.0000000000005638
0.0000000000000000
0.0000000000000000
0.0000000000000000
-0.0000000000005536
0.0000000000000000
-0.0000000000000029
-0.0000000000000032
-0.0000000000005644
-0.0000000000008473
-0.0000000000000022
-0.0000000000005641
-0.0000000000013714
-0.0000000000000029
-0.0000000000000026
0.0000000000000000
0.0000000000000000
0.0000000000000000
-0.0000000000007634
-0.0000000000012163
0.0000000000000000
-0.0000000000000038
0.0000000000000000
-0.0000000000011702
0.0000000000000000
-0.0000000000000032
0.0000000000000000
0.0000000000000000
-0.0000000000008287
0.0000000000000000
-0.0000000000000173
-0.0000000000013739
0.0000000000000000
-0.0000000000000096
-0.0000000000003668
-0.0000000000000461
0.0000000000000000
-0.0000000000002787
0.0000000000000000
0.0000000000000000
-0.0000000000005821
-0.0000000000002790
-0.0000000000001788
0.0000000000000000
0.0000000000000000
0.0000000000000000
0.0000000000000000
-0.0000000000005721
-0.0000000000000042
-0.0000000000005760
-0.0000000000005600
-0.0000000000008351
-0.0000000000008601
-0.0000000000009556
-0.0000000000000029
0.0000000000000000
-0.0000000000000029
-0.0000000000011971
-0.0000000000000042
0.0000000000000000
-0.0000000000003476
0.0000000000000000
-0.0000000000003284
0.0000000000000000
-0.0000000000015277
-0.0000000000011606
0.0000000000000000
0.0000000000000000
-0.0000000000004187
0.0000000000000000
0.0000000000000000
-0.0000000000015642
0.0000000000000000
-0.0000000000010908
-0.0000000000001640
-0.0000000000000029
0.0000000000000000
-0.0000000000014617
-0.0000000000002069
0.0000000000000000
0.0000000000000000
0.0000000000000000
0.0000000000000000
0.0000000000000000
0.0000000000000000
-0.0000000000005705
-0.0000000000004347
0.0000000000000000
0.0000000000000000
-0.0000000000000038
0.0000000000000000
0.0000000000000000
-0.0000000000008588
0.0000000000000000
0.0000000000000000
0.0000000000000000
-0.0000000000001339
-0.0000000000013080
-0.0000000000014002
0.0000000000000000
0.0000000000000000
-0.0000000000009959
0.0000000000000000
0.0000000000000000
0.0000000000000000
-0.0000000000014246
0.0000000000000000
0.0000000000000000
-0.0000000000005712
0.0000000000000000
0.0000000000000000
-0.0000000000003434
0.0000000000000000
0.0000000000000000
-0.0000000000005282
0.0000000000000000
-0.0000000000015027
0.0000000000000000
0.0000000000000000
-0.0000000000005779
0.0000000000000000
0.0000000000000000
-0.0000000000001172
-0.0000000000005725
-0.0000000000013778
0.0000000000000000
-0.0000000000005737
-0.0000000000000032
-0.0000000000005487
-0.0000000000005667
-0.0000000000000083
-0.0000000000012836
-0.0000000000010626
0.0000000000000000
0.0000000000000000
0.0000000000000000
0.0000000000000000
0.0000000000000000
-0.0000000000006698
-0.0000000000013515
0.0000000000000000
0.0000000000000000
0.0000000000000000
-0.0000000000010126
-0.0000000000005638
-0.0000000000014854
0.0000000000000000
0.0000000000000000
-0.0000000000009902
0.0000000000000000
0.0000000000000000
-0.0000000000015713
0.0000000000000000
0.0000000000000000
-0.0000000000003008
-0.0000000000000038
0.0000000000000000
-0.0000000000005487
-0.0000000000005600
0.0000000000000000
-0.0000000000000022
-0.0000000000015521
-0.0000000000000022
-0.0000000000000038
0.0000000000000000
0.0000000000000000
-0.0000000000008057
0.0000000000000000
-0.0000000000015341
0.0000000000000000
0.0000000000000000
-0.0000000000003613
-0.0000000000000026
-0.0000000000005183
0.0000000000000000
0.0000000000000000
-0.0000000000006500
-0.0000000000003828
-0.0000000000012676
0.0000000000000000
-0.0000000000005568
0.0000000000000000
-0.0000000000005705
-0.0000000000005369
-0.0000000000009607
-0.0000000000013496
-0.0000000000010363
-0.0000000000011516
0.0000000000000000
0.0000000000000000
0.0000000000000000
-0.0000000000008262
-0.0000000000005622
0.0000000000000000
0.0000000000000000
0.0000000000000000
0.0000000000000000
-0.0000000000004408
-0.0000000000005593
0.0000000000000000
-0.0000000000012163
0.0000000000000000
-0.0000000000013426
0.0000000000000000
0.0000000000000000
0.0000000000000000
0.0000000000000000
0.0000000000000000
-0.0000000000003053
-0.0000000000005680
-0.0000000000005702
-0.0000000000006032
0.0000000000000000
0.0000000000000000
-0.0000000000011958
-0.0000000000012983
0.0000000000000000
0.0000000000000000
-0.0000000000005657
0.0000000000000000
-0.0000000000005619
0.0000000000000000
0.0000000000000000
-0.0000000000000596
0.0000000000000000
-0.0000000000008460
-0.0000000000000026
-0.0000000000014367
-0.0000000000005622
-0.0000000000012061
0.0000000000000000
-0.0000000000002556
-0.0000000000000026
0.0000000000000000
0.0000000000000000
-0.0000000000004241
0.0000000000000000
0.0000000000000000
0.0000000000000000
0.0000000000000000
-0.0000000000005849
0.0000000000000000
0.0000000000000000
-0.0000000000010164
0.0000000000000000
-0.0000000000006320
0.0000000000000000
-0.0000000000011196
0.0000000000000000
0.0000000000000000
0.0000000000000000
0.0000000000000000
0.0000000000000000
-0.0000000000013490
0.0000000000000000
-0.0000000000010683
0.0000000000000000
-0.0000000000011388
-0.0000000000012330
-0.0000000000005805
0.0000000000000000
0.0000000000000000
0.0000000000000000
-0.0000000000006750
0.0000000000000000
0.0000000000000000
-0.0000000000000029
-0.0000000000008057
-0.0000000000005725
0.0000000000000000
0.0000000000000000
-0.0000000000005721
-0.0000000000005910
-0.0000000000005869
-0.0000000000012381
-0.0000000000004972
-0.0000000000000045
0.0000000000000000
0.0000000000000000
-0.0000000000010914
0.0000000000000000
-0.0000000000005741
-0.0000000000000035
0.0000000000000000
0.0000000000000000
0.0000000000000000
-0.0000000000011311
0.0000000000000000
0.0000000000000000
0.0000000000000000
0.0000000000000000
-0.0000000000000061
-0.0000000000000061
-0.0000000000011792
0.0000000000000000
0.0000000000000000
-0.0000000000007307
0.0000000000000000
0.0000000000000000
0.0000000000000000
0.0000000000000000
-0.0000000000011600
0.0000000000000000
-0.0000000000001582
0.0000000000000000
-0.0000000000000019
-0.0000000000000327
0.0000000000000000
0.0000000000000000
-0.0000000000014950
-0.0000000000000019
0.0000000000000000
-0.0000000000003149
-0.0000000000000080
0.0000000000000000
-0.0000000000012016
0.0000000000000000
-0.0000000000014009
-0.0000000000000093
-0.0000000000007205
-0.0000000000005763
0.0000000000000000
0.0000000000000000
0.0000000000000000
0.0000000000000000
-0.0000000000005683
0.0000000000000000
-0.0000000000006871
-0.0000000000000022
0.0000000000000000
0.0000000000000000
-0.0000000000005840
-0.0000000000000022
0.0000000000000000
0.0000000000000000
-0.0000000000007743
0.0000000000000000
-0.0000000000001759
-0.0000000000000026
0.0000000000000000
-0.0000000000007935
-0.0000000000005574
0.0000000000000000
0.0000000000000000
-0.0000000000000022
-0.0000000000014771
-0.0000000000005709
-0.0000000000005654
0.0000000000000000
0.0000000000000000
-0.0000000000003421
-0.0000000000005657
-0.0000000000000035
-0.0000000000005174
-0.0000000000006109
0.0000000000000000
0.0000000000000000
0.0000000000000000
0.0000000000000000
0.0000000000000000
0.0000000000000000
0.0000000000000000
-0.0000000000005603
0.0000000000000000
0.0000000000000000
-0.0000000000000026
-0.0000000000014733
0.0000000000000000
0.0000000000000000
0.0000000000000000
-0.0000000000000077
0.0000000000000000
-0.0000000000005712
-0.0000000000002646
0.0000000000000000
0.0000000000000000
-0.0000000000005686
-0.0000000000005680
-0.0000000000014476
0.0000000000000000
0.0000000000000000
0.0000000000000000
0.0000000000000000
0.0000000000000000
0.0000000000000000
-0.0000000000009050
0.0000000000000000
0.0000000000000000
0.0000000000000000
0.0000000000000000
0.0000000000000000
0.0000000000000000
0.0000000000000000
0.0000000000000000
-0.0000000000005622
-0.0000000000007422
-0.0000000000008857
-0.0000000000009415
0.0000000000000000
0.0000000000000000
0.0000000000000000
-0.0000000000005603
0.0000000000000000
0.0000000000000000
-0.0000000000009549
-0.0000000000003780
0.0000000000000000
0.0000000000000000
-0.0000000000005795
-0.0000000000005769
0.0000000000000000
-0.0000000000003578
-0.0000000000010004
-0.0000000000005433
-0.0000000000000038
0.0000000000000000
-0.0000000000008569
-0.0000000000001954
-0.0000000000014073
-0.0000000000000029
0.0000000000000000
0.0000000000000000
0.0000000000000000
0.0000000000000000
0.0000000000000000
0.0000000000000000
0.0000000000000000
0.0000000000000000
-0.0000000000000029
0.0000000000000000
0.0000000000000000
0.0000000000000000
-0.0000000000013310
0.0000000000000000
-0.0000000000012240
0.0000000000000000
0.0000000000000000
0.0000000000000000
-0.0000000000014239
-0.0000000000014733
-0.0000000000005568
-0.0000000000014214
-0.0000000000006455
-0.0000000000003203
0.0000000000000000
-0.0000000000005760
0.0000000000000000
-0.0000000000009594
-0.0000000000000035
-0.0000000000000054
0.0000000000000000
0.0000000000000000
0.0000000000000000
0.0000000000000000
0.0000000000000000
-0.0000000000005798
-0.0000000000000103
0.0000000000000000
0.0000000000000000
0.0000000000000000
0.0000000000000000
0.0000000000000000
0.0000000000000000
-0.0000000000003434
0.0000000000000000
-0.0000000000015457
0.0000000000000000
0.0000000000000000
0.0000000000000000
0.0000000000000000
-0.0000000000012420
0.0000000000000000
0.0000000000000000
0.0000000000000000
0.0000000000000000
-0.0000000000005638
-0.0000000000011042
0.0000000000000000
0.0000000000000000
-0.0000000000012381
-0.0000000000008428
-0.0000000000005478
-0.0000000000010075
-0.0000000000002630
-0.0000000000002976
-0.0000000000005721
0.0000000000000000
-0.0000000000000026
-0.0000000000012292
-0.0000000000000032
0.0000000000000000
-0.0000000000007416
0.0000000000000000
-0.0000000000005718
0.0000000000000000
-0.0000000000011709
-0.0000000000009594
-0.0000000000012682
-0.0000000000000029
0.0000000000000000
-0.0000000000000192
0.0000000000000000
0.0000000000000000
0.0000000000000000
-0.0000000000000151
0.0000000000000000
-0.0000000000012554
0.0000000000000000
0.0000000000000000
0.0000000000000000
0.0000000000000000
-0.0000000000005667
-0.0000000000000022
-0.0000000000010312
-0.0000000000005676
-0.0000000000005705
0.0000000000000000
-0.0000000000003197
0.0000000000000000
-0.0000000000008037
0.0000000000000000
0.0000000000000000
-0.0000000000005747
-0.0000000000005792
0.0000000000000000
-0.0000000000005782
-0.0000000000005741
-0.0000000000000051
0.0000000000000000
-0.0000000000000022
0.0000000000000000
-0.0000000000014585
-0.0000000000000458
0.0000000000000000
-0.0000000000013675
0.0000000000000000
0.0000000000000000
0.0000000000000000
0.0000000000000000
-0.0000000000015252
-0.0000000000000026
-0.0000000000002569
-0.0000000000000048
0.0000000000000000
0.0000000000000000
-0.0000000000010747
0.0000000000000000
-0.0000000000002335
0.0000000000000000
0.0000000000000000
-0.0000000000000067
-0.0000000000005459
-0.0000000000014431
0.0000000000000000
-0.0000000000008409
0.0000000000000000
0.0000000000000000
0.0000000000000000
-0.0000000000000061
0.0000000000000000
0.0000000000000000
0.0000000000000000
0.0000000000000000
-0.0000000000000029
0.0000000000000000
-0.0000000000005612
-0.0000000000005475
-0.0000000000000641
0.0000000000000000
-0.0000000000005801
0.0000000000000000
0.0000000000000000
0.0000000000000000
-0.0000000000013016
-0.0000000000005548
0.0000000000000000
-0.0000000000006871
0.0000000000000000
0.0000000000000000
-0.0000000000010331
-0.0000000000000042
-0.0000000000005593
-0.0000000000000032
0.0000000000000000
0.0000000000000000
0.0000000000000000
0.0000000000000000
0.0000000000000000
-0.0000000000005375
-0.0000000000007147
-0.0000000000005910
-0.0000000000006154
-0.0000000000000019
0.0000000000000000
0.0000000000000000
0.0000000000000000
-0.0000000000014118
-0.0000000000000897
-0.0000000000000038
0.0000000000000000
0.0000000000000000
-0.0000000000006641
0.0000000000000000
0.0000000000000000
-0.0000000000010369
-0.0000000000009088
0.0000000000000000
0.0000000000000000
0.0000000000000000
-0.0000000000000032
0.0000000000000000
0.0000000000000000
0.0000000000000000
0.0000000000000000
0.0000000000000000
-0.0000000000005337
-0.0000000000013041
-0.0000000000000022
0.0000000000000000
-0.0000000000003854
0.0000000000000000
0.0000000000000000
-0.0000000000007973
0.0000000000000000
-0.0000000000003498
-0.0000000000005494
-0.0000000000005709
0.0000000000000000
0.0000000000000000
0.0000000000000000
0.0000000000000000
0.0000000000000000
0.0000000000000000
0.0000000000000000
-0.0000000000008396
-0.0000000000008704
-0.0000000000000032
-0.0000000000000919
-0.0000000000005632
0.0000000000000000
-0.0000000000014342
0.0000000000000000
0.0000000000000000
0.0000000000000000
-0.0000000000005603
-0.0000000000014745
-0.0000000000005676
0.0000000000000000
0.0000000000000000
0.0000000000000000
-0.0000000000012638
-0.0000000000000042
0.0000000000000000
0.0000000000000000
0.0000000000000000
0.0000000000000000
-0.0000000000005737
-0.0000000000012170
-0.0000000000011593
-0.0000000000000032
-0.0000000000000426
-0.0000000000000058
0.0000000000000000
-0.0000000000005837
-0.0000000000006942
-0.0000000000008012
0.0000000000000000
0.0000000000000000
0.0000000000000000
0.0000000000000000
-0.0000000000005523
-0.0000000000006859
-0.0000000000003412
-0.0000000000005734
-0.0000000000005465
0.0000000000000000
0.0000000000000000
0.0000000000000000
0.0000000000000000
0.0000000000000000
-0.0000000000008447
-0.0000000000010068
-0.0000000000014874
-0.0000000000000022
-0.0000000000000080
0.0000000000000000
0.0000000000000000
0.0000000000000000
-0.0000000000003389
-0.0000000000002697
-0.0000000000013989
-0.0000000000000932
0.0000000000000000
-0.0000000000008723
-0.0000000000001131
-0.0000000000012003
-0.0000000000005132
-0.0000000000001788
0.0000000000000000
-0.0000000000010414
0.0000000000000000
-0.0000000000001124
-0.0000000000000051
0.0000000000000000
0.0000000000000000
0.0000000000000000
-0.0000000000008870
0.0000000000000000
-0.0000000000014201
0.0000000000000000
0.0000000000000000
0.0000000000000000
0.0000000000000000
0.0000000000000000
-0.0000000000000042
-0.0000000000005593
0.0000000000000000
-0.0000000000005657
0.0000000000000000
0.0000000000000000
0.0000000000000000
0.0000000000000000
-0.0000000000014822
0.0000000000000000
-0.0000000000000029
0.0000000000000000
0.0000000000000000
0.0000000000000000
-0.0000000000005334
0.0000000000000000
-0.0000000000011324
-0.0000000000010581
0.0000000000000000
-0.0000000000000077
-0.0000000000002076
0.0000000000000000
0.0000000000000000
0.0000000000000000
0.0000000000000000
-0.0000000000000026
0.0000000000000000
0.0000000000000000
0.0000000000000000
-0.0000000000005773
0.0000000000000000
-0.0000000000005763
-0.0000000000000080
0.0000000000000000
-0.0000000000013656
-0.0000000000000045
0.0000000000000000
0.0000000000000000
-0.0000000000000170
-0.0000000000004241
0.0000000000000000
0.0000000000000000
-0.0000000000007531
-0.0000000000004994
-0.0000000000000064
-0.0000000000002198
-0.0000000000005340
-0.0000000000012183
-0.0000000000005910
-0.0000000000004498
0.0000000000000000
-0.0000000000005641
-0.0000000000005580
0.0000000000000000
0.0000000000000000
-0.0000000000005872
-0.0000000000005616
-0.0000000000014367
-0.0000000000000426
-0.0000000000000022
0.0000000000000000
0.0000000000000000
0.0000000000000000
-0.0000000000000368
0.0000000000000000
-0.0000000000009479
-0.0000000000000179
0.0000000000000000
-0.0000000000005692
-0.0000000000013368
0.0000000000000000
0.0000000000000000
-0.0000000000015662
0.0000000000000000
-0.0000000000001704
0.0000000000000000
-0.0000000000000042
0.0000000000000000
0.0000000000000000
0.0000000000000000
-0.0000000000000022
-0.0000000000000279
-0.0000000000005773
-0.0000000000012324
0.0000000000000000
0.0000000000000000
-0.0000000000015168
-0.0000000000011984
0.0000000000000000
-0.0000000000005606
-0.0000000000014118
0.0000000000000000
-0.0000000000000022
0.0000000000000000
0.0000000000000000
0.0000000000000000
0.0000000000000000
-0.0000000000006762
0.0000000000000000
0.0000000000000000
-0.0000000000000029
0.0000000000000000
0.0000000000000000
0.0000000000000000
0.0000000000000000
-0.0000000000005776
0.0000000000000000
0.0000000000000000
-0.0000000000006967
0.0000000000000000
0.0000000000000000
0.0000000000000000
-0.0000000000000125
-0.0000000000005673
0.0000000000000000
-0.0000000000000029
0.0000000000000000
0.0000000000000000
0.0000000000000000
0.0000000000000000
0.0000000000000000
-0.0000000000013067
0.0000000000000000
0.0000000000000000
-0.0000000000005029
-0.0000000000000077
-0.0000000000000026
-0.0000000000000022
-0.0000000000000083
-0.0000000000005741
-0.0000000000010011
0.0000000000000000
0.0000000000000000
-0.0000000000005827
0.0000000000000000
-0.0000000000000022
-0.0000000000007064
-0.0000000000000026
0.0000000000000000
0.0000000000000000
0.0000000000000000
-0.0000000000000458
-0.0000000000000029
-0.0000000000000708
0.0000000000000000
-0.0000000000004193
-0.0000000000008544
-0.0000000000005910
-0.0000000000008479
-0.0000000000014912
-0.0000000000012567
0.0000000000000000
-0.0000000000005702
-0.0000000000013336
-0.0000000000008870
-0.0000000000005366
-0.0000000000000045
0.0000000000000000
0.0000000000000000
-0.0000000000008178
0.0000000000000000
-0.0000000000000035
0.0000000000000000
-0.0000000000000061
0.0000000000000000
-0.0000000000005510
-0.0000000000001695
0.0000000000000000
-0.0000000000000029
0.0000000000000000
-0.0000000000000022
-0.0000000000002249
-0.0000000000005683
0.0000000000000000
0.0000000000000000
-0.0000000000009088
0.0000000000000000
0.0000000000000000
0.0000000000000000
-0.0000000000008166
0.0000000000000000
-0.0000000000007410
0.0000000000000000
-0.0000000000000093
-0.0000000000010273
-0.0000000000009139
-0.0000000000000016
0.0000000000000000
0.0000000000000000
-0.0000000000014553
0.0000000000000000
-0.0000000000004520
-0.0000000000008563
0.0000000000000000
0.0000000000000000
0.0000000000000000
0.0000000000000000
0.0000000000000000
0.0000000000000000
0.0000000000000000
-0.0000000000000061
-0.0000000000010600
-0.0000000000000048
0.0000000000000000
0.0000000000000000
-0.0000000000001922
0.0000000000000000
0.0000000000000000
-0.0000000000000807
-0.0000000000004725
0.0000000000000000
0.0000000000000000
0.0000000000000000
-0.0000000000001810
-0.0000000000011837
0.0000000000000000
-0.0000000000011939
-0.0000000000002284
-0.0000000000009428
-0.0000000000005737
-0.0000000000000064
-0.0000000000013977
0.0000000000000000
0.0000000000000000
0.0000000000000000
0.0000000000000000
0.0000000000000000
0.0000000000000000
0.0000000000000000
0.0000000000000000
-0.0000000000014713
0.0000000000000000
-0.0000000000000942
0.0000000000000000
-0.0000000000010126
0.0000000000000000
-0.0000000000002544
-0.0000000000001057
-0.0000000000009178
0.0000000000000000
0.0000000000000000
-0.0000000000005737
0.0000000000000000
0.0000000000000000
-0.0000000000003639
0.0000000000000000
-0.0000000000008018
0.0000000000000000
0.0000000000000000
0.0000000000000000
-0.0000000000005910
-0.0000000000005641
-0.0000000000006884
0.0000000000000000
-0.0000000000005795
0.0000000000000000
-0.0000000000007864
-0.0000000000013477
0.0000000000000000
0.0000000000000000
-0.0000000000000083
0.0000000000000000
0.0000000000000000
-0.0000000000000022
-0.0000000000005734
-0.0000000000005520
-0.0000000000005628
0.0000000000000000
-0.0000000000000093
-0.0000000000000038
0.0000000000000000
-0.0000000000000058
0.0000000000000000
-0.0000000000013297
-0.0000000000010985
-0.0000000000001823
0.0000000000000000
0.0000000000000000
-0.0000000000012157
-0.0000000000012189
-0.0000000000015187
0.0000000000000000
0.0000000000000000
0.0000000000000000
0.0000000000000000
-0.0000000000001669
0.0000000000000000
-0.0000000000005212
0.0000000000000000
-0.0000000000003066
-0.0000000000005712
0.0000000000000000
-0.0000000000000035
0.0000000000000000
0.0000000000000000
0.0000000000000000
0.0000000000000000
-0.0000000000005609
-0.0000000000000032
0.0000000000000000
0.0000000000000000
-0.0000000000005757
-0.0000000000005792
0.0000000000000000
0.0000000000000000
-0.0000000000002489
-0.0000000000005792
-0.0000000000003681
0.0000000000000000
-0.0000000000005600
0.0000000000000000
0.0000000000000000
0.0000000000000000
-0.0000000000009447
-0.0000000000000910
-0.0000000000006429
0.0000000000000000
0.0000000000000000
-0.0000000000005683
-0.0000000000004257
-0.0000000000008415
-0.0000000000005001
-0.0000000000000032
-0.0000000000001592
0.0000000000000000
0.0000000000000000
0.0000000000000000
0.0000000000000000
-0.0000000000000019
-0.0000000000003053
-0.0000000000010088
0.0000000000000000
-0.0000000000001813
-0.0000000000004648
-0.0000000000005718
0.0000000000000000
0.0000000000000000
0.0000000000000000
0.0000000000000000
-0.0000000000001823
0.0000000000000000
-0.0000000000006660
0.0000000000000000
0.0000000000000000
0.0000000000000000
-0.0000000000012234
0.0000000000000000
-0.0000000000005728
-0.0000000000010850
-0.0000000000000029
0.0000000000000000
-0.0000000000009473
-0.0000000000005744
0.0000000000000000
-0.0000000000001022
-0.0000000000002303
-0.0000000000002851
-0.0000000000005805
0.0000000000000000
0.0000000000000000
-0.0000000000014636
0.0000000000000000
-0.0000000000015585
0.0000000000000000
0.0000000000000000
0.0000000000000000
-0.0000000000012330
0.0000000000000000
-0.0000000000000083
-0.0000000000005686
-0.0000000000005628
-0.0000000000011452
0.0000000000000000
-0.0000000000008922
0.0000000000000000
-0.0000000000005667
0.0000000000000000
-0.0000000000012714
0.0000000000000000
-0.0000000000000029
0.0000000000000000
-0.0000000000010062
0.0000000000000000
-0.0000000000001733
-0.0000000000012714
0.0000000000000000
0.0000000000000000
-0.0000000000012054
-0.0000000000005648
-0.0000000000001672
0.0000000000000000
-0.0000000000003610
-0.0000000000000061
0.0000000000000000
0.0000000000000000
-0.0000000000005856
-0.0000000000012804
-0.0000000000000026
0.0000000000000000
0.0000000000000000
0.0000000000000000
0.0000000000000000
-0.0000000000009883
-0.0000000000000045
0.0000000000000000
0.0000000000000000
-0.0000000000005709
-0.0000000000011427
-0.0000000000005757
0.0000000000000000
0.0000000000000000
-0.0000000000014886
-0.0000000000014290
0.0000000000000000
0.0000000000000000
-0.0000000000008845
0.0000000000000000
0.0000000000000000
-0.0000000000000532
0.0000000000000000
0.0000000000000000
-0.0000000000013765
0.0000000000000000
-0.0000000000000490
0.0000000000000000
0.0000000000000000
0.0000000000000000
-0.0000000000005612
-0.0000000000000042
-0.0000000000009428
0.0000000000000000
-0.0000000000003863
-0.0000000000012054
-0.0000000000006737
-0.0000000000000042
0.0000000000000000
-0.0000000000005712
0.0000000000000000
0.0000000000000000
0.0000000000000000
0.0000000000000000
0.0000000000000000
-0.0000000000007647
-0.0000000000002707
-0.0000000000012035
-0.0000000000014944
-0.0000000000006654
-0.0000000000000022
0.0000000000000000
-0.0000000000012247
-0.0000000000013323
-0.0000000000010075
0.0000000000000000
-0.0000000000008467
-0.0000000000014835
0.0000000000000000
-0.0000000000008633
0.0000000000000000
0.0000000000000000
0.0000000000000000
-0.0000000000014777
0.0000000000000000
-0.0000000000014060
0.0000000000000000
0.0000000000000000
-0.0000000000005568
0.0000000000000000
-0.0000000000000032
0.0000000000000000
0.0000000000000000
0.0000000000000000
0.0000000000000000
-0.0000000000010613
-0.0000000000005865
-0.0000000000011093
-0.0000000000005817
-0.0000000000010472
0.0000000000000000
0.0000000000000000
0.0000000000000000
0.0000000000000000
-0.0000000000005728
0.0000000000000000
0.0000000000000000
0.0000000000000000
0.0000000000000000
0.0000000000000000
0.0000000000000000
0.0000000000000000
-0.0000000000014854
-0.0000000000000871
0.0000000000000000
0.0000000000000000
0.0000000000000000
-0.0000000000003396
0.0000000000000000
-0.0000000000003181
0.0000000000000000
0.0000000000000000
-0.0000000000002322
-0.0000000000008870
-0.0000000000000628
0.0000000000000000
-0.0000000000006705
0.0000000000000000
0.0000000000000000
-0.0000000000000019
-0.0000000000000035
-0.0000000000000042
-0.0000000000015040
-0.0000000000006756
-0.0000000000009364
-0.0000000000007788
-0.0000000000005516
0.0000000000000000
0.0000000000000000
0.0000000000000000
0.0000000000000000
-0.0000000000009018
0.0000000000000000
-0.0000000000005651
-0.0000000000005667
0.0000000000000000
0.0000000000000000
-0.0000000000000038
0.0000000000000000
0.0000000000000000
0.0000000000000000
-0.0000000000014085
-0.0000000000001121
0.0000000000000000
-0.0000000000004824
-0.0000000000005885
-0.0000000000005833
0.0000000000000000
0.0000000000000000
0.0000000000000000
-0.0000000000012663
-0.0000000000005763
0.0000000000000000
0.0000000000000000
-0.0000000000005910
-0.0000000000005763
0.0000000000000000
-0.0000000000005686
0.0000000000000000
-0.0000000000005593
-0.0000000000004027
0.0000000000000000
0.0000000000000000
-0.0000000000006686
-0.0000000000008601
0.0000000000000000
-0.0000000000000042
0.0000000000000000
-0.0000000000013368
0.0000000000000000
0.0000000000000000
-0.0000000000000026
0.0000000000000000
-0.0000000000013483
0.0000000000000000
0.0000000000000000
-0.0000000000011504
0.0000000000000000
-0.0000000000000032
0.0000000000000000
0.0000000000000000
0.0000000000000000
-0.0000000000001323
-0.0000000000000016
0.0000000000000000
-0.0000000000013900
-0.0000000000011568
0.0000000000000000
0.0000000000000000
0.0000000000000000
0.0000000000000000
-0.0000000000002358
-0.0000000000003738
0.0000000000000000
0.0000000000000000
-0.0000000000000026
0.0000000000000000
0.0000000000000000
0.0000000000000000
0.0000000000000000
-0.0000000000011990
0.0000000000000000
0.0000000000000000
0.0000000000000000
-0.0000000000006673
-0.0000000000000029
-0.0000000000010831
0.0000000000000000
-0.0000000000000029
-0.0000000000000032
-0.0000000000009915
0.0000000000000000
0.0000000000000000
0.0000000000000000
-0.0000000000005209
-0.0000000000000022
-0.0000000000002300
-0.0000000000009844
-0.0000000000011222
-0.0000000000000497
-0.0000000000006673
0.0000000000000000
0.0000000000000000
-0.0000000000011728
-0.0000000000003835
0.0000000000000000
0.0000000000000000
-0.0000000000011061
0.0000000000000000
-0.0000000000010824
0.0000000000000000
-0.0000000000005709
-0.0000000000011446
-0.0000000000005657
0.0000000000000000
0.0000000000000000
-0.0000000000002822
-0.0000000000003985
0.0000000000000000
0.0000000000000000
0.0000000000000000
0.0000000000000000
-0.0000000000014150
0.0000000000000000
-0.0000000000000054
-0.0000000000000045
0.0000000000000000
-0.0000000000015424
-0.0000000000005910
-0.0000000000014342
0.0000000000000000
-0.0000000000000022
-0.0000000000000026
-0.0000000000005753
-0.0000000000009742
0.0000000000000000
-0.0000000000002217
0.0000000000000000
0.0000000000000000
-0.0000000000000340
0.0000000000000000
-0.0000000000014367
0.0000000000000000
-0.0000000000009370
0.0000000000000000
0.0000000000000000
0.0000000000000000
-0.0000000000000026
0.0000000000000000
-0.0000000000013823
-0.0000000000001957
0.0000000000000000
-0.0000000000005673
0.0000000000000000
-0.0000000000008095
0.0000000000000000
0.0000000000000000
0.0000000000000000
0.0000000000000000
0.0000000000000000
-0.0000000000001685
-0.0000000000005644
-0.0000000000005696
-0.0000000000000016
-0.0000000000014643
-0.0000000000003754
-0.0000000000013265
-0.0000000000004084
0.0000000000000000
0.0000000000000000
0.0000000000000000
-0.0000000000006295
-0.0000000000005808
-0.0000000000005676
0.0000000000000000
-0.0000000000001634
-0.0000000000000022
-0.0000000000003062
-0.0000000000006372
0.0000000000000000
0.0000000000000000
0.0000000000000000
-0.0000000000000038
-0.0000000000000035
0.0000000000000000
0.0000000000000000
0.0000000000000000
0.0000000000000000
-0.0000000000011241
-0.0000000000011773
-0.0000000000005718
0.0000000000000000
-0.0000000000000042
0.0000000000000000
0.0000000000000000
-0.0000000000005593
0.0000000000000000
-0.0000000000005654
0.0000000000000000
0.0000000000000000
-0.0000000000005481
-0.0000000000008486
-0.0000000000008326
0.0000000000000000
-0.0000000000006288
-0.0000000000000042
-0.0000000000000987
-0.0000000000005641
0.0000000000000000
-0.0000000000000042
0.0000000000000000
0.0000000000000000
0.0000000000000000
0.0000000000000000
-0.0000000000009915
-0.0000000000005686
-0.0000000000015245
0.0000000000000000
0.0000000000000000
0.0000000000000000
0.0000000000000000
0.0000000000000000
-0.0000000000009319
-0.0000000000004145
0.0000000000000000
0.0000000000000000
0.0000000000000000
0.0000000000000000
0.0000000000000000
0.0000000000000000
0.0000000000000000
0.0000000000000000
0.0000000000000000
-0.0000000000000026
0.0000000000000000
0.0000000000000000
-0.0000000000005728
-0.0000000000014848
-0.0000000000005487
-0.0000000000000032
-0.0000000000014085
0.0000000000000000
-0.0000000000008633
0.0000000000000000
0.0000000000000000
-0.0000000000005689
-0.0000000000000051
0.0000000000000000
0.0000000000000000
-0.0000000000008037
-0.0000000000005673
0.0000000000000000
-0.0000000000014239
-0.0000000000007794
0.0000000000000000
0.0000000000000000
-0.0000000000010562
-0.0000000000000022
0.0000000000000000
-0.0000000000000019
0.0000000000000000
-0.0000000000005728
-0.0000000000014938
-0.0000000000005689
-0.0000000000000042
-0.0000000000002912
0.0000000000000000
-0.0000000000000035
0.0000000000000000
-0.0000000000007999
0.0000000000000000
-0.0000000000004731
-0.0000000000003101
-0.0000000000005487
0.0000000000000000
-0.0000000000014803
0.0000000000000000
0.0000000000000000
-0.0000000000005026
0.0000000000000000
0.0000000000000000
0.0000000000000000
-0.0000000000013746
-0.0000000000000029
-0.0000000000003143
0.0000000000000000
-0.0000000000005686
0.0000000000000000
-0.0000000000000019
-0.0000000000013246
-0.0000000000012247
0.0000000000000000
-0.0000000000000365
0.0000000000000000
0.0000000000000000
0.0000000000000000
0.0000000000000000
-0.0000000000000054
-0.0000000000000022
0.0000000000000000
0.0000000000000000
0.0000000000000000
-0.0000000000000032
-0.0000000000005689
-0.0000000000000468
0.0000000000000000
-0.0000000000000461
0.0000000000000000
0.0000000000000000
0.0000000000000000
-0.0000000000001467
-0.0000000000009825
0.0000000000000000
0.0000000000000000
0.0000000000000000
-0.0000000000009774
0.0000000000000000
-0.0000000000003931
-0.0000000000005564
0.0000000000000000
0.0000000000000000
-0.0000000000000042
0.0000000000000000
0.0000000000000000
-0.0000000000013304
-0.0000000000000022
-0.0000000000001185
-0.0000000000000083
-0.0000000000000022
-0.0000000000003437
0.0000000000000000
-0.0000000000009024
0.0000000000000000
0.0000000000000000
-0.0000000000005696
-0.0000000000005523
0.0000000000000000
-0.0000000000009434
-0.0000000000005699
0.0000000000000000
-0.0000000000000032
-0.0000000000008204
-0.0000000000010414
0.0000000000000000
-0.0000000000001160
-0.0000000000000029
0.0000000000000000
0.0000000000000000
0.0000000000000000
-0.0000000000000070
-0.0000000000010011
0.0000000000000000
0.0000000000000000
-0.0000000000013009
0.0000000000000000
-0.0000000000004824
0.0000000000000000
-0.0000000000009697
-0.0000000000012208
0.0000000000000000
0.0000000000000000
0.0000000000000000
-0.0000000000008031
-0.0000000000000042
0.0000000000000000
0.0000000000000000
0.0000000000000000
0.0000000000000000
0.0000000000000000
0.0000000000000000
-0.0000000000012490
0.0000000000000000
-0.0000000000000599
0.0000000000000000
-0.0000000000000964
-0.0000000000005638
-0.0000000000009479
0.0000000000000000
0.0000000000000000
-0.0000000000015412
0.0000000000000000
0.0000000000000000
-0.0000000000005680
0.0000000000000000
-0.0000000000009883
-0.0000000000000083
-0.0000000000005568
-0.0000000000000026
0.0000000000000000
0.0000000000000000
0.0000000000000000
0.0000000000000000
0.0000000000000000
0.0000000000000000
-0.0000000000005718
0.0000000000000000
-0.0000000000008800
-0.0000000000007659
-0.0000000000010434
0.0000000000000000
0.0000000000000000
0.0000000000000000
0.0000000000000000
0.0000000000000000
0.0000000000000000
-0.0000000000013092
-0.0000000000006878
0.0000000000000000
0.0000000000000000
0.0000000000000000
-0.0000000000003053
0.0000000000000000
-0.0000000000000256
0.0000000000000000
-0.0000000000013541
0.0000000000000000
-0.0000000000011882
0.0000000000000000
0.0000000000000000
0.0000000000000000
0.0000000000000000
0.0000000000000000
-0.0000000000005878
0.0000000000000000
-0.0000000000013964
0.0000000000000000
-0.0000000000005667
-0.0000000000000038
-0.0000000000000035
0.0000000000000000
0.0000000000000000
-0.0000000000001522
0.0000000000000000
0.0000000000000000
0.0000000000000000
-0.0000000000002169
-0.0000000000005129
-0.0000000000005753
-0.0000000000010901
0.0000000000000000
-0.0000000000000080
-0.0000000000005789
0.0000000000000000
-0.0000000000010940
-0.0000000000011491
-0.0000000000003867
-0.0000000000007820
0.0000000000000000
-0.0000000000010523
0.0000000000000000
0.0000000000000000
-0.0000000000002569
-0.0000000000000032
-0.0000000000012836
0.0000000000000000
0.0000000000000000
-0.0000000000005052
0.0000000000000000
0.0000000000000000
-0.0000000000005801
0.0000000000000000
0.0000000000000000
0.0000000000000000
0.0000000000000000
0.0000000000000000
0.0000000000000000
-0.0000000000000054
0.0000000000000000
-0.0000000000005702
-0.0000000000001054
-0.0000000000013912
-0.0000000000013432
0.0000000000000000
-0.0000000000008255
0.0000000000000000
0.0000000000000000
0.0000000000000000
0.0000000000000000
0.0000000000000000
-0.0000000000001996
0.0000000000000000
-0.0000000000005766
-0.0000000000005910
0.0000000000000000
0.0000000000000000
0.0000000000000000
0.0000000000000000
0.0000000000000000
-0.0000000000008941
-0.0000000000010722
-0.0000000000005731
-0.0000000000003120
0.0000000000000000
0.0000000000000000
0.0000000000000000
-0.0000000000005606
-0.0000000000000311
0.0000000000000000
-0.0000000000003546
-0.0000000000014553
0.0000000000000000
-0.0000000000003261
-0.0000000000001778
0.0000000000000000
0.0000000000000000
-0.0000000000005792
-0.0000000000000026
-0.0000000000005718
-0.0000000000006513
0.0000000000000000
0.0000000000000000
0.0000000000000000
0.0000000000000000
0.0000000000000000
0.0000000000000000
-0.0000000000000445
0.0000000000000000
-0.0000000000005696
-0.0000000000000026
0.0000000000000000
0.0000000000000000
0.0000000000000000
-0.0000000000014521
-0.0000000000000045
0.0000000000000000
0.0000000000000000
-0.0000000000000035
0.0000000000000000
0.0000000000000000
-0.0000000000010978
0.0000000000000000
0.0000000000000000
0.0000000000000000
0.0000000000000000
0.0000000000000000
0.0000000000000000
0.0000000000000000
0.0000000000000000
0.0000000000000000
-0.0000000000010517
-0.0000000000005734
-0.0000000000000042
-0.0000000000008691
-0.0000000000004863
0.0000000000000000
-0.0000000000005692
-0.0000000000013080
0.0000000000000000
-0.0000000000012599
0.0000000000000000
0.0000000000000000
0.0000000000000000
0.0000000000000000
0.0000000000000000
-0.0000000000000490
-0.0000000000005676
-0.0000000000000026
0.0000000000000000
0.0000000000000000
0.0000000000000000
-0.0000000000000026
-0.0000000000005664
0.0000000000000000
0.0000000000000000
-0.0000000000000381
-0.0000000000000266
0.0000000000000000
0.0000000000000000
0.0000000000000000
-0.0000000000000320
-0.0000000000008576
-0.0000000000010792
0.0000000000000000
-0.0000000000005632
0.0000000000000000
-0.0000000000000029
0.0000000000000000
-0.0000000000009005
0.0000000000000000
0.0000000000000000
-0.0000000000000042
-0.0000000000000292
0.0000000000000000
-0.0000000000010920
-0.0000000000002425
0.0000000000000000
0.0000000000000000
-0.0000000000014073
0.0000000000000000
-0.0000000000000042
0.0000000000000000
0.0000000000000000
-0.0000000000000051
0.0000000000000000
-0.0000000000011548
-0.0000000000010056
-0.0000000000005660
0.0000000000000000
-0.0000000000000051
-0.0000000000005061
-0.0000000000005795
-0.0000000000010427
-0.0000000000000022
-0.0000000000015303
-0.0000000000005744
0.0000000000000000
0.0000000000000000
0.0000000000000000
-0.0000000000000022
0.0000000000000000
-0.0000000000005705
-0.0000000000007301
-0.0000000000000897
0.0000000000000000
0.0000000000000000
-0.0000000000005805
-0.0000000000008217
-0.0000000000000022
-0.0000000000009338
-0.0000000000011286
-0.0000000000005789
0.0000000000000000
0.0000000000000000
0.0000000000000000
-0.0000000000003934
0.0000000000000000
-0.0000000000010600
0.0000000000000000
0.0000000000000000
-0.0000000000002355
-0.0000000000012074
0.0000000000000000
-0.0000000000001445
0.0000000000000000
-0.0000000000005686
-0.0000000000015277
-0.0000000000015392
-0.0000000000006256
-0.0000000000005692
0.0000000000000000
-0.0000000000011279
0.0000000000000000
0.0000000000000000
-0.0000000000005500
-0.0000000000015489
0.0000000000000000
-0.0000000000000038
0.0000000000000000
0.0000000000000000
0.0000000000000000
-0.0000000000000026
-0.0000000000005881
-0.0000000000000022
-0.0000000000005715
-0.0000000000009152
-0.0000000000004238
-0.0000000000015687
-0.0000000000000042
-0.0000000000011747
0.0000000000000000
-0.0000000000000048
0.0000000000000000
-0.0000000000005596
0.0000000000000000
-0.0000000000003754
-0.0000000000000051
0.0000000000000000
0.0000000000000000
-0.0000000000003780
0.0000000000000000
0.0000000000000000
-0.0000000000013349
0.0000000000000000
0.0000000000000000
-0.0000000000008185
-0.0000000000003082
-0.0000000000010767
-0.0000000000007570
0.0000000000000000
-0.0000000000014950
0.0000000000000000
-0.0000000000011510
0.0000000000000000
0.0000000000000000
0.0000000000000000
0.0000000000000000
0.0000000000000000
0.0000000000000000
-0.0000000000001631
-0.0000000000001608
-0.0000000000005619
0.0000000000000000
0.0000000000000000
0.0000000000000000
-0.0000000000005651
0.0000000000000000
0.0000000000000000
-0.0000000000014265
-0.0000000000001397
0.0000000000000000
-0.0000000000000042
-0.0000000000000026
-0.0000000000009325
0.0000000000000000
0.0000000000000000
-0.0000000000000042
0.0000000000000000
0.0000000000000000
-0.0000000000000061
-0.0000000000002867
0.0000000000000000
-0.0000000000000022
-0.0000000000005872
0.0000000000000000
0.0000000000000000
-0.0000000000003575
0.0000000000000000
0.0000000000000000
-0.0000000000005600
-0.0000000000008249
0.0000000000000000
0.0000000000000000
0.0000000000000000
0.0000000000000000
-0.0000000000001554
0.0000000000000000
0.0000000000000000
0.0000000000000000
-0.0000000000000881
-0.0000000000005648
-0.0000000000015335
-0.0000000000000019
-0.0000000000015527
-0.0000000000005702
-0.0000000000005574
0.0000000000000000
0.0000000000000000
0.0000000000000000
0.0000000000000000
0.0000000000000000
0.0000000000000000
0.0000000000000000
-0.0000000000005641
-0.0000000000000032
0.0000000000000000
-0.0000000000000038
0.0000000000000000
0.0000000000000000
-0.0000000000000026
-0.0000000000014303
0.0000000000000000
0.0000000000000000
0.0000000000000000
0.0000000000000000
0.0000000000000000
0.0000000000000000
0.0000000000000000
0.0000000000000000
0.0000000000000000
-0.0000000000014899
0.0000000000000000
-0.0000000000005667
-0.0000000000006250
0.0000000000000000
0.0000000000000000
0.0000000000000000
0.0000000000000000
0.0000000000000000
0.0000000000000000
-0.0000000000000663
0.0000000000000000
0.0000000000000000
-0.0000000000003130
0.0000000000000000
0.0000000000000000
0.0000000000000000
0.0000000000000000
-0.0000000000000029
0.0000000000000000
-0.0000000000000215
-0.0000000000012407
0.0000000000000000
-0.0000000000003255
0.0000000000000000
0.0000000000000000
0.0000000000000000
0.0000000000000000
-0.0000000000000022
0.0000000000000000
-0.0000000000010940
-0.0000000000002652
0.0000000000000000
-0.0000000000003341
-0.0000000000011388
0.0000000000000000
0.0000000000000000
0.0000000000000000
-0.0000000000011055
-0.0000000000009549
0.0000000000000000
0.0000000000000000
-0.0000000000005702
0.0000000000000000
0.0000000000000000
0.0000000000000000
0.0000000000000000
-0.0000000000005910
-0.0000000000013163
0.0000000000000000
0.0000000000000000
-0.0000000000005132
-0.0000000000007493
0.0000000000000000
0.0000000000000000
-0.0000000000003985
-0.0000000000000019
-0.0000000000005862
0.0000000000000000
0.0000000000000000
0.0000000000000000
0.0000000000000000
0.0000000000000000
-0.0000000000005718
-0.0000000000005689
-0.0000000000007538
-0.0000000000005670
-0.0000000000012964
-0.0000000000005776
0.0000000000000000
-0.0000000000014348
0.0000000000000000
-0.0000000000000474
-0.0000000000009389
0.0000000000000000
0.0000000000000000
0.0000000000000000
0.0000000000000000
-0.0000000000011888
-0.0000000000007012
-0.0000000000008089
0.0000000000000000
0.0000000000000000
0.0000000000000000
-0.0000000000005667
-0.0000000000005641
0.0000000000000000
0.0000000000000000
-0.0000000000005571
0.0000000000000000
0.0000000000000000
-0.0000000000003482
0.0000000000000000
0.0000000000000000
0.0000000000000000
-0.0000000000005910
-0.0000000000004155
0.0000000000000000
-0.0000000000000096
0.0000000000000000
-0.0000000000012682
0.0000000000000000
-0.0000000000000032
-0.0000000000009005
-0.0000000000012881
-0.0000000000012112
-0.0000000000014880
-0.0000000000007653
-0.0000000000005587
-0.0000000000000067
0.0000000000000000
-0.0000000000011676
0.0000000000000000
-0.0000000000000026
0.0000000000000000
-0.0000000000000227
0.0000000000000000
-0.0000000000009947
0.0000000000000000
0.0000000000000000
-0.0000000000013368
0.0000000000000000
-0.0000000000000058
-0.0000000000005622
0.0000000000000000
-0.0000000000005545
-0.0000000000014393
0.0000000000000000
0.0000000000000000
0.0000000000000000
-0.0000000000004802
0.0000000000000000
-0.0000000000000035
-0.0000000000000070
-0.0000000000014457
0.0000000000000000
0.0000000000000000
-0.0000000000005526
-0.0000000000005801
-0.0000000000005632
-0.0000000000000038
-0.0000000000000058
-0.0000000000000048
0.0000000000000000
0.0000000000000000
0.0000000000000000
0.0000000000000000
-0.0000000000006013
-0.0000000000011984
0.0000000000000000
0.0000000000000000
0.0000000000000000
0.0000000000000000
-0.0000000000009408
0.0000000000000000
-0.0000000000012849
-0.0000000000000275
-0.0000000000006955
-0.0000000000001041
0.0000000000000000
-0.0000000000009300
-0.0000000000002822
-0.0000000000000022
-0.0000000000014201
-0.0000000000010152
-0.0000000000004440
0.0000000000000000
0.0000000000000000
0.0000000000000000
-0.0000000000013631
-0.0000000000005865
-0.0000000000005814
0.0000000000000000
-0.0000000000004293
-0.0000000000005619
-0.0000000000005664
0.0000000000000000
-0.0000000000000026
-0.0000000000000080
-0.0000000000006295
0.0000000000000000
-0.0000000000000029
-0.0000000000014374
0.0000000000000000
-0.0000000000000054
-0.0000000000000042
0.0000000000000000
0.0000000000000000
-0.0000000000000045
0.0000000000000000
-0.0000000000000045
0.0000000000000000
0.0000000000000000
-0.0000000000015630
-0.0000000000003629
0.0000000000000000
0.0000000000000000
-0.0000000000010273
-0.0000000000012644
0.0000000000000000
-0.0000000000002515
-0.0000000000002726
0.0000000000000000
0.0000000000000000
0.0000000000000000
-0.0000000000006654
0.0000000000000000
0.0000000000000000
-0.0000000000012695
0.0000000000000000
0.0000000000000000
-0.0000000000000026
0.0000000000000000
-0.0000000000000074
-0.0000000000013938
-0.0000000000005725
-0.0000000000005648
0.0000000000000000
0.0000000000000000
-0.0000000000005632
0.0000000000000000
-0.0000000000011978
0.0000000000000000
0.0000000000000000
-0.0000000000007172
0.0000000000000000
-0.0000000000000724
-0.0000000000000061
0.0000000000000000
0.0000000000000000
-0.0000000000000131
-0.0000000000002973
0.0000000000000000
0.0000000000000000
-0.0000000000008319
0.0000000000000000
-0.0000000000006359
0.0000000000000000
-0.0000000000000032
-0.0000000000012939
-0.0000000000015194
0.0000000000000000
-0.0000000000005750
-0.0000000000002870
-0.0000000000007269
0.0000000000000000
0.0000000000000000
-0.0000000000000038
-0.0000000000005580
-0.0000000000005718
-0.0000000000007755
-0.0000000000002912
0.0000000000000000
0.0000000000000000
0.0000000000000000
-0.0000000000002050
-0.0000000000011228
-0.0000000000005574
-0.0000000000014098
0.0000000000000000
-0.0000000000000032
-0.0000000000003636
0.0000000000000000
0.0000000000000000
0.0000000000000000
-0.0000000000000070
-0.0000000000009774
-0.0000000000005699
0.0000000000000000
-0.0000000000010914
-0.0000000000005782
0.0000000000000000
0.0000000000000000
-0.0000000000006615
-0.0000000000000026
0.0000000000000000
-0.0000000000014771
0.0000000000000000
-0.0000000000000038
-0.0000000000005436
0.0000000000000000
-0.0000000000012798
-0.0000000000005712
-0.0000000000009806
-0.0000000000005718
-0.0000000000005824
0.0000000000000000
0.0000000000000000
0.0000000000000000
0.0000000000000000
0.0000000000000000
-0.0000000000005628
0.0000000000000000
0.0000000000000000
0.0000000000000000
0.0000000000000000
-0.0000000000000042
0.0000000000000000
0.0000000000000000
-0.0000000000005635
-0.0000000000000016
-0.0000000000005827
-0.0000000000015617
0.0000000000000000
0.0000000000000000
0.0000000000000000
0.0000000000000000
-0.0000000000009082
0.0000000000000000
0.0000000000000000
-0.0000000000008005
0.0000000000000000
0.0000000000000000
-0.0000000000005638
-0.0000000000012631
0.0000000000000000
0.0000000000000000
0.0000000000000000
0.0000000000000000
0.0000000000000000
0.0000000000000000
0.0000000000000000
-0.0000000000002934
-0.0000000000011958
0.0000000000000000
-0.0000000000012356
-0.0000000000006384
0.0000000000000000
-0.0000000000001595
0.0000000000000000
0.0000000000000000
0.0000000000000000
-0.0000000000008377
0.0000000000000000
-0.0000000000004648
0.0000000000000000
0.0000000000000000
-0.0000000000002877
-0.0000000000009062
0.0000000000000000
-0.0000000000007967
0.0000000000000000
0.0000000000000000
-0.0000000000000042
-0.0000000000000112
-0.0000000000000064
0.0000000000000000
-0.0000000000012208
0.0000000000000000
-0.0000000000001211
0.0000000000000000
0.0000000000000000
-0.0000000000008172
0.0000000000000000
0.0000000000000000
0.0000000000000000
-0.0000000000000215
-0.0000000000013458
-0.0000000000008447
-0.0000000000011337
0.0000000000000000
-0.0000000000000038
-0.0000000000002037
0.0000000000000000
0.0000000000000000
-0.0000000000000038
-0.0000000000005782
-0.0000000000005638
0.0000000000000000
-0.0000000000005725
0.0000000000000000
-0.0000000000000026
-0.0000000000000022
0.0000000000000000
-0.0000000000003492
-0.0000000000010581
0.0000000000000000
0.0000000000000000
-0.0000000000012394
0.0000000000000000
-0.0000000000012529
0.0000000000000000
0.0000000000000000
0.0000000000000000
-0.0000000000007506
-0.0000000000000029
-0.0000000000015386
0.0000000000000000
0.0000000000000000
-0.0000000000006340
0.0000000000000000
-0.0000000000013599
0.0000000000000000
0.0000000000000000
0.0000000000000000
-0.0000000000005683
0.0000000000000000
0.0000000000000000
0.0000000000000000
0.0000000000000000
0.0000000000000000
-0.0000000000008896
-0.0000000000006711
0.0000000000000000
0.0000000000000000
0.0000000000000000
0.0000000000000000
-0.0000000000001877
0.0000000000000000
-0.0000000000011978
-0.0000000000000022
-0.0000000000005584
-0.0000000000002569
-0.0000000000000032
0.0000000000000000
0.0000000000000000
-0.0000000000006859
0.0000000000000000
0.0000000000000000
0.0000000000000000
-0.0000000000001188
-0.0000000000005616
-0.0000000000005632
-0.0000000000000029
-0.0000000000002508
0.0000000000000000
0.0000000000000000
0.0000000000000000
0.0000000000000000
0.0000000000000000
-0.0000000000004530
0.0000000000000000
-0.0000000000009485
-0.0000000000013900
0.0000000000000000
-0.0000000000013349
-0.0000000000005721
-0.0000000000013374
0.0000000000000000
0.0000000000000000
0.0000000000000000
0.0000000000000000
-0.0000000000007064
0.0000000000000000
-0.0000000000005625
-0.0000000000001900
-0.0000000000005523
0.0000000000000000
0.0000000000000000
0.0000000000000000
-0.0000000000005699
0.0000000000000000
0.0000000000000000
0.0000000000000000
0.0000000000000000
-0.0000000000002960
0.0000000000000000
0.0000000000000000
-0.0000000000012907
0.0000000000000000
-0.0000000000000010
-0.0000000000005632
-0.0000000000003982
-0.0000000000001970
0.0000000000000000
-0.0000000000004888
-0.0000000000014630
-0.0000000000014989
-0.0000000000006436
-0.0000000000000054
0.0000000000000000
-0.0000000000003639
0.0000000000000000
0.0000000000000000
-0.0000000000000029
0.0000000000000000
-0.0000000000001432
0.0000000000000000
0.0000000000000000
0.0000000000000000
-0.0000000000000042
0.0000000000000000
0.0000000000000000
-0.0000000000002262
0.0000000000000000
0.0000000000000000
-0.0000000000015316
0.0000000000000000
0.0000000000000000
0.0000000000000000
-0.0000000000007249
-0.0000000000000026
-0.0000000000005766
0.0000000000000000
-0.0000000000008198
0.0000000000000000
-0.0000000000000029
0.0000000000000000
-0.0000000000000042
0.0000000000000000
-0.0000000000004177
0.0000000000000000
-0.0000000000000035
0.0000000000000000
-0.0000000000000042
0.0000000000000000
-0.0000000000000038
0.0000000000000000
-0.0000000000002149
0.0000000000000000
0.0000000000000000
-0.0000000000000045
0.0000000000000000
-0.0000000000004427
-0.0000000000013989
-0.0000000000012753
-0.0000000000001768
-0.0000000000004305
-0.0000000000005683
0.0000000000000000
0.0000000000000000
-0.0000000000003466
-0.0000000000014284
0.0000000000000000
-0.0000000000000577
0.0000000000000000
0.0000000000000000
-0.0000000000005548
-0.0000000000005773
-0.0000000000014258
-0.0000000000001983
0.0000000000000000
-0.0000000000006846
-0.0000000000001557
0.0000000000000000
-0.0000000000000022
-0.0000000000000042
-0.0000000000012836
0.0000000000000000
-0.0000000000005500
-0.0000000000014342
-0.0000000000005773
0.0000000000000000
-0.0000000000005231
-0.0000000000005782
0.0000000000000000
0.0000000000000000
0.0000000000000000
-0.0000000000003540
-0.0000000000008339
0.0000000000000000
0.0000000000000000
0.0000000000000000
0.0000000000000000
0.0000000000000000
0.0000000000000000
-0.0000000000000035
0.0000000000000000
-0.0000000000005808
0.0000000000000000
-0.0000000000008678
-0.0000000000007608
0.0000000000000000
-0.0000000000007961
0.0000000000000000
-0.0000000000005881
-0.0000000000005686
0.0000000000000000
-0.0000000000000048
0.0000000000000000
-0.0000000000013547
0.0000000000000000
0.0000000000000000
-0.0000000000005641
0.0000000000000000
-0.0000000000009082
0.0000000000000000
0.0000000000000000
0.0000000000000000
-0.0000000000010030
-0.0000000000012099
-0.0000000000000032
-0.0000000000008101
-0.0000000000015091
0.0000000000000000
-0.0000000000011574
-0.0000000000000897
0.0000000000000000
-0.0000000000000477
0.0000000000000000
0.0000000000000000
-0.0000000000002662
0.0000000000000000
0.0000000000000000
0.0000000000000000
-0.0000000000009280
-0.0000000000000673
-0.0000000000004129
-0.0000000000005632
0.0000000000000000
0.0000000000000000
0.0000000000000000
-0.0000000000000038
0.0000000000000000
-0.0000000000005635
-0.0000000000012951
-0.0000000000005673
0.0000000000000000
0.0000000000000000
-0.0000000000005395
-0.0000000000005523
-0.0000000000011978
-0.0000000000011510
0.0000000000000000
0.0000000000000000
-0.0000000000010164
0.0000000000000000
-0.0000000000000913
0.0000000000000000
-0.0000000000015072
0.0000000000000000
-0.0000000000001522
-0.0000000000009216
0.0000000000000000
-0.0000000000011709
-0.0000000000011093
0.0000000000000000
0.0000000000000000
0.0000000000000000
0.0000000000000000
-0.0000000000000042
-0.0000000000008492
-0.0000000000005555
0.0000000000000000
-0.0000000000014617
-0.0000000000006698
0.0000000000000000
-0.0000000000005561
-0.0000000000005606
-0.0000000000003341
0.0000000000000000
0.0000000000000000
0.0000000000000000
-0.0000000000008928
-0.0000000000005725
0.0000000000000000
0.0000000000000000
-0.0000000000000083
0.0000000000000000
-0.0000000000005606
-0.0000000000000705
-0.0000000000012234
-0.0000000000006654
0.0000000000000000
-0.0000000000005494
0.0000000000000000
-0.0000000000008524
-0.0000000000005910
-0.0000000000000384
0.0000000000000000
-0.0000000000000054
-0.0000000000000042
0.0000000000000000
-0.0000000000008153
0.0000000000000000
-0.0000000000005705
0.0000000000000000
0.0000000000000000
0.0000000000000000
-0.0000000000005459
-0.0000000000000042
-0.0000000000005686
-0.0000000000012087
0.0000000000000000
0.0000000000000000
-0.0000000000005731
-0.0000000000003306
0.0000000000000000
0.0000000000000000
0.0000000000000000
-0.0000000000004040
0.0000000000000000
0.0000000000000000
0.0000000000000000
0.0000000000000000
-0.0000000000007999
0.0000000000000000
-0.0000000000004337
-0.0000000000000038
-0.0000000000012907
0.0000000000000000
-0.0000000000010831
-0.0000000000004363
-0.0000000000014425
0.0000000000000000
0.0000000000000000
0.0000000000000000
0.0000000000000000
0.0000000000000000
-0.0000000000008973
0.0000000000000000
-0.0000000000007749
-0.0000000000000022
0.0000000000000000
-0.0000000000007185
0.0000000000000000
-0.0000000000002169
0.0000000000000000
-0.0000000000008665
0.0000000000000000
0.0000000000000000
0.0000000000000000
0.0000000000000000
0.0000000000000000
-0.0000000000002335
0.0000000000000000
0.0000000000000000
0.0000000000000000
0.0000000000000000
-0.0000000000000038
-0.0000000000005552
0.0000000000000000
-0.0000000000006628
-0.0000000000005721
-0.0000000000000093
-0.0000000000000022
0.0000000000000000
0.0000000000000000
-0.0000000000000022
0.0000000000000000
0.0000000000000000
-0.0000000000000801
-0.0000000000000051
0.0000000000000000
0.0000000000000000
0.0000000000000000
-0.0000000000006660
-0.0000000000008172
0.0000000000000000
-0.0000000000000067
0.0000000000000000
0.0000000000000000
-0.0000000000008383
-0.0000000000005776
-0.0000000000002989
0.0000000000000000
0.0000000000000000
0.0000000000000000
0.0000000000000000
-0.0000000000014925
0.0000000000000000
0.0000000000000000
-0.0000000000000035
-0.0000000000000038
-0.0000000000000048
0.0000000000000000
-0.0000000000002435
0.0000000000000000
-0.0000000000000032
0.0000000000000000
-0.0000000000005606
-0.0000000000002976
-0.0000000000000042
0.0000000000000000
-0.0000000000000439
0.0000000000000000
0.0000000000000000
-0.0000000000000282
0.0000000000000000
0.0000000000000000
0.0000000000000000
-0.0000000000012529
-0.0000000000006692
-0.0000000000005648
0.0000000000000000
0.0000000000000000
0.0000000000000000
-0.0000000000000183
0.0000000000000000
-0.0000000000005439
0.0000000000000000
-0.0000000000004059
-0.0000000000005878
-0.0000000000011119
0.0000000000000000
0.0000000000000000
-0.0000000000007429
-0.0000000000005667
0.0000000000000000
-0.0000000000001592
-0.0000000000000022
-0.0000000000000019
0.0000000000000000
0.0000000000000000
-0.0000000000008749
-0.0000000000005596
-0.0000000000005593
-0.0000000000015014
-0.0000000000000093
-0.0000000000000022
-0.0000000000008601
-0.0000000000005641
0.0000000000000000
0.0000000000000000
-0.0000000000005849
0.0000000000000000
-0.0000000000008345
0.0000000000000000
-0.0000000000005664
-0.0000000000000035
-0.0000000000004536
0.0000000000000000
0.0000000000000000
0.0000000000000000
0.0000000000000000
0.0000000000000000
-0.0000000000003114
0.0000000000000000
0.0000000000000000
0.0000000000000000
0.0000000000000000
-0.0000000000000103
-0.0000000000004046
-0.0000000000005542
0.0000000000000000
-0.0000000000005523
-0.0000000000013618
-0.0000000000005266
-0.0000000000000878
-0.0000000000000042
0.0000000000000000
0.0000000000000000
0.0000000000000000
-0.0000000000005827
0.0000000000000000
0.0000000000000000
-0.0000000000011401
-0.0000000000000525
-0.0000000000003809
0.0000000000000000
-0.0000000000000029
0.0000000000000000
0.0000000000000000
-0.0000000000015149
0.0000000000000000
0.0000000000000000
0.0000000000000000
-0.0000000000002752
-0.0000000000013458
-0.0000000000000093
0.0000000000000000
0.0000000000000000
0.0000000000000000
-0.0000000000005600
-0.0000000000010395
0.0000000000000000
0.0000000000000000
0.0000000000000000
0.0000000000000000
-0.0000000000003665
0.0000000000000000
0.0000000000000000
0.0000000000000000
-0.0000000000000019
-0.0000000000005789
0.0000000000000000
-0.0000000000007102
-0.0000000000000045
0.0000000000000000
-0.0000000000000042
-0.0000000000004020
-0.0000000000000042
0.0000000000000000
-0.0000000000005545
0.0000000000000000
0.0000000000000000
-0.0000000000006980
0.0000000000000000
-0.0000000000010658
-0.0000000000005910
0.0000000000000000
-0.0000000000000022
0.0000000000000000
-0.0000000000005833
-0.0000000000005199
-0.0000000000005725
-0.0000000000012343
0.0000000000000000
-0.0000000000014092
-0.0000000000000019
0.0000000000000000
-0.0000000000003697
0.0000000000000000
-0.0000000000014656
-0.0000000000011619
0.0000000000000000
0.0000000000000000
0.0000000000000000
-0.0000000000009037
0.0000000000000000
-0.0000000000005497
-0.0000000000005757
0.0000000000000000
-0.0000000000005709
0.0000000000000000
-0.0000000000013189
0.0000000000000000
0.0000000000000000
0.0000000000000000
-0.0000000000005564
-0.0000000000000093
-0.0000000000015226
-0.0000000000005628
-0.0000000000000279
-0.0000000000012548
-0.0000000000006135
-0.0000000000011388
-0.0000000000005696
-0.0000000000000022
0.0000000000000000
-0.0000000000006878
0.0000000000000000
0.0000000000000000
-0.0000000000001631
-0.0000000000000038
0.0000000000000000
-0.0000000000006737
-0.0000000000000042
0.0000000000000000
0.0000000000000000
-0.0000000000005683
0.0000000000000000
0.0000000000000000
-0.0000000000014118
0.0000000000000000
0.0000000000000000
0.0000000000000000
-0.0000000000005657
0.0000000000000000
0.0000000000000000
0.0000000000000000
-0.0000000000013035
-0.0000000000015226
-0.0000000000015098
-0.0000000000005667
-0.0000000000010562
0.0000000000000000
-0.0000000000000029
0.0000000000000000
0.0000000000000000
0.0000000000000000
-0.0000000000005532
0.0000000000000000
-0.0000000000000026
-0.0000000000015219
0.0000000000000000
0.0000000000000000
0.0000000000000000
0.0000000000000000
0.0000000000000000
-0.0000000000004020
0.0000000000000000
0.0000000000000000
0.0000000000000000
0.0000000000000000
-0.0000000000002998
0.0000000000000000
0.0000000000000000
0.0000000000000000
-0.0000000000012785
0.0000000000000000
0.0000000000000000
0.0000000000000000
-0.0000000000013938
-0.0000000000000788
0.0000000000000000
-0.0000000000000029
0.0000000000000000
0.0000000000000000
-0.0000000000000029
-0.0000000000011222
-0.0000000000012535
0.0000000000000000
0.0000000000000000
0.0000000000000000
-0.0000000000012497
0.0000000000000000
0.0000000000000000
-0.0000000000008351
-0.0000000000006647
0.0000000000000000
0.0000000000000000
0.0000000000000000
-0.0000000000000029
0.0000000000000000
0.0000000000000000
-0.0000000000007506
-0.0000000000003879
-0.0000000000004421
0.0000000000000000
-0.0000000000002457
-0.0000000000009095
-0.0000000000007589
-0.0000000000014861
-0.0000000000011632
-0.0000000000002313
0.0000000000000000
-0.0000000000000032
-0.0000000000005334
0.0000000000000000
0.0000000000000000
0.0000000000000000
-0.0000000000005715
-0.0000000000012650
-0.0000000000005616
-0.0000000000000032
-0.0000000000005667
0.0000000000000000
0.0000000000000000
0.0000000000000000
-0.0000000000000013
-0.0000000000002713
0.0000000000000000
0.0000000000000000
-0.0000000000006468
-0.0000000000002153
0.0000000000000000
0.0000000000000000
0.0000000000000000
0.0000000000000000
-0.0000000000005417
-0.0000000000005910
-0.0000000000007108
-0.0000000000002704
0.0000000000000000
-0.0000000000005808
-0.0000000000010446
-0.0000000000009152
-0.0000000000011427
0.0000000000000000
-0.0000000000006448
-0.0000000000007928
-0.0000000000005651
0.0000000000000000
-0.0000000000005757
-0.0000000000011914
-0.0000000000009408
-0.0000000000004007
0.0000000000000000
-0.0000000000005683
0.0000000000000000
0.0000000000000000
-0.0000000000004280
-0.0000000000010331
-0.0000000000013009
-0.0000000000005910
-0.0000000000010703
0.0000000000000000
-0.0000000000005680
-0.0000000000000035
-0.0000000000013419
-0.0000000000006109
-0.0000000000013419
-0.0000000000009498
-0.0000000000005478
0.0000000000000000
-0.0000000000000080
-0.0000000000000038
-0.0000000000000035
-0.0000000000013490
-0.0000000000005379
-0.0000000000002242
0.0000000000000000
-0.0000000000005910
0.0000000000000000
0.0000000000000000
-0.0000000000000670
0.0000000000000000
-0.0000000000003255
0.0000000000000000
-0.0000000000005699
0.0000000000000000
0.0000000000000000
0.0000000000000000
-0.0000000000013599
0.0000000000000000
-0.0000000000007711
0.0000000000000000
-0.0000000000003325
-0.0000000000007602
-0.0000000000005641
-0.0000000000006173
0.0000000000000000
-0.0000000000003364
0.0000000000000000
-0.0000000000011914
0.0000000000000000
0.0000000000000000
0.0000000000000000
0.0000000000000000
-0.0000000000014220
0.0000000000000000
0.0000000000000000
0.0000000000000000
0.0000000000000000
-0.0000000000003062
0.0000000000000000
0.0000000000000000
-0.0000000000005910
0.0000000000000000
0.0000000000000000
-0.0000000000008755
0.0000000000000000
0.0000000000000000
-0.0000000000005734
-0.0000000000005558
0.0000000000000000
-0.0000000000015187
0.0000000000000000
0.0000000000000000
0.0000000000000000
0.0000000000000000
-0.0000000000000022
0.0000000000000000
-0.0000000000012554
-0.0000000000009819
0.0000000000000000
-0.0000000000015527
0.0000000000000000
0.0000000000000000
-0.0000000000005657
0.0000000000000000
0.0000000000000000
-0.0000000000001339
0.0000000000000000
-0.0000000000014367
0.0000000000000000
0.0000000000000000
-0.0000000000004680
-0.0000000000014944
-0.0000000000014034
-0.0000000000005680
0.0000000000000000
-0.0000000000008332
-0.0000000000000131
-0.0000000000000026
-0.0000000000010197
-0.0000000000003956
-0.0000000000001483
-0.0000000000000019
0.0000000000000000
0.0000000000000000
0.0000000000000000
-0.0000000000010760
0.0000000000000000
0.0000000000000000
0.0000000000000000
0.0000000000000000
-0.0000000000005654
0.0000000000000000
-0.0000000000005548
-0.0000000000009197
-0.0000000000003738
0.0000000000000000
-0.0000000000000042
0.0000000000000000
-0.0000000000000029
-0.0000000000009716
0.0000000000000000
-0.0000000000014880
0.0000000000000000
0.0000000000000000
-0.0000000000005638
-0.0000000000000022
0.0000000000000000
-0.0000000000007480
0.0000000000000000
0.0000000000000000
-0.0000000000005910
-0.0000000000007852
0.0000000000000000
-0.0000000000012907
-0.0000000000012170
0.0000000000000000
-0.0000000000014214
-0.0000000000011113
-0.0000000000005113
-0.0000000000000022
-0.0000000000005660
-0.0000000000000042
-0.0000000000000077
-0.0000000000005779
-0.0000000000010959
0.0000000000000000
-0.0000000000000026
-0.0000000000010139
-0.0000000000000061
-0.0000000000001156
-0.0000000000000192
-0.0000000000000035
-0.0000000000010914
0.0000000000000000
0.0000000000000000
0.0000000000000000
-0.0000000000005603
0.0000000000000000
0.0000000000000000
0.0000000000000000
-0.0000000000005657
0.0000000000000000
0.0000000000000000
0.0000000000000000
-0.0000000000005670
0.0000000000000000
-0.0000000000007864
0.0000000000000000
0.0000000000000000
-0.0000000000004142
-0.0000000000008832
0.0000000000000000
0.0000000000000000
-0.0000000000006359
0.0000000000000000
0.0000000000000000
0.0000000000000000
-0.0000000000004757
-0.0000000000000042
-0.0000000000012586
-0.0000000000001329
-0.0000000000012080
0.0000000000000000
0.0000000000000000
0.0000000000000000
0.0000000000000000
0.0000000000000000
-0.0000000000000022
0.0000000000000000
-0.0000000000000038
-0.0000000000004033
-0.0000000000002108
0.0000000000000000
0.0000000000000000
0.0000000000000000
-0.0000000000000058
-0.0000000000010171
0.0000000000000000
-0.0000000000012759
-0.0000000000000035
0.0000000000000000
0.0000000000000000
-0.0000000000005699
0.0000000000000000
-0.0000000000009851
0.0000000000000000
0.0000000000000000
-0.0000000000014316
0.0000000000000000
-0.0000000000002745
-0.0000000000011196
0.0000000000000000
-0.0000000000000035
0.0000000000000000
0.0000000000000000
0.0000000000000000
0.0000000000000000
0.0000000000000000
0.0000000000000000
0.0000000000000000
0.0000000000000000
0.0000000000000000
0.0000000000000000
-0.0000000000004113
0.0000000000000000
-0.0000000000005760
-0.0000000000005721
-0.0000000000000026
-0.0000000000004110
-0.0000000000006327
-0.0000000000000026
-0.0000000000000022
0.0000000000000000
-0.0000000000007025
-0.0000000000000346
0.0000000000000000
-0.0000000000013400
0.0000000000000000
0.0000000000000000
0.0000000000000000
-0.0000000000005635
-0.0000000000005676
0.0000000000000000
0.0000000000000000
0.0000000000000000
0.0000000000000000
0.0000000000000000
-0.0000000000013124
0.0000000000000000
-0.0000000000000519
0.0000000000000000
-0.0000000000003258
0.0000000000000000
-0.0000000000000026
-0.0000000000000042
-0.0000000000013938
0.0000000000000000
-0.0000000000004238
0.0000000000000000
-0.0000000000009197
0.0000000000000000
0.0000000000000000
-0.0000000000005753
0.0000000000000000
0.0000000000000000
0.0000000000000000
0.0000000000000000
-0.0000000000005910
0.0000000000000000
0.0000000000000000
-0.0000000000000022
0.0000000000000000
-0.0000000000005664
0.0000000000000000
-0.0000000000000029
0.0000000000000000
-0.0000000000005994
0.0000000000000000
-0.0000000000012958
0.0000000000000000
-0.0000000000007448
0.0000000000000000
-0.0000000000003018
-0.0000000000006820
0.0000000000000000
0.0000000000000000
-0.0000000000008736
0.0000000000000000
-0.0000000000009562
-0.0000000000004142
-0.0000000000005910
0.0000000000000000
0.0000000000000000
-0.0000000000000048
-0.0000000000005785
-0.0000000000003248
-0.0000000000014092
0.0000000000000000
0.0000000000000000
-0.0000000000000035
0.0000000000000000
0.0000000000000000
0.0000000000000000
0.0000000000000000
-0.0000000000010626
0.0000000000000000
0.0000000000000000
-0.0000000000005680
0.0000000000000000
-0.0000000000008127
0.0000000000000000
0.0000000000000000
-0.0000000000002345
0.0000000000000000
-0.0000000000012516
-0.0000000000005840
-0.0000000000000730
-0.0000000000005805
0.0000000000000000
0.0000000000000000
-0.0000000000000413
0.0000000000000000
0.0000000000000000
-0.0000000000010395
-0.0000000000010805
-0.0000000000000032
-0.0000000000007538
-0.0000000000000026
-0.0000000000013297
0.0000000000000000
-0.0000000000005564
-0.0000000000000035
0.0000000000000000
0.0000000000000000
-0.0000000000005603
-0.0000000000007531
0.0000000000000000
0.0000000000000000
0.0000000000000000
-0.0000000000005651
0.0000000000000000
0.0000000000000000
-0.0000000000002210
0.0000000000000000
-0.0000000000013445
-0.0000000000000038
-0.0000000000001185
0.0000000000000000
-0.0000000000005910
0.0000000000000000
0.0000000000000000
0.0000000000000000
-0.0000000000000026
-0.0000000000012573
-0.0000000000000993
0.0000000000000000
-0.0000000000005577
-0.0000000000014636
0.0000000000000000
-0.0000000000005709
-0.0000000000000038
-0.0000000000010414
0.0000000000000000
0.0000000000000000
-0.0000000000000029
0.0000000000000000
-0.0000000000002092
-0.0000000000015219
-0.0000000000005161
-0.0000000000000042
-0.0000000000005561
0.0000000000000000
-0.0000000000005564
-0.0000000000005692
-0.0000000000000103
-0.0000000000012074
-0.0000000000015418
-0.0000000000011728
-0.0000000000011856
-0.0000000000005673
0.0000000000000000
0.0000000000000000
-0.0000000000005734
-0.0000000000010427
0.0000000000000000
-0.0000000000004219
0.0000000000000000
0.0000000000000000
-0.0000000000014880
-0.0000000000000042
-0.0000000000007941
-0.0000000000005849
-0.0000000000005648
-0.0000000000005654
0.0000000000000000
-0.0000000000005622
-0.0000000000011696
0.0000000000000000
-0.0000000000000029
-0.0000000000000026
0.0000000000000000
-0.0000000000006859
0.0000000000000000
-0.0000000000005734
0.0000000000000000
0.0000000000000000
0.0000000000000000
0.0000000000000000
-0.0000000000005574
-0.0000000000000035
-0.0000000000010139
-0.0000000000005731
0.0000000000000000
0.0000000000000000
-0.0000000000008877
0.0000000000000000
0.0000000000000000
-0.0000000000013496
0.0000000000000000
0.0000000000000000
0.0000000000000000
-0.0000000000000042
0.0000000000000000
0.0000000000000000
-0.0000000000000061
-0.0000000000005507
0.0000000000000000
-0.0000000000005657
-0.0000000000005750
0.0000000000000000
0.0000000000000000
-0.0000000000011946
0.0000000000000000
0.0000000000000000
0.0000000000000000
0.0000000000000000
-0.0000000000010241
-0.0000000000013945
-0.0000000000014053
-0.0000000000009242
-0.0000000000004584
-0.0000000000012067
0.0000000000000000
0.0000000000000000
0.0000000000000000
0.0000000000000000
0.0000000000000000
-0.0000000000012368
-0.0000000000005910
0.0000000000000000
-0.0000000000012516
-0.0000000000006352
0.0000000000000000
-0.0000000000007461
0.0000000000000000
-0.0000000000005792
-0.0000000000000381
-0.0000000000010581
-0.0000000000005904
-0.0000000000000061
0.0000000000000000
0.0000000000000000
0.0000000000000000
-0.0000000000005609
0.0000000000000000
0.0000000000000000
0.0000000000000000
-0.0000000000005651
-0.0000000000011010
-0.0000000000001233
0.0000000000000000
0.0000000000000000
-0.0000000000015181
0.0000000000000000
-0.0000000000005600
-0.0000000000001458
-0.0000000000000038
-0.0000000000005657
-0.0000000000000029
0.0000000000000000
-0.0000000000012304
0.0000000000000000
-0.0000000000004988
0.0000000000000000
-0.0000000000012362
0.0000000000000000
0.0000000000000000
0.0000000000000000
-0.0000000000006999
-0.0000000000005680
0.0000000000000000
0.0000000000000000
0.0000000000000000
0.0000000000000000
-0.0000000000000026
-0.0000000000002633
0.0000000000000000
-0.0000000000004068
-0.0000000000000016
0.0000000000000000
0.0000000000000000
-0.0000000000000022
0.0000000000000000
0.0000000000000000
0.0000000000000000
0.0000000000000000
-0.0000000000005757
-0.0000000000005686
0.0000000000000000
0.0000000000000000
-0.0000000000009761
0.0000000000000000
-0.0000000000005619
-0.0000000000006929
-0.0000000000007205
0.0000000000000000
0.0000000000000000
-0.0000000000005641
-0.0000000000009037
0.0000000000000000
0.0000000000000000
-0.0000000000000019
0.0000000000000000
-0.0000000000000064
0.0000000000000000
-0.0000000000005785
-0.0000000000000029
0.0000000000000000
0.0000000000000000
0.0000000000000000
0.0000000000000000
-0.0000000000013528
0.0000000000000000
-0.0000000000007262
0.0000000000000000
-0.0000000000005635
0.0000000000000000
-0.0000000000010805
0.0000000000000000
-0.0000000000006948
-0.0000000000009646
-0.0000000000013515
0.0000000000000000
-0.0000000000000029
-0.0000000000003783
-0.0000000000005683
-0.0000000000013297
-0.0000000000005910
0.0000000000000000
-0.0000000000014194
-0.0000000000014668
0.0000000000000000
-0.0000000000007224
-0.0000000000005667
-0.0000000000003918
-0.0000000000005324
-0.0000000000000045
-0.0000000000000026
-0.0000000000000026
-0.0000000000000074
-0.0000000000008736
-0.0000000000000042
0.0000000000000000
-0.0000000000006743
-0.0000000000002316
0.0000000000000000
0.0000000000000000
0.0000000000000000
-0.0000000000014015
-0.0000000000005497
0.0000000000000000
0.0000000000000000
-0.0000000000000064
0.0000000000000000
0.0000000000000000
-0.0000000000012907
-0.0000000000000026
-0.0000000000005699
0.0000000000000000
0.0000000000000000
-0.0000000000011222
-0.0000000000006455
-0.0000000000005805
0.0000000000000000
0.0000000000000000
-0.0000000000000016
0.0000000000000000
0.0000000000000000
-0.0000000000001060
0.0000000000000000
-0.0000000000011138
-0.0000000000005641
0.0000000000000000
0.0000000000000000
-0.0000000000000083
0.0000000000000000
0.0000000000000000
0.0000000000000000
-0.0000000000000016
-0.0000000000000035
0.0000000000000000
0.0000000000000000
-0.0000000000000042
-0.0000000000005481
-0.0000000000000019
-0.0000000000005558
0.0000000000000000
0.0000000000000000
-0.0000000000000035
-0.0000000000005753
-0.0000000000005910
0.0000000000000000
0.0000000000000000
0.0000000000000000
0.0000000000000000
-0.0000000000000022
-0.0000000000005689
0.0000000000000000
0.0000000000000000
0.0000000000000000
-0.0000000000015059
0.0000000000000000
-0.0000000000011510
0.0000000000000000
0.0000000000000000
-0.0000000000010581
-0.0000000000003248
0.0000000000000000
-0.0000000000000029
-0.0000000000010030
-0.0000000000013938
0.0000000000000000
-0.0000000000014976
-0.0000000000010318
-0.0000000000005686
0.0000000000000000
-0.0000000000000022
-0.0000000000000737
-0.0000000000005734
-0.0000000000003473
0.0000000000000000
-0.0000000000007256
0.0000000000000000
-0.0000000000000064
-0.0000000000002111
-0.0000000000005702
0.0000000000000000
0.0000000000000000
0.0000000000000000
-0.0000000000005619
-0.0000000000000500
-0.0000000000009434
-0.0000000000000029
-0.0000000000000099
0.0000000000000000
0.0000000000000000
-0.0000000000012522
-0.0000000000000029
0.0000000000000000
-0.0000000000014284
-0.0000000000000026
-0.0000000000005612
-0.0000000000005603
0.0000000000000000
-0.0000000000007339
0.0000000000000000
-0.0000000000003687
0.0000000000000000
-0.0000000000008025
0.0000000000000000
-0.0000000000002537
-0.0000000000005616
0.0000000000000000
0.0000000000000000
0.0000000000000000
0.0000000000000000
-0.0000000000000042
-0.0000000000009127
0.0000000000000000
0.0000000000000000
0.0000000000000000
-0.0000000000005792
-0.0000000000000074
0.0000000000000000
0.0000000000000000
0.0000000000000000
0.0000000000000000
0.0000000000000000
-0.0000000000005632
0.0000000000000000
0.0000000000000000
-0.0000000000009088
0.0000000000000000
-0.0000000000000115
0.0000000000000000
-0.0000000000012759
-0.0000000000014303
-0.0000000000005721
0.0000000000000000
-0.0000000000000038
0.0000000000000000
-0.0000000000009575
0.0000000000000000
0.0000000000000000
-0.0000000000005753
0.0000000000000000
0.0000000000000000
0.0000000000000000
0.0000000000000000
-0.0000000000005741
-0.0000000000000295
0.0000000000000000
-0.0000000000013502
0.0000000000000000
0.0000000000000000
-0.0000000000005853
-0.0000000000000016
0.0000000000000000
-0.0000000000000045
0.0000000000000000
0.0000000000000000
-0.0000000000000035
0.0000000000000000
0.0000000000000000
0.0000000000000000
0.0000000000000000
-0.0000000000005638
0.0000000000000000
0.0000000000000000
-0.0000000000000666
0.0000000000000000
-0.0000000000014611
-0.0000000000010017
-0.0000000000003902
0.0000000000000000
-0.0000000000015412
-0.0000000000005814
0.0000000000000000
0.0000000000000000
-0.0000000000006218
-0.0000000000010933
-0.0000000000001179
-0.0000000000000759
-0.0000000000000022
0.0000000000000000
-0.0000000000000022
0.0000000000000000
-0.0000000000007390
0.0000000000000000
-0.0000000000013804
0.0000000000000000
-0.0000000000013086
-0.0000000000000125
-0.0000000000004591
0.0000000000000000
0.0000000000000000
0.0000000000000000
0.0000000000000000
0.0000000000000000
-0.0000000000005638
-0.0000000000013112
-0.0000000000004869
0.0000000000000000
0.0000000000000000
-0.0000000000010286
0.0000000000000000
-0.0000000000010876
0.0000000000000000
0.0000000000000000
-0.0000000000000032
0.0000000000000000
-0.0000000000000035
0.0000000000000000
-0.0000000000000032
0.0000000000000000
0.0000000000000000
-0.0000000000006096
0.0000000000000000
0.0000000000000000
0.0000000000000000
0.0000000000000000
-0.0000000000005667
-0.0000000000005622
-0.0000000000003943
-0.0000000000000064
-0.0000000000004344
-0.0000000000007647
-0.0000000000005616
-0.0000000000001041
-0.0000000000005910
-0.0000000000008166
-0.0000000000005654
-0.0000000000006416
0.0000000000000000
0.0000000000000000
-0.0000000000005699
0.0000000000000000
-0.0000000000005766
0.0000000000000000
-0.0000000000000285
0.0000000000000000
-0.0000000000000064
0.0000000000000000
-0.0000000000006769
0.0000000000000000
0.0000000000000000
-0.0000000000000022
0.0000000000000000
-0.0000000000005782
0.0000000000000000
-0.0000000000000026
0.0000000000000000
-0.0000000000006474
0.0000000000000000
0.0000000000000000
0.0000000000000000
0.0000000000000000
-0.0000000000002246
0.0000000000000000
0.0000000000000000
0.0000000000000000
0.0000000000000000
-0.0000000000003095
0.0000000000000000
-0.0000000000012727
-0.0000000000000035
0.0000000000000000
0.0000000000000000
-0.0000000000005520
-0.0000000000012727
0.0000000000000000
0.0000000000000000
-0.0000000000007147
0.0000000000000000
-0.0000000000007832
-0.0000000000002492
-0.0000000000014066
0.0000000000000000
-0.0000000000000038
-0.0000000000005773
0.0000000000000000
-0.0000000000005616
-0.0000000000013515
0.0000000000000000
-0.0000000000000042
-0.0000000000000048
0.0000000000000000
0.0000000000000000
-0.0000000000009505
0.0000000000000000
-0.0000000000010715
-0.0000000000000090
0.0000000000000000
-0.0000000000014675
0.0000000000000000
-0.0000000000010184
0.0000000000000000
-0.0000000000000452
0.0000000000000000
0.0000000000000000
0.0000000000000000
0.0000000000000000
0.0000000000000000
-0.0000000000005763
0.0000000000000000
-0.0000000000007140
0.0000000000000000
-0.0000000000000022
-0.0000000000000051
-0.0000000000000029
0.0000000000000000
0.0000000000000000
0.0000000000000000
0.0000000000000000
0.0000000000000000
-0.0000000000007128
0.0000000000000000
-0.0000000000005910
-0.0000000000012112
-0.0000000000009754
-0.0000000000005875
-0.0000000000008082
-0.0000000000000042
-0.0000000000000038
0.0000000000000000
-0.0000000000000029
0.0000000000000000
0.0000000000000000
0.0000000000000000
0.0000000000000000
0.0000000000000000
0.0000000000000000
-0.0000000000005699
0.0000000000000000
-0.0000000000008512
-0.0000000000012605
-0.0000000000000019
-0.0000000000000022
-0.0000000000012067
-0.0000000000009248
0.0000000000000000
0.0000000000000000
0.0000000000000000
-0.0000000000014380
0.0000000000000000
0.0000000000000000
0.0000000000000000
0.0000000000000000
-0.0000000000005766
-0.0000000000000042
0.0000000000000000
0.0000000000000000
0.0000000000000000
-0.0000000000005680
0.0000000000000000
-0.0000000000011561
-0.0000000000005769
0.0000000000000000
-0.0000000000011497
0.0000000000000000
-0.0000000000008422
-0.0000000000000035
-0.0000000000000051
0.0000000000000000
-0.0000000000000032
0.0000000000000000
0.0000000000000000
-0.0000000000006352
-0.0000000000008185
0.0000000000000000
-0.0000000000008531
-0.0000000000009921
0.0000000000000000
-0.0000000000002355
-0.0000000000005910
-0.0000000000004523
0.0000000000000000
-0.0000000000000038
-0.0000000000008717
0.0000000000000000
-0.0000000000005715
0.0000000000000000
0.0000000000000000
0.0000000000000000
0.0000000000000000
-0.0000000000000256
-0.0000000000013938
-0.0000000000008198
-0.0000000000013919
0.0000000000000000
-0.0000000000000022
0.0000000000000000
-0.0000000000008902
0.0000000000000000
0.0000000000000000
-0.0000000000002258
-0.0000000000000051
-0.0000000000009498
0.0000000000000000
-0.0000000000005692
0.0000000000000000
-0.0000000000000029
0.0000000000000000
-0.0000000000000064
0.0000000000000000
0.0000000000000000
0.0000000000000000
-0.0000000000000032
0.0000000000000000
0.0000000000000000
-0.0000000000005721
0.0000000000000000
0.0000000000000000
0.0000000000000000
-0.0000000000000026
-0.0000000000001208
-0.0000000000005622
-0.0000000000015354
0.0000000000000000
-0.0000000000005833
0.0000000000000000
0.0000000000000000
0.0000000000000000
0.0000000000000000
0.0000000000000000
-0.0000000000004940
-0.0000000000005600
-0.0000000000014431
0.0000000000000000
0.0000000000000000
0.0000000000000000
0.0000000000000000
-0.0000000000005910
-0.0000000000000042
-0.0000000000005548
0.0000000000000000
0.0000000000000000
0.0000000000000000
0.0000000000000000
0.0000000000000000
-0.0000000000000038
-0.0000000000005699
-0.0000000000008614
0.0000000000000000
0.0000000000000000
-0.0000000000000019
-0.0000000000004501
-0.0000000000000029
-0.0000000000000042
-0.0000000000007211
0.0000000000000000
-0.0000000000001739
0.0000000000000000
-0.0000000000000035
0.0000000000000000
-0.0000000000005782
0.0000000000000000
0.0000000000000000
-0.0000000000005590
-0.0000000000014316
0.0000000000000000
0.0000000000000000
0.0000000000000000
0.0000000000000000
-0.0000000000007877
0.0000000000000000
0.0000000000000000
-0.0000000000000022
0.0000000000000000
-0.0000000000000807
-0.0000000000000032
-0.0000000000013932
-0.0000000000011382
0.0000000000000000
-0.0000000000000045
-0.0000000000009075
0.0000000000000000
-0.0000000000000865
-0.0000000000010241
0.0000000000000000
0.0000000000000000
-0.0000000000014214
0.0000000000000000
0.0000000000000000
0.0000000000000000
0.0000000000000000
-0.0000000000005830
0.0000000000000000
0.0000000000000000
0.0000000000000000
0.0000000000000000
0.0000000000000000
0.0000000000000000
0.0000000000000000
0.0000000000000000
0.0000000000000000
-0.0000000000014803
0.0000000000000000
-0.0000000000010760
0.0000000000000000
-0.0000000000005660
-0.0000000000000035
0.0000000000000000
-0.0000000000003838
0.0000000000000000
-0.0000000000010869
-0.0000000000000061
0.0000000000000000
-0.0000000000005676
-0.0000000000005744
0.0000000000000000
0.0000000000000000
0.0000000000000000
-0.0000000000008813
-0.0000000000010389
-0.0000000000007326
0.0000000000000000
0.0000000000000000
0.0000000000000000
0.0000000000000000
-0.0000000000005407
-0.0000000000008230
0.0000000000000000
-0.0000000000015348
-0.0000000000000026
-0.0000000000013772
0.0000000000000000
0.0000000000000000
0.0000000000000000
-0.0000000000005593
0.0000000000000000
0.0000000000000000
-0.0000000000004879
-0.0000000000000029
0.0000000000000000
0.0000000000000000
0.0000000000000000
0.0000000000000000
0.0000000000000000
-0.0000000000008057
-0.0000000000014079
0.0000000000000000
0.0000000000000000
0.0000000000000000
0.0000000000000000
0.0000000000000000
0.0000000000000000
0.0000000000000000
0.0000000000000000
0.0000000000000000
-0.0000000000010446
-0.0000000000000026
-0.0000000000000029
-0.0000000000011177
-0.0000000000007531
0.0000000000000000
-0.0000000000003963
-0.0000000000005660
0.0000000000000000
-0.0000000000003466
0.0000000000000000
0.0000000000000000
-0.0000000000008415
-0.0000000000009300
0.0000000000000000
0.0000000000000000
0.0000000000000000
-0.0000000000014675
-0.0000000000000035
0.0000000000000000
-0.0000000000000061
-0.0000000000001019
0.0000000000000000
0.0000000000000000
-0.0000000000000119
-0.0000000000011074
-0.0000000000009735
0.0000000000000000
0.0000000000000000
0.0000000000000000
-0.0000000000000029
-0.0000000000011401
-0.0000000000000308
0.0000000000000000
0.0000000000000000
-0.0000000000000955
0.0000000000000000
-0.0000000000000042
-0.0000000000010107
0.0000000000000000
0.0000000000000000
-0.0000000000000042
0.0000000000000000
0.0000000000000000
0.0000000000000000
0.0000000000000000
0.0000000000000000
0.0000000000000000
-0.0000000000000035
-0.0000000000002729
0.0000000000000000
0.0000000000000000
-0.0000000000006871
-0.0000000000005712
0.0000000000000000
-0.0000000000004305
0.0000000000000000
-0.0000000000005757
0.0000000000000000
0.0000000000000000
0.0000000000000000
-0.0000000000000029
-0.0000000000007480
0.0000000000000000
0.0000000000000000
0.0000000000000000
-0.0000000000000029
-0.0000000000006192
-0.0000000000005596
0.0000000000000000
0.0000000000000000
0.0000000000000000
-0.0000000000000029
0.0000000000000000
0.0000000000000000
-0.0000000000004369
-0.0000000000003684
-0.0000000000010337
-0.0000000000005606
-0.0000000000015284
-0.0000000000005676
0.0000000000000000
0.0000000000000000
0.0000000000000000
-0.0000000000000490
-0.0000000000000022
-0.0000000000005692
0.0000000000000000
0.0000000000000000
-0.0000000000005657
-0.0000000000000096
0.0000000000000000
-0.0000000000003713
-0.0000000000006237
-0.0000000000005558
-0.0000000000002431
-0.0000000000005491
-0.0000000000000042
-0.0000000000007499
-0.0000000000013957
-0.0000000000008223
-0.0000000000008544
0.0000000000000000
0.0000000000000000
-0.0000000000014118
-0.0000000000003802
0.0000000000000000
-0.0000000000012029
-0.0000000000000083
0.0000000000000000
-0.0000000000000019
-0.0000000000001903
-0.0000000000009671
-0.0000000000004725
0.0000000000000000
0.0000000000000000
-0.0000000000015034
-0.0000000000010799
-0.0000000000014399
-0.0000000000003248
0.0000000000000000
-0.0000000000013829
-0.0000000000008396
-0.0000000000013720
-0.0000000000000026
0.0000000000000000
0.0000000000000000
0.0000000000000000
0.0000000000000000
0.0000000000000000
-0.0000000000005862
0.0000000000000000
0.0000000000000000
0.0000000000000000
0.0000000000000000
0.0000000000000000
0.0000000000000000
0.0000000000000000
0.0000000000000000
0.0000000000000000
0.0000000000000000
0.0000000000000000
0.0000000000000000
0.0000000000000000
-0.0000000000000026
-0.0000000000014976
-0.0000000000015232
-0.0000000000000029
-0.0000000000000038
0.0000000000000000
-0.0000000000005529
0.0000000000000000
-0.0000000000000038
-0.0000000000013009
-0.0000000000007896
-0.0000000000009280
0.0000000000000000
-0.0000000000005901
0.0000000000000000
0.0000000000000000
0.0000000000000000
0.0000000000000000
-0.0000000000013016
0.0000000000000000
0.0000000000000000
0.0000000000000000
0.0000000000000000
-0.0000000000004904
-0.0000000000005452
-0.0000000000000026
0.0000000000000000
0.0000000000000000
0.0000000000000000
0.0000000000000000
-0.0000000000000022
-0.0000000000005709
0.0000000000000000
-0.0000000000007595
-0.0000000000011536
-0.0000000000012445
0.0000000000000000
0.0000000000000000
-0.0000000000005753
-0.0000000000005568
-0.0000000000000061
0.0000000000000000
0.0000000000000000
-0.0000000000012855
0.0000000000000000
0.0000000000000000
-0.0000000000007685
0.0000000000000000
-0.0000000000013791
0.0000000000000000
0.0000000000000000
0.0000000000000000
0.0000000000000000
-0.0000000000005779
0.0000000000000000
-0.0000000000013509
-0.0000000000000695
-0.0000000000000035
-0.0000000000003261
-0.0000000000005692
0.0000000000000000
-0.0000000000000032
-0.0000000000000919
0.0000000000000000
-0.0000000000012605
-0.0000000000011766
-0.0000000000000077
0.0000000000000000
-0.0000000000012388
0.0000000000000000
0.0000000000000000
0.0000000000000000
0.0000000000000000
-0.0000000000005664
-0.0000000000000388
0.0000000000000000
-0.0000000000002954
-0.0000000000000022
0.0000000000000000
0.0000000000000000
0.0000000000000000
-0.0000000000005725
-0.0000000000015559
0.0000000000000000
0.0000000000000000
-0.0000000000010171
-0.0000000000005622
-0.0000000000011785
0.0000000000000000
0.0000000000000000
-0.0000000000011606
-0.0000000000000032
-0.0000000000011638
-0.0000000000005638
0.0000000000000000
-0.0000000000011222
0.0000000000000000
-0.0000000000003344
0.0000000000000000
-0.0000000000008922
0.0000000000000000
0.0000000000000000
-0.0000000000013041
0.0000000000000000
0.0000000000000000
-0.0000000000014150
0.0000000000000000
0.0000000000000000
0.0000000000000000
0.0000000000000000
0.0000000000000000
0.0000000000000000
-0.0000000000000048
-0.0000000000005266
-0.0000000000005881
-0.0000000000001403
-0.0000000000005801
0.0000000000000000
0.0000000000000000
-0.0000000000005058
0.0000000000000000
-0.0000000000003309
0.0000000000000000
-0.0000000000005792
-0.0000000000002950
0.0000000000000000
0.0000000000000000
0.0000000000000000
-0.0000000000000029
-0.0000000000005596
-0.0000000000000026
0.0000000000000000
-0.0000000000013240
0.0000000000000000
0.0000000000000000
-0.0000000000008204
0.0000000000000000
-0.0000000000000035
-0.0000000000000029
0.0000000000000000
-0.0000000000005552
0.0000000000000000
-0.0000000000005673
0.0000000000000000
0.0000000000000000
-0.0000000000005753
-0.0000000000000026
-0.0000000000000016
0.0000000000000000
-0.0000000000000029
-0.0000000000015252
0.0000000000000000
0.0000000000000000
0.0000000000000000
0.0000000000000000
-0.0000000000013797
0.0000000000000000
-0.0000000000005648
0.0000000000000000
-0.0000000000005894
-0.0000000000009716
0.0000000000000000
-0.0000000000010651
0.0000000000000000
-0.0000000000015533
-0.0000000000010536
0.0000000000000000
-0.0000000000005587
0.0000000000000000
0.0000000000000000
0.0000000000000000
0.0000000000000000
0.0000000000000000
-0.0000000000005705
-0.0000000000004225
0.0000000000000000
-0.0000000000005737
-0.0000000000008800
-0.0000000000011049
0.0000000000000000
0.0000000000000000
-0.0000000000012977
-0.0000000000000042
0.0000000000000000
-0.0000000000010235
0.0000000000000000
-0.0000000000010293
-0.0000000000000247
0.0000000000000000
0.0000000000000000
-0.0000000000005699
0.0000000000000000
0.0000000000000000
0.0000000000000000
0.0000000000000000
-0.0000000000000051
-0.0000000000002774
-0.0000000000005676
-0.0000000000004216
-0.0000000000005625
0.0000000000000000
-0.0000000000001759
0.0000000000000000
0.0000000000000000
-0.0000000000003851
0.0000000000000000
0.0000000000000000
0.0000000000000000
0.0000000000000000
-0.0000000000011766
0.0000000000000000
-0.0000000000008608
-0.0000000000011734
0.0000000000000000
0.0000000000000000
0.0000000000000000
0.0000000000000000
0.0000000000000000
0.0000000000000000
-0.0000000000000035
0.0000000000000000
-0.0000000000001070
-0.0000000000000080
0.0000000000000000
0.0000000000000000
0.0000000000000000
0.0000000000000000
-0.0000000000014143
-0.0000000000008806
-0.0000000000000042
0.0000000000000000
0.0000000000000000
-0.0000000000008262
0.0000000000000000
0.0000000000000000
-0.0000000000013099
0.0000000000000000
0.0000000000000000
-0.0000000000011260
-0.0000000000003972
0.0000000000000000
-0.0000000000005347
0.0000000000000000
0.0000000000000000
0.0000000000000000
-0.0000000000000032
-0.0000000000006935
0.0000000000000000
0.0000000000000000
0.0000000000000000
-0.0000000000007659
-0.0000000000013099
-0.0000000000005587
-0.0000000000010145
-0.0000000000012951
0.0000000000000000
0.0000000000000000
-0.0000000000005792
0.0000000000000000
0.0000000000000000
0.0000000000000000
0.0000000000000000
0.0000000000000000
-0.0000000000015706
-0.0000000000004578
0.0000000000000000
-0.0000000000000439
0.0000000000000000
-0.0000000000000042
0.0000000000000000
0.0000000000000000
-0.0000000000004555
0.0000000000000000
0.0000000000000000
-0.0000000000000029
0.0000000000000000
-0.0000000000003255
-0.0000000000005363
-0.0000000000005218
-0.0000000000011721
-0.0000000000002159
-0.0000000000005116
-0.0000000000010126
-0.0000000000007884
0.0000000000000000
-0.0000000000012541
0.0000000000000000
0.0000000000000000
-0.0000000000010152
0.0000000000000000
0.0000000000000000
0.0000000000000000
0.0000000000000000
-0.0000000000005644
0.0000000000000000
-0.0000000000000884
-0.0000000000010767
-0.0000000000000029
-0.0000000000005667
0.0000000000000000
-0.0000000000000038
0.0000000000000000
0.0000000000000000
0.0000000000000000
0.0000000000000000
0.0000000000000000
-0.0000000000000035
-0.0000000000005692
-0.0000000000000410
-0.0000000000014950
0.0000000000000000
-0.0000000000008210
-0.0000000000008986
0.0000000000000000
0.0000000000000000
-0.0000000000001429
0.0000000000000000
0.0000000000000000
0.0000000000000000
0.0000000000000000
-0.0000000000005910
0.0000000000000000
-0.0000000000015501
0.0000000000000000
0.0000000000000000
0.0000000000000000
0.0000000000000000
0.0000000000000000
0.0000000000000000
0.0000000000000000
0.0000000000000000
-0.0000000000005632
0.0000000000000000
0.0000000000000000
0.0000000000000000
-0.0000000000010607
0.0000000000000000
0.0000000000000000
0.0000000000000000
-0.0000000000009902
-0.0000000000005628
0.0000000000000000
-0.0000000000004062
0.0000000000000000
-0.0000000000000019
-0.0000000000000022
0.0000000000000000
0.0000000000000000
-0.0000000000010523
-0.0000000000004110
-0.0000000000005709
-0.0000000000012868
0.0000000000000000
0.0000000000000000
-0.0000000000005638
-0.0000000000015392
0.0000000000000000
-0.0000000000013605
-0.0000000000005779
-0.0000000000005763
-0.0000000000011773
-0.0000000000005545
-0.0000000000005664
-0.0000000000011113
-0.0000000000010337
0.0000000000000000
0.0000000000000000
-0.0000000000000426
0.0000000000000000
-0.0000000000009979
-0.0000000000000042
0.0000000000000000
0.0000000000000000
-0.0000000000010901
-0.0000000000000045
0.0000000000000000
0.0000000000000000
-0.0000000000001140
-0.0000000000000032
-0.0000000000011279
-0.0000000000010645
-0.0000000000005523
-0.0000000000000029
0.0000000000000000
0.0000000000000000
0.0000000000000000
-0.0000000000000497
-0.0000000000005616
0.0000000000000000
0.0000000000000000
0.0000000000000000
0.0000000000000000
-0.0000000000000679
0.0000000000000000
-0.0000000000005757
0.0000000000000000
-0.0000000000011247
0.0000000000000000
-0.0000000000000026
-0.0000000000000058
-0.0000000000015207
0.0000000000000000
0.0000000000000000
-0.0000000000005481
-0.0000000000000682
0.0000000000000000
0.0000000000000000
-0.0000000000006487
-0.0000000000005923
-0.0000000000005657
0.0000000000000000
-0.0000000000005580
0.0000000000000000
0.0000000000000000
-0.0000000000012804
-0.0000000000000042
0.0000000000000000
-0.0000000000004699
0.0000000000000000
0.0000000000000000
-0.0000000000000032
0.0000000000000000
-0.0000000000005552
0.0000000000000000
0.0000000000000000
-0.0000000000000032
-0.0000000000006064
0.0000000000000000
0.0000000000000000
-0.0000000000003895
-0.0000000000011497
-0.0000000000003095
-0.0000000000014079
-0.0000000000011984
-0.0000000000009819
-0.0000000000004959
0.0000000000000000
0.0000000000000000
0.0000000000000000
-0.0000000000005830
0.0000000000000000
0.0000000000000000
-0.0000000000005744
-0.0000000000000045
0.0000000000000000
-0.0000000000005865
0.0000000000000000
-0.0000000000000035
0.0000000000000000
0.0000000000000000
0.0000000000000000
0.0000000000000000
0.0000000000000000
0.0000000000000000
0.0000000000000000
0.0000000000000000
0.0000000000000000
-0.0000000000005065
0.0000000000000000
-0.0000000000002095
0.0000000000000000
0.0000000000000000
0.0000000000000000
0.0000000000000000
0.0000000000000000
0.0000000000000000
-0.0000000000004478
-0.0000000000008736
-0.0000000000005981
0.0000000000000000
0.0000000000000000
-0.0000000000010286
0.0000000000000000
0.0000000000000000
-0.0000000000000026
-0.0000000000009767
-0.0000000000000022
0.0000000000000000
-0.0000000000013791
0.0000000000000000
-0.0000000000001393
-0.0000000000015008
-0.0000000000005660
0.0000000000000000
-0.0000000000006897
-0.0000000000000093
0.0000000000000000
-0.0000000000010094
-0.0000000000005840
-0.0000000000004930
-0.0000000000005282
0.0000000000000000
-0.0000000000011600
-0.0000000000005459
0.0000000000000000
0.0000000000000000
-0.0000000000000029
-0.0000000000003892
0.0000000000000000
-0.0000000000012977
-0.0000000000005865
-0.0000000000003620
-0.0000000000008518
0.0000000000000000
0.0000000000000000
0.0000000000000000
0.0000000000000000
0.0000000000000000
0.0000000000000000
-0.0000000000005737
0.0000000000000000
-0.0000000000000026
-0.0000000000000019
-0.0000000000013432
-0.0000000000011029
-0.0000000000000843
0.0000000000000000
0.0000000000000000
-0.0000000000004180
0.0000000000000000
-0.0000000000008326
-0.0000000000008761
0.0000000000000000
0.0000000000000000
0.0000000000000000
-0.0000000000005776
-0.0000000000005910
0.0000000000000000
-0.0000000000003835
-0.0000000000002499
-0.0000000000006641
0.0000000000000000
0.0000000000000000
-0.0000000000000093
0.0000000000000000
0.0000000000000000
-0.0000000000013169
-0.0000000000007051
-0.0000000000010164
-0.0000000000001256
-0.0000000000001131
0.0000000000000000
0.0000000000000000
-0.0000000000000820
-0.0000000000014950
0.0000000000000000
-0.0000000000010389
-0.0000000000015252
0.0000000000000000
0.0000000000000000
0.0000000000000000
0.0000000000000000
-0.0000000000007544
-0.0000000000000026
-0.0000000000005625
-0.0000000000001365
0.0000000000000000
0.0000000000000000
0.0000000000000000
-0.0000000000006237
-0.0000000000000061
0.0000000000000000
0.0000000000000000
-0.0000000000008697
0.0000000000000000
0.0000000000000000
0.0000000000000000
0.0000000000000000
-0.0000000000005910
-0.0000000000015655
-0.0000000000006705
-0.0000000000005853
-0.0000000000005648
-0.0000000000009966
-0.0000000000013278
0.0000000000000000
-0.0000000000001800
-0.0000000000005478
-0.0000000000000096
-0.0000000000006577
-0.0000000000013458
0.0000000000000000
-0.0000000000013182
-0.0000000000008108
0.0000000000000000
0.0000000000000000
0.0000000000000000
-0.0000000000000083
-0.0000000000005721
0.0000000000000000
-0.0000000000006814
0.0000000000000000
-0.0000000000004783
-0.0000000000010376
0.0000000000000000
0.0000000000000000
0.0000000000000000
-0.0000000000011811
0.0000000000000000
0.0000000000000000
-0.0000000000012202
0.0000000000000000
0.0000000000000000
-0.0000000000007948
-0.0000000000011439
-0.0000000000007531
-0.0000000000006263
-0.0000000000015303
-0.0000000000000086
0.0000000000000000
0.0000000000000000
0.0000000000000000
0.0000000000000000
-0.0000000000000029
-0.0000000000000019
0.0000000000000000
-0.0000000000005667
-0.0000000000005651
-0.0000000000003280
0.0000000000000000
0.0000000000000000
-0.0000000000003540
-0.0000000000000026
0.0000000000000000
0.0000000000000000
-0.0000000000014893
0.0000000000000000
-0.0000000000005497
-0.0000000000015533
-0.0000000000012368
-0.0000000000013720
0.0000000000000000
0.0000000000000000
-0.0000000000010062
-0.0000000000005676
-0.0000000000001192
0.0000000000000000
0.0000000000000000
0.0000000000000000
-0.0000000000005558
-0.0000000000009235
0.0000000000000000
-0.0000000000000192
0.0000000000000000
0.0000000000000000
0.0000000000000000
0.0000000000000000
0.0000000000000000
-0.0000000000000019
0.0000000000000000
-0.0000000000005910
0.0000000000000000
-0.0000000000000042
0.0000000000000000
0.0000000000000000
0.0000000000000000
-0.0000000000002287
-0.0000000000005657
0.0000000000000000
-0.0000000000004812
0.0000000000000000
0.0000000000000000
0.0000000000000000
0.0000000000000000
-0.0000000000003934
-0.0000000000011196
0.0000000000000000
-0.0000000000005600
-0.0000000000005737
-0.0000000000005654
-0.0000000000007704
0.0000000000000000
0.0000000000000000
0.0000000000000000
0.0000000000000000
-0.0000000000005830
-0.0000000000006237
0.0000000000000000
0.0000000000000000
-0.0000000000005183
0.0000000000000000
-0.0000000000009665
-0.0000000000005616
0.0000000000000000
-0.0000000000005782
-0.0000000000000119
0.0000000000000000
-0.0000000000003418
-0.0000000000014688
0.0000000000000000
-0.0000000000000096
-0.0000000000014829
0.0000000000000000
0.0000000000000000
-0.0000000000005715
-0.0000000000000026
0.0000000000000000
-0.0000000000010145
-0.0000000000000067
0.0000000000000000
0.0000000000000000
-0.0000000000005587
-0.0000000000011741
0.0000000000000000
0.0000000000000000
-0.0000000000005670
-0.0000000000014816
-0.0000000000008576
0.0000000000000000
0.0000000000000000
-0.0000000000011234
0.0000000000000000
-0.0000000000014124
-0.0000000000005657
-0.0000000000000035
0.0000000000000000
-0.0000000000000042
0.0000000000000000
-0.0000000000012561
-0.0000000000005753
-0.0000000000000019
0.0000000000000000
0.0000000000000000
-0.0000000000005612
0.0000000000000000
0.0000000000000000
0.0000000000000000
0.0000000000000000
0.0000000000000000
-0.0000000000015181
-0.0000000000008319
0.0000000000000000
0.0000000000000000
0.0000000000000000
0.0000000000000000
0.0000000000000000
-0.0000000000010068
0.0000000000000000
0.0000000000000000
0.0000000000000000
-0.0000000000006186
-0.0000000000003447
0.0000000000000000
-0.0000000000014015
-0.0000000000010363
0.0000000000000000
-0.0000000000000042
-0.0000000000005805
0.0000000000000000
0.0000000000000000
0.0000000000000000
-0.0000000000006762
-0.0000000000005715
0.0000000000000000
0.0000000000000000
-0.0000000000010414
0.0000000000000000
0.0000000000000000
0.0000000000000000
-0.0000000000000022
0.0000000000000000
0.0000000000000000
0.0000000000000000
0.0000000000000000
0.0000000000000000
0.0000000000000000
0.0000000000000000
-0.0000000000005801
0.0000000000000000
-0.0000000000005494
0.0000000000000000
0.0000000000000000
0.0000000000000000
0.0000000000000000
0.0000000000000000
0.0000000000000000
0.0000000000000000
-0.0000000000007659
-0.0000000000008153
-0.0000000000007788
-0.0000000000000304
-0.0000000000005587
-0.0000000000005052
0.0000000000000000
-0.0000000000015079
0.0000000000000000
-0.0000000000013477
-0.0000000000000670
0.0000000000000000
0.0000000000000000
0.0000000000000000
-0.0000000000000029
-0.0000000000000042
-0.0000000000005907
-0.0000000000005910
0.0000000000000000
0.0000000000000000
-0.0000000000008890
-0.0000000000005638
-0.0000000000006628
-0.0000000000008537
-0.0000000000004882
-0.0000000000014303
0.0000000000000000
-0.0000000000001150
0.0000000000000000
-0.0000000000005600
0.0000000000000000
-0.0000000000005654
-0.0000000000000996
0.0000000000000000
-0.0000000000014893
-0.0000000000014252
-0.0000000000005116
-0.0000000000000026
0.0000000000000000
-0.0000000000005702
-0.0000000000008133
0.0000000000000000
0.0000000000000000
0.0000000000000000
0.0000000000000000
-0.0000000000000032
-0.0000000000000042
-0.0000000000004402
-0.0000000000012234
-0.0000000000005696
-0.0000000000005622
-0.0000000000015258
-0.0000000000000035
-0.0000000000005885
-0.0000000000000061
0.0000000000000000
0.0000000000000000
0.0000000000000000
0.0000000000000000
-0.0000000000000029
0.0000000000000000
-0.0000000000010229
0.0000000000000000
0.0000000000000000
0.0000000000000000
0.0000000000000000
0.0000000000000000
0.0000000000000000
-0.0000000000005773
0.0000000000000000
0.0000000000000000
0.0000000000000000
0.0000000000000000
-0.0000000000015066
-0.0000000000000721
-0.0000000000000032
-0.0000000000005683
0.0000000000000000
0.0000000000000000
0.0000000000000000
-0.0000000000000035
-0.0000000000012811
-0.0000000000000013
0.0000000000000000
0.0000000000000000
0.0000000000000000
-0.0000000000004719
-0.0000000000000019
-0.0000000000011145
0.0000000000000000
-0.0000000000005648
0.0000000000000000
-0.0000000000013797
0.0000000000000000
0.0000000000000000
0.0000000000000000
0.0000000000000000
0.0000000000000000
0.0000000000000000
-0.0000000000000064
-0.0000000000000026
-0.0000000000000042
-0.0000000000009556
-0.0000000000000022
0.0000000000000000
0.0000000000000000
0.0000000000000000
-0.0000000000005744
0.0000000000000000
0.0000000000000000
0.0000000000000000
0.0000000000000000
0.0000000000000000
-0.0000000000002214
0.0000000000000000
0.0000000000000000
0.0000000000000000
-0.0000000000000016
0.0000000000000000
-0.0000000000011568
-0.0000000000000032
0.0000000000000000
-0.0000000000013874
-0.0000000000000019
0.0000000000000000
-0.0000000000000074
-0.0000000000000032
-0.0000000000000080
0.0000000000000000
0.0000000000000000
0.0000000000000000
-0.0000000000001461
0.0000000000000000
0.0000000000000000
0.0000000000000000
0.0000000000000000
0.0000000000000000
0.0000000000000000
-0.0000000000002989
0.0000000000000000
-0.0000000000003287
0.0000000000000000
0.0000000000000000
-0.0000000000005638
-0.0000000000000529
0.0000000000000000
0.0000000000000000
-0.0000000000006961
0.0000000000000000
0.0000000000000000
-0.0000000000005606
-0.0000000000005234
0.0000000000000000
0.0000000000000000
-0.0000000000005372
-0.0000000000013541
-0.0000000000000019
0.0000000000000000
0.0000000000000000
-0.0000000000005628
0.0000000000000000
0.0000000000000000
-0.0000000000000038
0.0000000000000000
-0.0000000000013285
0.0000000000000000
-0.0000000000007140
-0.0000000000000022
-0.0000000000009485
-0.0000000000000051
0.0000000000000000
-0.0000000000000035
-0.0000000000005612
0.0000000000000000
0.0000000000000000
-0.0000000000002841
0.0000000000000000
0.0000000000000000
0.0000000000000000
0.0000000000000000
-0.0000000000005596
0.0000000000000000
-0.0000000000011324
-0.0000000000005356
0.0000000000000000
0.0000000000000000
0.0000000000000000
0.0000000000000000
0.0000000000000000
-0.0000000000010696
-0.0000000000008678
0.0000000000000000
-0.0000000000001015
0.0000000000000000
0.0000000000000000
0.0000000000000000
0.0000000000000000
-0.0000000000005670
-0.0000000000000038
-0.0000000000005673
0.0000000000000000
0.0000000000000000
-0.0000000000009652
-0.0000000000015040
-0.0000000000013342
-0.0000000000010126
-0.0000000000011888
0.0000000000000000
-0.0000000000010645
0.0000000000000000
0.0000000000000000
-0.0000000000002566
0.0000000000000000
-0.0000000000005696
-0.0000000000000061
-0.0000000000006641
0.0000000000000000
-0.0000000000005648
-0.0000000000006654
-0.0000000000003453
0.0000000000000000
0.0000000000000000
0.0000000000000000
-0.0000000000014976
0.0000000000000000
-0.0000000000001486
-0.0000000000000045
0.0000000000000000
0.0000000000000000
0.0000000000000000
0.0000000000000000
-0.0000000000005715
0.0000000000000000
-0.0000000000013874
-0.0000000000005113
-0.0000000000009107
-0.0000000000003165
-0.0000000000014419
0.0000000000000000
0.0000000000000000
-0.0000000000013406
-0.0000000000005327
0.0000000000000000
0.0000000000000000
-0.0000000000000026
-0.0000000000000042
-0.0000000000010760
-0.0000000000000038
0.0000000000000000
0.0000000000000000
0.0000000000000000
0.0000000000000000
-0.0000000000007717
0.0000000000000000
0.0000000000000000
-0.0000000000003261
0.0000000000000000
-0.0000000000005507
-0.0000000000005702
0.0000000000000000
-0.0000000000013522
-0.0000000000007365
-0.0000000000010856
-0.0000000000010818
-0.0000000000013957
-0.0000000000012490
-0.0000000000003194
-0.0000000000008223
-0.0000000000000029
-0.0000000000001285
-0.0000000000006147
0.0000000000000000
0.0000000000000000
0.0000000000000000
-0.0000000000000301
-0.0000000000007499
-0.0000000000000026
0.0000000000000000
0.0000000000000000
0.0000000000000000
-0.0000000000008717
0.0000000000000000
-0.0000000000014899
0.0000000000000000
0.0000000000000000
-0.0000000000013739
-0.0000000000009120
0.0000000000000000
-0.0000000000008704
0.0000000000000000
0.0000000000000000
-0.0000000000005632
0.0000000000000000
0.0000000000000000
0.0000000000000000
0.0000000000000000
-0.0000000000012253
-0.0000000000013547
-0.0000000000003405
-0.0000000000013432
-0.0000000000014643
-0.0000000000005600
0.0000000000000000
-0.0000000000015258
0.0000000000000000
-0.0000000000007377
-0.0000000000000032
0.0000000000000000
0.0000000000000000
0.0000000000000000
0.0000000000000000
0.0000000000000000
0.0000000000000000
0.0000000000000000
0.0000000000000000
0.0000000000000000
0.0000000000000000
0.0000000000000000
-0.0000000000005052
0.0000000000000000
0.0000000000000000
-0.0000000000000093
-0.0000000000011427
0.0000000000000000
0.0000000000000000
-0.0000000000015540
0.0000000000000000
-0.0000000000001618
-0.0000000000002656
0.0000000000000000
-0.0000000000005660
0.0000000000000000
-0.0000000000005709
-0.0000000000013528
0.0000000000000000
-0.0000000000000042
-0.0000000000015219
-0.0000000000010421
-0.0000000000005721
0.0000000000000000
0.0000000000000000
0.0000000000000000
-0.0000000000001768
-0.0000000000005801
-0.0000000000000019
0.0000000000000000
0.0000000000000000
0.0000000000000000
-0.0000000000012554
0.0000000000000000
0.0000000000000000
-0.0000000000005670
0.0000000000000000
-0.0000000000003440
-0.0000000000005705
0.0000000000000000
-0.0000000000013624
-0.0000000000008127
-0.0000000000014701
-0.0000000000000022
0.0000000000000000
-0.0000000000006846
-0.0000000000008627
0.0000000000000000
0.0000000000000000
0.0000000000000000
0.0000000000000000
-0.0000000000011901
0.0000000000000000
-0.0000000000000468
0.0000000000000000
-0.0000000000000032
0.0000000000000000
0.0000000000000000
0.0000000000000000
-0.0000000000000141
-0.0000000000000029
-0.0000000000002281
-0.0000000000010024
-0.0000000000010959
-0.0000000000014566
-0.0000000000008479
0.0000000000000000
-0.0000000000014021
0.0000000000000000
-0.0000000000006577
-0.0000000000004254
0.0000000000000000
0.0000000000000000
0.0000000000000000
0.0000000000000000
-0.0000000000000042
-0.0000000000005632
-0.0000000000001006
0.0000000000000000
-0.0000000000014720
-0.0000000000012625
0.0000000000000000
0.0000000000000000
0.0000000000000000
-0.0000000000004629
0.0000000000000000
-0.0000000000011132
-0.0000000000012689
0.0000000000000000
0.0000000000000000
-0.0000000000010081
0.0000000000000000
-0.0000000000014425
0.0000000000000000
0.0000000000000000
-0.0000000000005648
0.0000000000000000
0.0000000000000000
-0.0000000000000048
0.0000000000000000
-0.0000000000011228
-0.0000000000000173
-0.0000000000002774
0.0000000000000000
-0.0000000000003037
-0.0000000000005785
-0.0000000000003732
-0.0000000000005789
-0.0000000000000029
-0.0000000000000826
0.0000000000000000
-0.0000000000005625
0.0000000000000000
0.0000000000000000
-0.0000000000008172
0.0000000000000000
0.0000000000000000
-0.0000000000009235
-0.0000000000009581
-0.0000000000003111
-0.0000000000005622
0.0000000000000000
0.0000000000000000
0.0000000000000000
0.0000000000000000
0.0000000000000000
-0.0000000000011709
-0.0000000000000042
0.0000000000000000
-0.0000000000000026
0.0000000000000000
0.0000000000000000
-0.0000000000000029
-0.0000000000000022
0.0000000000000000
0.0000000000000000
-0.0000000000005676
0.0000000000000000
0.0000000000000000
-0.0000000000000016
-0.0000000000005910
0.0000000000000000
-0.0000000000008230
0.0000000000000000
0.0000000000000000
0.0000000000000000
0.0000000000000000
-0.0000000000003943
-0.0000000000010267
0.0000000000000000
0.0000000000000000
0.0000000000000000
-0.0000000000005561
-0.0000000000000029
-0.0000000000005568
0.0000000000000000
-0.0000000000003620
0.0000000000000000
0.0000000000000000
-0.0000000000000029
-0.0000000000014931
0.0000000000000000
-0.0000000000000099
-0.0000000000010030
0.0000000000000000
0.0000000000000000
-0.0000000000000064
-0.0000000000005680
0.0000000000000000
0.0000000000000000
-0.0000000000006775
-0.0000000000015252
0.0000000000000000
-0.0000000000005699
-0.0000000000001419
-0.0000000000005766
0.0000000000000000
-0.0000000000015642
0.0000000000000000
0.0000000000000000
0.0000000000000000
0.0000000000000000
-0.0000000000014912
0.0000000000000000
-0.0000000000000038
0.0000000000000000
-0.0000000000000029
-0.0000000000000038
0.0000000000000000
0.0000000000000000
0.0000000000000000
0.0000000000000000
-0.0000000000006602
0.0000000000000000
-0.0000000000000026
-0.0000000000000054
-0.0000000000012260
0.0000000000000000
-0.0000000000000032
-0.0000000000011811
0.0000000000000000
0.0000000000000000
0.0000000000000000
-0.0000000000000013
-0.0000000000010856
0.0000000000000000
0.0000000000000000
0.0000000000000000
-0.0000000000002294
-0.0000000000008364
-0.0000000000005318
0.0000000000000000
-0.0000000000008633
-0.0000000000003171
0.0000000000000000
0.0000000000000000
-0.0000000000012490
-0.0000000000000019
0.0000000000000000
-0.0000000000013861
-0.0000000000002249
-0.0000000000013977
0.0000000000000000
-0.0000000000005715
-0.0000000000000045
-0.0000000000013695
-0.0000000000000042
0.0000000000000000
-0.0000000000000022
0.0000000000000000
-0.0000000000005910
0.0000000000000000
-0.0000000000007096
0.0000000000000000
0.0000000000000000
0.0000000000000000
-0.0000000000013310
-0.0000000000005657
-0.0000000000003348
0.0000000000000000
-0.0000000000005910
-0.0000000000000029
0.0000000000000000
-0.0000000000000026
0.0000000000000000
-0.0000000000005696
0.0000000000000000
-0.0000000000000109
0.0000000000000000
-0.0000000000009274
-0.0000000000000026
-0.0000000000005206
-0.0000000000005622
-0.0000000000000019
-0.0000000000005664
0.0000000000000000
0.0000000000000000
0.0000000000000000
0.0000000000000000
0.0000000000000000
0.0000000000000000
0.0000000000000000
0.0000000000000000
0.0000000000000000
0.0000000000000000
-0.0000000000005632
0.0000000000000000
-0.0000000000000032
-0.0000000000014201
-0.0000000000012221
0.0000000000000000
0.0000000000000000
0.0000000000000000
-0.0000000000011997
0.0000000000000000
0.0000000000000000
0.0000000000000000
0.0000000000000000
0.0000000000000000
-0.0000000000005757
0.0000000000000000
-0.0000000000007435
-0.0000000000013977
-0.0000000000003280
0.0000000000000000
-0.0000000000005744
0.0000000000000000
-0.0000000000000026
-0.0000000000005878
-0.0000000000000032
-0.0000000000005596
0.0000000000000000
-0.0000000000014976
0.0000000000000000
0.0000000000000000
-0.0000000000005709
0.0000000000000000
-0.0000000000005664
-0.0000000000003351
0.0000000000000000
0.0000000000000000
-0.0000000000007948
-0.0000000000011926
-0.0000000000000042
-0.0000000000000042
0.0000000000000000
0.0000000000000000
-0.0000000000000074
-0.0000000000000503
-0.0000000000000135
-0.0000000000005737
-0.0000000000005696
0.0000000000000000
-0.0000000000015501
-0.0000000000003178
0.0000000000000000
0.0000000000000000
-0.0000000000012778
0.0000000000000000
0.0000000000000000
-0.0000000000006903
-0.0000000000000038
0.0000000000000000
0.0000000000000000
-0.0000000000007781
-0.0000000000000224
-0.0000000000006269
-0.0000000000013509
0.0000000000000000
-0.0000000000000019
0.0000000000000000
0.0000000000000000
-0.0000000000000128
0.0000000000000000
0.0000000000000000
-0.0000000000000026
-0.0000000000010536
0.0000000000000000
-0.0000000000005654
0.0000000000000000
0.0000000000000000
0.0000000000000000
0.0000000000000000
0.0000000000000000
0.0000000000000000
-0.0000000000005750
0.0000000000000000
-0.0000000000003979
-0.0000000000000038
-0.0000000000010171
-0.0000000000001695
0.0000000000000000
-0.0000000000003844
0.0000000000000000
0.0000000000000000
0.0000000000000000
0.0000000000000000
0.0000000000000000
0.0000000000000000
-0.0000000000010664
0.0000000000000000
-0.0000000000000154
-0.0000000000005731
0.0000000000000000
0.0000000000000000
-0.0000000000002114
-0.0000000000008627
-0.0000000000014431
-0.0000000000000026
-0.0000000000009812
0.0000000000000000
-0.0000000000010164
0.0000000000000000
0.0000000000000000
-0.0000000000000022
0.0000000000000000
0.0000000000000000
-0.0000000000001659
-0.0000000000000032
0.0000000000000000
-0.0000000000013105
0.0000000000000000
-0.0000000000005561
-0.0000000000005875
-0.0000000000008025
-0.0000000000005539
0.0000000000000000
-0.0000000000000032
-0.0000000000000042
-0.0000000000005878
-0.0000000000014182
-0.0000000000005776
-0.0000000000005994
-0.0000000000005696
-0.0000000000005619
-0.0000000000014502
-0.0000000000005737
-0.0000000000000016
-0.0000000000002335
-0.0000000000012964
-0.0000000000005696
-0.0000000000015296
-0.0000000000002925
-0.0000000000005670
-0.0000000000010305
-0.0000000000000897
-0.0000000000003444
-0.0000000000005692
-0.0000000000005696
-0.0000000000006577
-0.0000000000005705
-0.0000000000011529
-0.0000000000000910
-0.0000000000005500
-0.0000000000005718
-0.0000000000005055
-0.0000000000005462
-0.0000000000006276
-0.0000000000005487
-0.0000000000005705
-0.0000000000008364
-0.0000000000005443
-0.0000000000006237
-0.0000000000009120
0.0000000000000000
-0.0000000000001970
0.0000000000000000
-0.0000000000012644
-0.0000000000009075
0.0000000000000000
-0.0000000000005692
-0.0000000000005539
-0.0000000000007275
-0.0000000000005692
-0.0000000000000032
-0.0000000000005789
-0.0000000000006513
-0.0000000000000032
-0.0000000000005651
-0.0000000000007051
0.0000000000000000
-0.0000000000011202
0.0000000000000000
-0.0000000000005686
-0.0000000000008409
-0.0000000000013823
-0.0000000000005619
-0.0000000000008441
-0.0000000000000356
-0.0000000000005782
-0.0000000000013246
-0.0000000000005773
-0.0000000000001121
-0.0000000000005363
-0.0000000000000026
-0.0000000000000042
-0.0000000000005628
-0.0000000000005145
-0.0000000000005497
-0.0000000000005606
0.0000000000000000
0.0000000000000000
-0.0000000000009364
-0.0000000000005648
-0.0000000000000436
-0.0000000000005910
-0.0000000000000042
-0.0000000000005702
-0.0000000000015002
-0.0000000000005683
0.0000000000000000
-0.0000000000000038
-0.0000000000005910
-0.0000000000011010
-0.0000000000005801
0.0000000000000000
-0.0000000000005811
-0.0000000000000022
-0.0000000000005664
-0.0000000000011548
0.0000000000000000
-0.0000000000005817
-0.0000000000005462
0.0000000000000000
-0.0000000000000022
-0.0000000000013746
-0.0000000000000042
-0.0000000000005564
-0.0000000000005718
-0.0000000000000042
-0.0000000000002502
-0.0000000000005571
-0.0000000000008242
-0.0000000000005052
-0.0000000000005692
-0.0000000000005638
-0.0000000000006077
-0.0000000000008781
-0.0000000000009280
0.0000000000000000
-0.0000000000000045
-0.0000000000009210
-0.0000000000005734
-0.0000000000005721
-0.0000000000005750
-0.0000000000005731
-0.0000000000005725
-0.0000000000006288
-0.0000000000001192
-0.0000000000011926
-0.0000000000010305
-0.0000000000005564
-0.0000000000005734
0.0000000000000000
-0.0000000000013131
0.0000000000000000
0.0000000000000000
-0.0000000000000042
-0.0000000000005596
0.0000000000000000
0.0000000000000000
-0.0000000000008198
-0.0000000000000343
-0.0000000000005648
-0.0000000000000042
-0.0000000000005789
-0.0000000000005910
-0.0000000000012336
-0.0000000000005837
-0.0000000000000032
-0.0000000000005712
-0.0000000000000042
-0.0000000000004398
-0.0000000000007076
-0.0000000000000051
-0.0000000000008588
-0.0000000000007371
-0.0000000000009139
-0.0000000000005853
-0.0000000000008569
0.0000000000000000
-0.0000000000005587
-0.0000000000000935
-0.0000000000000051
-0.0000000000014982
0.0000000000000000
-0.0000000000005721
-0.0000000000003392
0.0000000000000000
0.0000000000000000
0.0000000000000000
0.0000000000000000
-0.0000000000014169
-0.0000000000006654
-0.0000000000002435
0.0000000000000000
-0.0000000000003415
-0.0000000000005552
-0.0000000000005712
-0.0000000000014733
-0.0000000000005744
-0.0000000000011305
-0.0000000000003969
-0.0000000000009011
-0.0000000000014912
-0.0000000000005593
-0.0000000000005773
-0.0000000000000042
-0.0000000000000042
-0.0000000000005648
-0.0000000000005702
-0.0000000000005763
-0.0000000000000026
0.0000000000000000
0.0000000000000000
-0.0000000000005651
-0.0000000000005715
-0.0000000000015040
0.0000000000000000
0.0000000000000000
0.0000000000000000
-0.0000000000012157
0.0000000000000000
-0.0000000000005568
-0.0000000000000042
-0.0000000000005590
-0.0000000000005734
-0.0000000000011625
0.0000000000000000
-0.0000000000009979
0.0000000000000000
-0.0000000000005840
-0.0000000000013214
-0.0000000000011843
-0.0000000000011049
0.0000000000000000
-0.0000000000008691
-0.0000000000005692
0.0000000000000000
-0.0000000000007429
0.0000000000000000
-0.0000000000005635
0.0000000000000000
0.0000000000000000
0.0000000000000000
0.0000000000000000
0.0000000000000000
-0.0000000000007595
0.0000000000000000
0.0000000000000000
-0.0000000000005763
-0.0000000000009710
0.0000000000000000
-0.0000000000005635
-0.0000000000005696
-0.0000000000005910
-0.0000000000000119
-0.0000000000011542
0.0000000000000000
0.0000000000000000
-0.0000000000000051
-0.0000000000005641
-0.0000000000011331
-0.0000000000005606
-0.0000000000002688
-0.0000000000005741
-0.0000000000000045
-0.0000000000005587
-0.0000000000004888
-0.0000000000005737
0.0000000000000000
-0.0000000000005779
-0.0000000000004962
-0.0000000000013912
-0.0000000000000026
-0.0000000000000586
0.0000000000000000
-0.0000000000011369
-0.0000000000005596
0.0000000000000000
-0.0000000000000022
-0.0000000000009825
-0.0000000000005545
0.0000000000000000
-0.0000000000000019
0.0000000000000000
0.0000000000000000
0.0000000000000000
-0.0000000000004043
0.0000000000000000
-0.0000000000007377
-0.0000000000005638
-0.0000000000013137
-0.0000000000005500
-0.0000000000005632
-0.0000000000000032
0.0000000000000000
-0.0000000000001470
-0.0000000000000035
-0.0000000000000468
-0.0000000000005901
-0.0000000000008896
0.0000000000000000
0.0000000000000000
0.0000000000000000
0.0000000000000000
-0.0000000000000058
-0.0000000000005564
-0.0000000000006647
-0.0000000000000035
-0.0000000000005552
-0.0000000000000045
-0.0000000000014258
-0.0000000000000029
0.0000000000000000
-0.0000000000000029
0.0000000000000000
-0.0000000000000022
0.0000000000000000
-0.0000000000001739
0.0000000000000000
-0.0000000000005468
-0.0000000000005529
-0.0000000000005648
-0.0000000000002483
-0.0000000000012349
-0.0000000000000038
0.0000000000000000
-0.0000000000006621
-0.0000000000005529
0.0000000000000000
-0.0000000000000061
-0.0000000000000029
-0.0000000000000032
-0.0000000000003473
0.0000000000000000
-0.0000000000000038
-0.0000000000005593
-0.0000000000009754
-0.0000000000006878
-0.0000000000012477
0.0000000000000000
-0.0000000000008633
0.0000000000000000
-0.0000000000008947
-0.0000000000003460
0.0000000000000000
-0.0000000000005910
0.0000000000000000
-0.0000000000005753
-0.0000000000013297
0.0000000000000000
0.0000000000000000
-0.0000000000012548
-0.0000000000000032
-0.0000000000009453
-0.0000000000010985
0.0000000000000000
-0.0000000000005910
-0.0000000000001669
0.0000000000000000
-0.0000000000000029
-0.0000000000010658
0.0000000000000000
-0.0000000000000022
0.0000000000000000
-0.0000000000000673
-0.0000000000002922
-0.0000000000001797
-0.0000000000000490
0.0000000000000000
-0.0000000000001006
-0.0000000000000022
-0.0000000000006346
0.0000000000000000
-0.0000000000012272
-0.0000000000001900
-0.0000000000008486
0.0000000000000000
-0.0000000000000042
-0.0000000000000436
-0.0000000000005603
-0.0000000000003652
0.0000000000000000
-0.0000000000012830
-0.0000000000007198
0.0000000000000000
-0.0000000000000077
-0.0000000000014399
0.0000000000000000
0.0000000000000000
-0.0000000000010991
0.0000000000000000
-0.0000000000005497
-0.0000000000014630
-0.0000000000000086
-0.0000000000008198
0.0000000000000000
-0.0000000000011843
0.0000000000000000
0.0000000000000000
-0.0000000000004780
-0.0000000000002310
0.0000000000000000
0.0000000000000000
-0.0000000000002934
-0.0000000000011151
-0.0000000000010075
0.0000000000000000
-0.0000000000011587
-0.0000000000010305
-0.0000000000000038
-0.0000000000005596
-0.0000000000000074
0.0000000000000000
0.0000000000000000
-0.0000000000013893
-0.0000000000005683
-0.0000000000002857
-0.0000000000000093
-0.0000000000001762
0.0000000000000000
0.0000000000000000
0.0000000000000000
-0.0000000000011298
-0.0000000000010607
0.0000000000000000
-0.0000000000005692
0.0000000000000000
-0.0000000000000048
-0.0000000000005760
0.0000000000000000
0.0000000000000000
-0.0000000000012516
-0.0000000000000054
-0.0000000000004017
0.0000000000000000
0.0000000000000000
-0.0000000000015489
-0.0000000000000029
0.0000000000000000
0.0000000000000000
0.0000000000000000
0.0000000000000000
0.0000000000000000
-0.0000000000013893
-0.0000000000005532
0.0000000000000000
-0.0000000000007224
-0.0000000000014053
0.0000000000000000
0.0000000000000000
-0.0000000000000016
0.0000000000000000
0.0000000000000000
0.0000000000000000
-0.0000000000005487
-0.0000000000005619
0.0000000000000000
-0.0000000000000058
-0.0000000000003066
0.0000000000000000
-0.0000000000005869
-0.0000000000005539
-0.0000000000000042
-0.0000000000003380
-0.0000000000005910
0.0000000000000000
-0.0000000000004357
-0.0000000000004696
0.0000000000000000
0.0000000000000000
-0.0000000000010831
-0.0000000000000013
-0.0000000000011395
-0.0000000000014271
-0.0000000000013246
-0.0000000000000038
0.0000000000000000
-0.0000000000005712
0.0000000000000000
-0.0000000000000035
0.0000000000000000
-0.0000000000002451
0.0000000000000000
0.0000000000000000
0.0000000000000000
-0.0000000000003456
-0.0000000000015578
0.0000000000000000
-0.0000000000000042
0.0000000000000000
-0.0000000000015489
-0.0000000000005664
-0.0000000000000032
0.0000000000000000
-0.0000000000006128
0.0000000000000000
0.0000000000000000
-0.0000000000005129
0.0000000000000000
0.0000000000000000
-0.0000000000004812
-0.0000000000000042
0.0000000000000000
-0.0000000000000042
0.0000000000000000
-0.0000000000004578
-0.0000000000005808
-0.0000000000005574
-0.0000000000007435
-0.0000000000000019
0.0000000000000000
-0.0000000000011907
-0.0000000000005491
0.0000000000000000
0.0000000000000000
0.0000000000000000
-0.0000000000000038
-0.0000000000008620
0.0000000000000000
-0.0000000000015630
-0.0000000000000042
-0.0000000000009806
0.0000000000000000
0.0000000000000000
0.0000000000000000
0.0000000000000000
-0.0000000000005712
0.0000000000000000
0.0000000000000000
-0.0000000000000048
-0.0000000000007032
0.0000000000000000
0.0000000000000000
-0.0000000000000070
-0.0000000000000070
0.0000000000000000
-0.0000000000008781
0.0000000000000000
0.0000000000000000
-0.0000000000001393
0.0000000000000000
0.0000000000000000
0.0000000000000000
0.0000000000000000
0.0000000000000000
0.0000000000000000
0.0000000000000000
0.0000000000000000
-0.0000000000007269
-0.0000000000005910
-0.0000000000006833
-0.0000000000001172
-0.0000000000007679
-0.0000000000005564
-0.0000000000013695
-0.0000000000001188
-0.0000000000000042
-0.0000000000007935
0.0000000000000000
-0.0000000000002790
-0.0000000000007608
-0.0000000000013592
-0.0000000000015572
0.0000000000000000
0.0000000000000000
-0.0000000000001906
-0.0000000000015578
-0.0000000000000070
-0.0000000000011536
-0.0000000000012029
0.0000000000000000
-0.0000000000012945
-0.0000000000000343
-0.0000000000002797
0.0000000000000000
0.0000000000000000
-0.0000000000013868
0.0000000000000000
0.0000000000000000
0.0000000000000000
0.0000000000000000
-0.0000000000000029
0.0000000000000000
-0.0000000000008460
-0.0000000000000019
0.0000000000000000
0.0000000000000000
0.0000000000000000
0.0000000000000000
0.0000000000000000
-0.0000000000000022
-0.0000000000004040
0.0000000000000000
0.0000000000000000
-0.0000000000014355
0.0000000000000000
-0.0000000000012932
0.0000000000000000
0.0000000000000000
-0.0000000000014316
-0.0000000000000038
0.0000000000000000
-0.0000000000013297
0.0000000000000000
0.0000000000000000
0.0000000000000000
-0.0000000000014604
-0.0000000000014758
-0.0000000000000070
-0.0000000000014130
0.0000000000000000
-0.0000000000015143
-0.0000000000006692
0.0000000000000000
0.0000000000000000
-0.0000000000000035
0.0000000000000000
-0.0000000000000125
0.0000000000000000
0.0000000000000000
-0.0000000000000029
0.0000000000000000
0.0000000000000000
0.0000000000000000
0.0000000000000000
0.0000000000000000
-0.0000000000005910
-0.0000000000012343
0.0000000000000000
0.0000000000000000
0.0000000000000000
0.0000000000000000
0.0000000000000000
0.0000000000000000
0.0000000000000000
0.0000000000000000
-0.0000000000009703
-0.0000000000000019
-0.0000000000000038
-0.0000000000000038
-0.0000000000011331
0.0000000000000000
0.0000000000000000
-0.0000000000000032
-0.0000000000013733
-0.0000000000006769
-0.0000000000014848
0.0000000000000000
-0.0000000000009024
-0.0000000000001518
0.0000000000000000
0.0000000000000000
-0.0000000000005910
-0.0000000000012945
-0.0000000000001823
-0.0000000000000074
0.0000000000000000
0.0000000000000000
-0.0000000000000750
0.0000000000000000
-0.0000000000008857
0.0000000000000000
-0.0000000000003809
0.0000000000000000
-0.0000000000000042
0.0000000000000000
-0.0000000000004373
0.0000000000000000
0.0000000000000000
-0.0000000000000384
0.0000000000000000
-0.0000000000000474
-0.0000000000000067
-0.0000000000004863
-0.0000000000004725
0.0000000000000000
0.0000000000000000
-0.0000000000006634
0.0000000000000000
-0.0000000000005577
0.0000000000000000
0.0000000000000000
0.0000000000000000
0.0000000000000000
0.0000000000000000
0.0000000000000000
-0.0000000000000026
0.0000000000000000
-0.0000000000000022
0.0000000000000000
0.0000000000000000
-0.0000000000000359
0.0000000000000000
0.0000000000000000
-0.0000000000008447
-0.0000000000000019
-0.0000000000004196
-0.0000000000010331
0.0000000000000000
0.0000000000000000
-0.0000000000000051
-0.0000000000015610
-0.0000000000005833
0.0000000000000000
0.0000000000000000
-0.0000000000010209
0.0000000000000000
0.0000000000000000
0.0000000000000000
0.0000000000000000
0.0000000000000000
-0.0000000000009075
0.0000000000000000
0.0000000000000000
0.0000000000000000
0.0000000000000000
-0.0000000000000189
0.0000000000000000
0.0000000000000000
0.0000000000000000
0.0000000000000000
0.0000000000000000
0.0000000000000000
0.0000000000000000
-0.0000000000015181
0.0000000000000000
0.0000000000000000
0.0000000000000000
0.0000000000000000
-0.0000000000015316
0.0000000000000000
0.0000000000000000
-0.0000000000000022
-0.0000000000005564
0.0000000000000000
0.0000000000000000
0.0000000000000000
0.0000000000000000
0.0000000000000000
0.0000000000000000
0.0000000000000000
-0.0000000000000042
-0.0000000000001586
0.0000000000000000
-0.0000000000006897
-0.0000000000001150
-0.0000000000005910
0.0000000000000000
-0.0000000000009075
0.0000000000000000
-0.0000000000001140
0.0000000000000000
0.0000000000000000
0.0000000000000000
-0.0000000000014912
-0.0000000000002297
0.0000000000000000
0.0000000000000000
0.0000000000000000
-0.0000000000007012
0.0000000000000000
0.0000000000000000
0.0000000000000000
0.0000000000000000
-0.0000000000000029
-0.0000000000011074
0.0000000000000000
-0.0000000000001861
0.0000000000000000
0.0000000000000000
-0.0000000000008890
-0.0000000000014733
0.0000000000000000
-0.0000000000014406
-0.0000000000004523
0.0000000000000000
0.0000000000000000
-0.0000000000000035
-0.0000000000000026
0.0000000000000000
0.0000000000000000
-0.0000000000000051
-0.0000000000012452
-0.0000000000007205
0.0000000000000000
0.0000000000000000
0.0000000000000000
0.0000000000000000
-0.0000000000000051
0.0000000000000000
0.0000000000000000
0.0000000000000000
0.0000000000000000
0.0000000000000000
-0.0000000000000022
0.0000000000000000
0.0000000000000000
0.0000000000000000
0.0000000000000000
0.0000000000000000
0.0000000000000000
0.0000000000000000
0.0000000000000000
0.0000000000000000
0.0000000000000000
-0.0000000000000702
0.0000000000000000
0.0000000000000000
0.0000000000000000
0.0000000000000000
0.0000000000000000
0.0000000000000000
0.0000000000000000
0.0000000000000000
0.0000000000000000
0.0000000000000000
0.0000000000000000
-0.0000000000011644
0.0000000000000000
0.0000000000000000
0.0000000000000000
0.0000000000000000
0.0000000000000000
-0.0000000000000026
0.0000000000000000
0.0000000000000000
0.0000000000000000
0.0000000000000000
0.0000000000000000
0.0000000000000000
0.0000000000000000
0.0000000000000000
0.0000000000000000
0.0000000000000000
-0.0000000000004325
0.0000000000000000
0.0000000000000000
0.0000000000000000
0.0000000000000000
0.0000000000000000
0.0000000000000000
0.0000000000000000
0.0000000000000000
0.0000000000000000
0.0000000000000000
0.0000000000000000
-0.0000000000000029
-0.0000000000000029
0.0000000000000000
0.0000000000000000
0.0000000000000000
-0.0000000000000051
0.0000000000000000
-0.0000000000002729
0.0000000000000000
0.0000000000000000
0.0000000000000000
0.0000000000000000
0.0000000000000000
0.0000000000000000
0.0000000000000000
0.0000000000000000
0.0000000000000000
0.0000000000000000
0.0000000000000000
0.0000000000000000
0.0000000000000000
0.0000000000000000
0.0000000000000000
0.0000000000000000
0.0000000000000000
0.0000000000000000
-0.0000000000008005
0.0000000000000000
0.0000000000000000
0.0000000000000000
0.0000000000000000
0.0000000000000000
0.0000000000000000
0.0000000000000000
0.0000000000000000
0.0000000000000000
0.0000000000000000
0.0000000000000000
0.0000000000000000
0.0000000000000000
0.0000000000000000
0.0000000000000000
0.0000000000000000
0.0000000000000000
0.0000000000000000
0.0000000000000000
0.0000000000000000
0.0000000000000000
0.0000000000000000
0.0000000000000000
0.0000000000000000
-0.0000000000011580
0.0000000000000000
0.0000000000000000
0.0000000000000000
-0.0000000000004491
0.0000000000000000
0.0000000000000000
0.0000000000000000
0.0000000000000000
0.0000000000000000
0.0000000000000000
0.0000000000000000
0.0000000000000000
0.0000000000000000
-0.0000000000012349
0.0000000000000000
0.0000000000000000
0.0000000000000000
0.0000000000000000
0.0000000000000000
-0.0000000000000038
0.0000000000000000
-0.0000000000000038
0.0000000000000000
0.0000000000000000
0.0000000000000000
0.0000000000000000
0.0000000000000000
-0.0000000000010953
0.0000000000000000
0.0000000000000000
0.0000000000000000
0.0000000000000000
0.0000000000000000
-0.0000000000000317
0.0000000000000000
0.0000000000000000
0.0000000000000000
0.0000000000000000
0.0000000000000000
0.0000000000000000
0.0000000000000000
0.0000000000000000
0.0000000000000000
0.0000000000000000
0.0000000000000000
0.0000000000000000
0.0000000000000000
0.0000000000000000
0.0000000000000000
0.0000000000000000
0.0000000000000000
0.0000000000000000
0.0000000000000000
0.0000000000000000
-0.0000000000000032
0.0000000000000000
0.0000000000000000
0.0000000000000000
0.0000000000000000
0.0000000000000000
0.0000000000000000
0.0000000000000000
0.0000000000000000
0.0000000000000000
0.0000000000000000
0.0000000000000000
0.0000000000000000
0.0000000000000000
0.0000000000000000
0.0000000000000000
0.0000000000000000
0.0000000000000000
0.0000000000000000
0.0000000000000000
0.0000000000000000
0.0000000000000000
0.0000000000000000
0.0000000000000000
0.0000000000000000
0.0000000000000000
0.0000000000000000
0.0000000000000000
-0.0000000000003546
0.0000000000000000
0.0000000000000000
0.0000000000000000
0.0000000000000000
0.0000000000000000
0.0000000000000000
0.0000000000000000
0.0000000000000000
0.0000000000000000
0.0000000000000000
0.0000000000000000
0.0000000000000000
0.0000000000000000
0.0000000000000000
0.0000000000000000
0.0000000000000000
0.0000000000000000
0.0000000000000000
0.0000000000000000
0.0000000000000000
0.0000000000000000
0.0000000000000000
0.0000000000000000
0.0000000000000000
-0.0000000000000022
0.0000000000000000
0.0000000000000000
0.0000000000000000
0.0000000000000000
0.0000000000000000
0.0000000000000000
0.0000000000000000
0.0000000000000000
0.0000000000000000
0.0000000000000000
0.0000000000000000
0.0000000000000000
0.0000000000000000
0.0000000000000000
